id,original_path,standardized_path,label,ml_class,extension,source,speaker,environment,duration_sec,sample_rate,channels,bit_depth,file_size_bytes,sha256,quality_status
TRN_000001,AUDIO-CLIPS/noise_sounds/ac/WhatsApp Audio 2026-08-31 at 7.39.24 PM (2).mp4,standardized/background/ac/background_ac_000001.wav,background,BACKGROUND,.mp4,natural,unknown,ac,2.2827,16000,1,16,73090,e770b5d07eec71b5b542a691d15a0a0f3a80b8353b6ecaed05300bf875db5049,OK
TRN_000002,AUDIO-CLIPS/noise_sounds/ac/ac_01.wav,standardized/background/ac/background_ac_000002.wav,background,BACKGROUND,.wav,natural,unknown,ac,1.5,16000,1,16,48044,593d67206f0405024dfd2b52885cece4eda47a6bdbfc8b5f9a6ec6b18d20dcac,OK
TRN_000003,AUDIO-CLIPS/noise_sounds/ac/ac_02.wav,standardized/background/ac/background_ac_000003.wav,background,BACKGROUND,.wav,natural,unknown,ac,1.5,16000,1,16,48044,1f0ec853e8177211ebcade4985780a2e797022d911628884d57a0fa1ec9ef4cb,OK
TRN_000004,AUDIO-CLIPS/noise_sounds/ac/ac_03.wav,standardized/background/ac/background_ac_000004.wav,background,BACKGROUND,.wav,natural,unknown,ac,1.5,16000,1,16,48044,b62a8a6b76123d74cdc9544e1f767ebd3fa48c7e25db3379445a3f31478f882a,OK
TRN_000005,AUDIO-CLIPS/noise_sounds/ac/ac_04.wav,standardized/background/ac/background_ac_000005.wav,background,BACKGROUND,.wav,natural,unknown,ac,1.5,16000,1,16,48044,dff17c021f10c3ec69fa57c66352e37c2d778b887fabfcc48bc03d676f231f8a,OK
TRN_000006,AUDIO-CLIPS/noise_sounds/ac/ac_05.wav,standardized/background/ac/background_ac_000006.wav,background,BACKGROUND,.wav,natural,unknown,ac,1.5,16000,1,16,48044,e3299d13b3fa5cb1595720d3f4223ce4666867f04714f1a353b8505601f68639,OK
TRN_000007,AUDIO-CLIPS/noise_sounds/ac/ac_06.wav,standardized/background/ac/background_ac_000007.wav,background,BACKGROUND,.wav,natural,unknown,ac,1.5,16000,1,16,48044,59373be2b17ba60a7fea654c7bde1d0d9fb1ebb5e355efbe116f01a98440cc89,OK
TRN_000008,AUDIO-CLIPS/noise_sounds/ac/ac_07.wav,standardized/background/ac/background_ac_000008.wav,background,BACKGROUND,.wav,natural,unknown,ac,1.5,16000,1,16,48044,61bcd650833062e966954e70be6b37ea3d7f81d91198738433d7bcfce2674fac,OK
TRN_000009,AUDIO-CLIPS/noise_sounds/ac/ac_08.wav,standardized/background/ac/background_ac_000009.wav,background,BACKGROUND,.wav,natural,unknown,ac,1.5,16000,1,16,48044,5b4551706f8ac0716ff92f12cb77fcbf725e5f1d91fc2ffec65156eabb91950c,OK
TRN_000010,AUDIO-CLIPS/noise_sounds/ac/ac_09.wav,standardized/background/ac/background_ac_000010.wav,background,BACKGROUND,.wav,natural,unknown,ac,1.5,16000,1,16,48044,95b52db4b76f64ef82b04173775021aeb9dbae45d962c2b705c363f5b2d2d41b,OK
TRN_000011,AUDIO-CLIPS/noise_sounds/ac/ac_10.wav,standardized/background/ac/background_ac_000011.wav,background,BACKGROUND,.wav,natural,unknown,ac,1.5,16000,1,16,48044,7593c405395fbaaae9fe20337ce1788fdf2a60c532ba1756cd5202b94edc76d7,OK
TRN_000012,AUDIO-CLIPS/noise_sounds/ac/ac_11.wav,standardized/background/ac/background_ac_000012.wav,background,BACKGROUND,.wav,natural,unknown,ac,1.5,16000,1,16,48044,fd1db7612a8eee849f40eaf3da324a40bd0cf3bb6ecf4036ab355c7287192232,OK
TRN_000013,AUDIO-CLIPS/noise_sounds/ac/ac_12.wav,standardized/background/ac/background_ac_000013.wav,background,BACKGROUND,.wav,natural,unknown,ac,1.5,16000,1,16,48044,5ef1a5ce2e1590bd41c4d6978161fd0b23e03eeba8d14ccf40332d5ef90372da,OK
TRN_000014,AUDIO-CLIPS/noise_sounds/ac/ac_13.wav,standardized/background/ac/background_ac_000014.wav,background,BACKGROUND,.wav,natural,unknown,ac,1.5,16000,1,16,48044,23a2abd6eec484ab8b6238664cd253635635d7fae4f432a3b7752749fdf7cee9,OK
TRN_000015,AUDIO-CLIPS/noise_sounds/ac/ac_14.wav,standardized/background/ac/background_ac_000015.wav,background,BACKGROUND,.wav,natural,unknown,ac,1.5,16000,1,16,48044,2ce0e9870f6f05677f8601900a62d1fd423929a60b34de3c85c53713b77c5081,OK
TRN_000016,AUDIO-CLIPS/noise_sounds/ac/ac_15.wav,standardized/background/ac/background_ac_000016.wav,background,BACKGROUND,.wav,natural,unknown,ac,1.5,16000,1,16,48044,930077d3252552f9274f8f104c0b98aad336c44311a9fb6499d098647b1e5516,OK
TRN_000017,AUDIO-CLIPS/noise_sounds/ac/ac_16.wav,standardized/background/ac/background_ac_000017.wav,background,BACKGROUND,.wav,natural,unknown,ac,1.5,16000,1,16,48044,f97d5faf6afc269818b61e48973c7b5fe35636822de96af0a8454ac0962afdaa,OK
TRN_000018,AUDIO-CLIPS/noise_sounds/ac/ac_17.wav,standardized/background/ac/background_ac_000018.wav,background,BACKGROUND,.wav,natural,unknown,ac,1.5,16000,1,16,48044,149d444fab17c47eeb180b9d031057448c0b265f86bd2434de15119b7a084710,OK
TRN_000019,AUDIO-CLIPS/noise_sounds/ac/ac_18.wav,standardized/background/ac/background_ac_000019.wav,background,BACKGROUND,.wav,natural,unknown,ac,1.5,16000,1,16,48044,8dad709913b74f3981e70a56bcece766b3ee78e824d25793838bc1e7b5b0dd5e,OK
TRN_000020,AUDIO-CLIPS/noise_sounds/ac/ac_19.wav,standardized/background/ac/background_ac_000020.wav,background,BACKGROUND,.wav,natural,unknown,ac,1.5,16000,1,16,48044,0a031f8d0f1dffd05d51e3144db7025ca558332cd4719a7523312d50e35ae2c9,OK
TRN_000021,AUDIO-CLIPS/noise_sounds/ac/ac_20.wav,standardized/background/ac/background_ac_000021.wav,background,BACKGROUND,.wav,natural,unknown,ac,1.5,16000,1,16,48044,5bf7cec943da63fd82bb792fd3f29207b6da5a9765ccffcdb60594bcc739f04d,OK
TRN_000022,AUDIO-CLIPS/noise_sounds/fan/WhatsApp Audio 2026-08-31 at 7.39.24 PM (1).mp4,standardized/background/fan/background_fan_000001.wav,background,BACKGROUND,.mp4,natural,unknown,fan,2.56,16000,1,16,81964,5a3dc7622cc36e6d5c5a7a9a402b60bcc0dee10099dc1191159a22333da6a83e,OK
TRN_000023,AUDIO-CLIPS/noise_sounds/fan/WhatsApp Audio 2026-08-31 at 7.39.25 PM (3).mp4,standardized/background/fan/background_fan_000002.wav,background,BACKGROUND,.mp4,natural,unknown,fan,2.7307,16000,1,16,87426,a3cbfedb4a3c28bc97cbce14727074aa5af253f9659f356ad6dff60d364ab7cb,OK
TRN_000024,AUDIO-CLIPS/noise_sounds/fan/fan_01.wav,standardized/background/fan/background_fan_000003.wav,background,BACKGROUND,.wav,natural,unknown,fan,1.5,16000,1,16,48044,cde7b18008972ecf8fdc5a68a119223e841cc6c5729604a791f98e16c5dddb24,OK
TRN_000025,AUDIO-CLIPS/noise_sounds/fan/fan_02.wav,standardized/background/fan/background_fan_000004.wav,background,BACKGROUND,.wav,natural,unknown,fan,1.5,16000,1,16,48044,49b8348bdb55fe7c001fe028a642631677888534f8a3b1a72647ab0654e4f8a6,OK
TRN_000026,AUDIO-CLIPS/noise_sounds/fan/fan_03.wav,standardized/background/fan/background_fan_000005.wav,background,BACKGROUND,.wav,natural,unknown,fan,1.5,16000,1,16,48044,48ebbf1050207019fd920b979b1dbdaf9d5933afa552ec53bf3661a17d5e6375,OK
TRN_000027,AUDIO-CLIPS/noise_sounds/fan/fan_04.wav,standardized/background/fan/background_fan_000006.wav,background,BACKGROUND,.wav,natural,unknown,fan,1.5,16000,1,16,48044,bb1a36f0836402a60ff104f612f5b8cde7481066905a53cd6bd0ab7c6ef1b2fb,OK
TRN_000028,AUDIO-CLIPS/noise_sounds/fan/fan_05.wav,standardized/background/fan/background_fan_000007.wav,background,BACKGROUND,.wav,natural,unknown,fan,1.5,16000,1,16,48044,4d549d3c81ed119a06be0a356820236439169b0417cb31d115072488eb125e7d,OK
TRN_000029,AUDIO-CLIPS/noise_sounds/fan/fan_06.wav,standardized/background/fan/background_fan_000008.wav,background,BACKGROUND,.wav,natural,unknown,fan,1.5,16000,1,16,48044,61361bb630dcc5f1e3c38ca9445974bf0ad30e4a79cb9c2ac773bd0264d650bb,OK
TRN_000030,AUDIO-CLIPS/noise_sounds/fan/fan_07.wav,standardized/background/fan/background_fan_000009.wav,background,BACKGROUND,.wav,natural,unknown,fan,1.5,16000,1,16,48044,db97d9cddfc3756b05ba589610108c7104262f37474b718582da72f5eae14123,OK
TRN_000031,AUDIO-CLIPS/noise_sounds/fan/fan_08.wav,standardized/background/fan/background_fan_000010.wav,background,BACKGROUND,.wav,natural,unknown,fan,1.5,16000,1,16,48044,94c07c1ab4b3ed0c8b472690dd31a22bfac30f06db3e3c1ddae6b6f0355d40f8,OK
TRN_000032,AUDIO-CLIPS/noise_sounds/fan/fan_09.wav,standardized/background/fan/background_fan_000011.wav,background,BACKGROUND,.wav,natural,unknown,fan,1.5,16000,1,16,48044,1047d5de375f768d55610d37b4c5901e3f526c7df75d9d4127b6a154a51c048e,OK
TRN_000033,AUDIO-CLIPS/noise_sounds/fan/fan_10.wav,standardized/background/fan/background_fan_000012.wav,background,BACKGROUND,.wav,natural,unknown,fan,1.5,16000,1,16,48044,7d57e880b92e17d98dd0e629ba15bb948e8bcd0e25b7f629880cb6064ee489df,OK
TRN_000034,AUDIO-CLIPS/noise_sounds/fan/fan_11.wav,standardized/background/fan/background_fan_000013.wav,background,BACKGROUND,.wav,natural,unknown,fan,1.5,16000,1,16,48044,b64df02465346a7f6607f38e88a3836b28641710bcea9a8c58a1ce2105e49443,OK
TRN_000035,AUDIO-CLIPS/noise_sounds/fan/fan_12.wav,standardized/background/fan/background_fan_000014.wav,background,BACKGROUND,.wav,natural,unknown,fan,1.5,16000,1,16,48044,673875ea0e6130556d4222acf7943330d913484836007b16c96c4c4fa9dfea26,OK
TRN_000036,AUDIO-CLIPS/noise_sounds/fan/fan_13.wav,standardized/background/fan/background_fan_000015.wav,background,BACKGROUND,.wav,natural,unknown,fan,1.5,16000,1,16,48044,e77e31f27f67963bbcb3c6890518bead3c8a0d393b55fa0bee76e4203cc13504,OK
TRN_000037,AUDIO-CLIPS/noise_sounds/fan/fan_14.wav,standardized/background/fan/background_fan_000016.wav,background,BACKGROUND,.wav,natural,unknown,fan,1.5,16000,1,16,48044,c604a0668b195fb3ff390e4ba655d9fe35f317bd68882b1b25b98fa4a3de7149,OK
TRN_000038,AUDIO-CLIPS/noise_sounds/fan/fan_15.wav,standardized/background/fan/background_fan_000017.wav,background,BACKGROUND,.wav,natural,unknown,fan,1.5,16000,1,16,48044,60cba20daa89fa2b8e72184fce1bf837d39feb78bb3c76dd998bf16e63f65e92,OK
TRN_000039,AUDIO-CLIPS/noise_sounds/fan/fan_16.wav,standardized/background/fan/background_fan_000018.wav,background,BACKGROUND,.wav,natural,unknown,fan,1.5,16000,1,16,48044,9c37c15ebee0180881c8d8c8cfcaf78aef17c5078f0f49117a7bce732effb8ca,OK
TRN_000040,AUDIO-CLIPS/noise_sounds/fan/fan_17.wav,standardized/background/fan/background_fan_000019.wav,background,BACKGROUND,.wav,natural,unknown,fan,1.5,16000,1,16,48044,817d68db177c613dc732484e3f2273fb58a3151957c622a946feb7b5872d4467,OK
TRN_000041,AUDIO-CLIPS/noise_sounds/fan/fan_18.wav,standardized/background/fan/background_fan_000020.wav,background,BACKGROUND,.wav,natural,unknown,fan,1.5,16000,1,16,48044,bb28a4be5da9469d5dc9bb98cdcefe0a6e300bd1fe1b9da6f55fb0812b0a47df,OK
TRN_000042,AUDIO-CLIPS/noise_sounds/fan/fan_19.wav,standardized/background/fan/background_fan_000021.wav,background,BACKGROUND,.wav,natural,unknown,fan,1.5,16000,1,16,48044,1a29a1d609e258ee2583541118173f7f6eb2e0f7f2f03bed056631809eb6206e,OK
TRN_000043,AUDIO-CLIPS/noise_sounds/fan/fan_20.wav,standardized/background/fan/background_fan_000022.wav,background,BACKGROUND,.wav,natural,unknown,fan,1.5,16000,1,16,48044,add9b2f499de35ea2370ce725232bad4fefde3096e34627761cdba3617e2bf1e,OK
TRN_000044,AUDIO-CLIPS/noise_sounds/music/WhatsApp Audio 2026-08-31 at 7.39.21 PM.mp4,standardized/background/music/background_music_000001.wav,background,BACKGROUND,.mp4,natural,unknown,music,1.9627,16000,1,16,62850,5489d370881a84fa1ac71510b2ad416c21d2d0c0b5684392e733c2dfd7572a2d,OK
TRN_000045,AUDIO-CLIPS/noise_sounds/music/WhatsApp Audio 2026-08-31 at 7.39.22 PM (1).mp4,standardized/background/music/background_music_000002.wav,background,BACKGROUND,.mp4,natural,unknown,music,1.6214,16000,1,16,51928,fe39b8c6cea20ee73bac1b9410be68216a47fbcfbbc7bd2f073e558cba0377aa,OK
TRN_000046,AUDIO-CLIPS/noise_sounds/music/WhatsApp Audio 2026-08-31 at 7.39.22 PM (2).mp4,standardized/background/music/background_music_000003.wav,background,BACKGROUND,.mp4,natural,unknown,music,4.2454,16000,1,16,135896,388268f72d001b606f463a94ce307430eb62245ac8d3578eca4a996db3f9ad25,OK
TRN_000047,AUDIO-CLIPS/noise_sounds/music/WhatsApp Audio 2026-08-31 at 7.39.23 PM (1).mp4,standardized/background/music/background_music_000004.wav,background,BACKGROUND,.mp4,natural,unknown,music,1.408,16000,1,16,45100,c7aae630acbaabc664f436bf5a69443e31ad86cccf959387678dee45fa614873,OK
TRN_000048,AUDIO-CLIPS/noise_sounds/music/WhatsApp Audio 2026-08-31 at 7.39.24 PM.mp4,standardized/background/music/background_music_000005.wav,background,BACKGROUND,.mp4,natural,unknown,music,2.944,16000,1,16,94252,3b9258eaec4b62e020e63231a06129708b8ea79f256d77c43d50f4451226d248,OK
TRN_000049,AUDIO-CLIPS/noise_sounds/music/music_01.wav,standardized/background/music/background_music_000006.wav,background,BACKGROUND,.wav,natural,unknown,music,1.5,16000,1,16,48044,4fdc99022ea849f418b085dbf11a233b477d8d44a3cd8ce85eeaeda55812ee6c,OK
TRN_000050,AUDIO-CLIPS/noise_sounds/music/music_02.wav,standardized/background/music/background_music_000007.wav,background,BACKGROUND,.wav,natural,unknown,music,1.5,16000,1,16,48044,e44e6327bad08e8c15075174e33537358ddfd819a694ccdae60b30fd2d1bbadf,OK
TRN_000051,AUDIO-CLIPS/noise_sounds/music/music_03.wav,standardized/background/music/background_music_000008.wav,background,BACKGROUND,.wav,natural,unknown,music,1.5,16000,1,16,48044,c5aea5259741e879d18c0f676fc685ebc4ed0693ee8d081a2070fc9084479203,OK
TRN_000052,AUDIO-CLIPS/noise_sounds/music/music_04.wav,standardized/background/music/background_music_000009.wav,background,BACKGROUND,.wav,natural,unknown,music,1.5,16000,1,16,48044,b5b0d43b7993c661678a7bcdb5ef080bcbad5aeb213bc05ec6a46b141a6f901c,OK
TRN_000053,AUDIO-CLIPS/noise_sounds/music/music_05.wav,standardized/background/music/background_music_000010.wav,background,BACKGROUND,.wav,natural,unknown,music,1.5,16000,1,16,48044,d9843f8189859ca6f33baaa65b912a1ee9b52bdf4ab10feed22ccf28ec7e866a,OK
TRN_000054,AUDIO-CLIPS/noise_sounds/music/music_06.wav,standardized/background/music/background_music_000011.wav,background,BACKGROUND,.wav,natural,unknown,music,1.5,16000,1,16,48044,bf0f9852ef17520f720b64897221d00a9afea2b087f99de8812e117163c068dd,OK
TRN_000055,AUDIO-CLIPS/noise_sounds/music/music_07.wav,standardized/background/music/background_music_000012.wav,background,BACKGROUND,.wav,natural,unknown,music,1.5,16000,1,16,48044,3ae8245fff110ff88f462c339dfe6debfff5fcb37f19253a9b52c382b09eb116,OK
TRN_000056,AUDIO-CLIPS/noise_sounds/music/music_08.wav,standardized/background/music/background_music_000013.wav,background,BACKGROUND,.wav,natural,unknown,music,1.5,16000,1,16,48044,1a1ba7853ffd6e70558ce7610c580620f8ed20bb847710c26ef212e93003707c,OK
TRN_000057,AUDIO-CLIPS/noise_sounds/music/music_09.wav,standardized/background/music/background_music_000014.wav,background,BACKGROUND,.wav,natural,unknown,music,1.5,16000,1,16,48044,fd0224bda52fedfa424a51373957cef6cf47aec065560682a17b494296f757f5,OK
TRN_000058,AUDIO-CLIPS/noise_sounds/music/music_10.wav,standardized/background/music/background_music_000015.wav,background,BACKGROUND,.wav,natural,unknown,music,1.5,16000,1,16,48044,d1320dfd6b69e9c31c0ddded5296b7f264872555f7a8449cc02cea6dac96d9e1,OK
TRN_000059,AUDIO-CLIPS/noise_sounds/music/music_11.wav,standardized/background/music/background_music_000016.wav,background,BACKGROUND,.wav,natural,unknown,music,1.5,16000,1,16,48044,58d78225302544ce144de74c85596a3b2ac7ee0961bd2bdfe41e91e765e6f355,OK
TRN_000060,AUDIO-CLIPS/noise_sounds/music/music_12.wav,standardized/background/music/background_music_000017.wav,background,BACKGROUND,.wav,natural,unknown,music,1.5,16000,1,16,48044,a4e03713fe03eab26a828239b3f4f3d8ba8dd4f03cddf5ba34f375e1ee5e0dbb,OK
TRN_000061,AUDIO-CLIPS/noise_sounds/music/music_13.wav,standardized/background/music/background_music_000018.wav,background,BACKGROUND,.wav,natural,unknown,music,1.5,16000,1,16,48044,e6c7d42e6910909516ffb485dd2f6b406b7ef6bc99c8b8b8105bb9666ff458bd,OK
TRN_000062,AUDIO-CLIPS/noise_sounds/music/music_14.wav,standardized/background/music/background_music_000019.wav,background,BACKGROUND,.wav,natural,unknown,music,1.5,16000,1,16,48044,1957e9bf83a11d6375599ebcfe1dfae53f33c3a8b045d96f61883be468c14b03,OK
TRN_000063,AUDIO-CLIPS/noise_sounds/music/music_15.wav,standardized/background/music/background_music_000020.wav,background,BACKGROUND,.wav,natural,unknown,music,1.5,16000,1,16,48044,1661fed6a7653864726d750d693fe89830dd67d3724610bb2bec1c81975cd016,OK
TRN_000064,AUDIO-CLIPS/noise_sounds/music/music_16.wav,standardized/background/music/background_music_000021.wav,background,BACKGROUND,.wav,natural,unknown,music,1.5,16000,1,16,48044,c6fd400d3f5ccf56270d437c46f56a99f7d1de63c8c40e73699751da067c493f,OK
TRN_000065,AUDIO-CLIPS/noise_sounds/music/music_17.wav,standardized/background/music/background_music_000022.wav,background,BACKGROUND,.wav,natural,unknown,music,1.5,16000,1,16,48044,456745ee1c77fe6b7665167e77ea59aa1f05ecaa533c4839c2208ea7b2808c3f,OK
TRN_000066,AUDIO-CLIPS/noise_sounds/music/music_18.wav,standardized/background/music/background_music_000023.wav,background,BACKGROUND,.wav,natural,unknown,music,1.5,16000,1,16,48044,646a9d3561e01d6c7e736576a8a8d6a087e53ae97da5686974ec3f5b83718e8a,OK
TRN_000067,AUDIO-CLIPS/noise_sounds/music/music_19.wav,standardized/background/music/background_music_000024.wav,background,BACKGROUND,.wav,natural,unknown,music,1.5,16000,1,16,48044,828f390067148d4dd27e6309dbadcea422722b688a0b8baf20081eac3968c048,OK
TRN_000068,AUDIO-CLIPS/noise_sounds/music/music_20.wav,standardized/background/music/background_music_000025.wav,background,BACKGROUND,.wav,natural,unknown,music,1.5,16000,1,16,48044,cd89b4ccc54c98aaed255e185d1f205d0d1b5e7ba49495495d465548618fafc8,OK
TRN_000069,AUDIO-CLIPS/noise_sounds/people_talking/WhatsApp Audio 2026-08-31 at 7.39.26 PM (1).mp4,standardized/background/people_talking/background_people_talking_000001.wav,background,BACKGROUND,.mp4,natural,unknown,people_talking,2.7734,16000,1,16,88792,d38e6d813b37e196a1d9be828b928d1058288840eb6209f155771ff9f5bd8d4f,OK
TRN_000070,AUDIO-CLIPS/noise_sounds/people_talking/people_talking_01.wav,standardized/background/people_talking/background_people_talking_000002.wav,background,BACKGROUND,.wav,natural,unknown,people_talking,1.5,16000,1,16,48044,df2fcd9adb0dc50ba88498655b52a3907ded78f76b08eec42d69501aac4ab7d6,OK
TRN_000071,AUDIO-CLIPS/noise_sounds/people_talking/people_talking_02.wav,standardized/background/people_talking/background_people_talking_000003.wav,background,BACKGROUND,.wav,natural,unknown,people_talking,1.5,16000,1,16,48044,da31040566c188515e37026badce7d7efd559ce7c12a3cc52d8cb09f91d0cfe9,OK
TRN_000072,AUDIO-CLIPS/noise_sounds/people_talking/people_talking_03.wav,standardized/background/people_talking/background_people_talking_000004.wav,background,BACKGROUND,.wav,natural,unknown,people_talking,1.5,16000,1,16,48044,8e6130b356f59c28810f68283bef9071827059b28882022e5cdc54f192df5b41,OK
TRN_000073,AUDIO-CLIPS/noise_sounds/people_talking/people_talking_04.wav,standardized/background/people_talking/background_people_talking_000005.wav,background,BACKGROUND,.wav,natural,unknown,people_talking,1.5,16000,1,16,48044,71b20fefd039399a63e936587b67fb5bb834a83c178d77724158cd670f9f3a3a,OK
TRN_000074,AUDIO-CLIPS/noise_sounds/people_talking/people_talking_05.wav,standardized/background/people_talking/background_people_talking_000006.wav,background,BACKGROUND,.wav,natural,unknown,people_talking,1.5,16000,1,16,48044,4530bbb17af3a8622cdde94b67b55e17d4e7ac0342657a8c0193261d4199aaa8,OK
TRN_000075,AUDIO-CLIPS/noise_sounds/people_talking/people_talking_06.wav,standardized/background/people_talking/background_people_talking_000007.wav,background,BACKGROUND,.wav,natural,unknown,people_talking,1.5,16000,1,16,48044,f37552cc20fa3c9333b596fa8464340ef187deb3e37f97c447dcf87bc14ce5c5,OK
TRN_000076,AUDIO-CLIPS/noise_sounds/people_talking/people_talking_07.wav,standardized/background/people_talking/background_people_talking_000008.wav,background,BACKGROUND,.wav,natural,unknown,people_talking,1.5,16000,1,16,48044,a900512b439dbc5ce9290d8d188b7d4dfc0265b45052521e3abbb962be1d8b00,OK
TRN_000077,AUDIO-CLIPS/noise_sounds/people_talking/people_talking_08.wav,standardized/background/people_talking/background_people_talking_000009.wav,background,BACKGROUND,.wav,natural,unknown,people_talking,1.5,16000,1,16,48044,f27eb6c4e5ee67c33757b7de37ad146d99a33bad688f66cf594ceccf92448335,OK
TRN_000078,AUDIO-CLIPS/noise_sounds/people_talking/people_talking_09.wav,standardized/background/people_talking/background_people_talking_000010.wav,background,BACKGROUND,.wav,natural,unknown,people_talking,1.5,16000,1,16,48044,a31f69c10a9855c1a8a2930eebe4f6d720257aec32b5388e27d7089b81f164ee,OK
TRN_000079,AUDIO-CLIPS/noise_sounds/people_talking/people_talking_10.wav,standardized/background/people_talking/background_people_talking_000011.wav,background,BACKGROUND,.wav,natural,unknown,people_talking,1.5,16000,1,16,48044,a3c7e3b20bd90b5f80c2f3fc98689726e402986276a4099ee86cbe027911fb44,OK
TRN_000080,AUDIO-CLIPS/noise_sounds/people_talking/people_talking_11.wav,standardized/background/people_talking/background_people_talking_000012.wav,background,BACKGROUND,.wav,natural,unknown,people_talking,1.5,16000,1,16,48044,f72dd1de36334fef56f60500d8bedae7814e39eb114e980587e9ae9af6ddae45,OK
TRN_000081,AUDIO-CLIPS/noise_sounds/people_talking/people_talking_12.wav,standardized/background/people_talking/background_people_talking_000013.wav,background,BACKGROUND,.wav,natural,unknown,people_talking,1.5,16000,1,16,48044,9f8da72391ef120d9afa74ec8d02b04a6c95d4588a45189bba1c4ef3fc141110,OK
TRN_000082,AUDIO-CLIPS/noise_sounds/people_talking/people_talking_13.wav,standardized/background/people_talking/background_people_talking_000014.wav,background,BACKGROUND,.wav,natural,unknown,people_talking,1.5,16000,1,16,48044,8c5afc17476ed97fac2cd4f16c8a0cfc9b6312c96fc1b2d5bb5daf07331752f1,OK
TRN_000083,AUDIO-CLIPS/noise_sounds/people_talking/people_talking_14.wav,standardized/background/people_talking/background_people_talking_000015.wav,background,BACKGROUND,.wav,natural,unknown,people_talking,1.5,16000,1,16,48044,08c888528c62e5dab9931a9877fb31959065587fbd71be5f132ebe65235402d9,OK
TRN_000084,AUDIO-CLIPS/noise_sounds/people_talking/people_talking_15.wav,standardized/background/people_talking/background_people_talking_000016.wav,background,BACKGROUND,.wav,natural,unknown,people_talking,1.5,16000,1,16,48044,69a3bfcda525df06ecefcd7d84cd3d7850cb44036f083e375bd1e3e3f13ffacf,OK
TRN_000085,AUDIO-CLIPS/noise_sounds/people_talking/people_talking_16.wav,standardized/background/people_talking/background_people_talking_000017.wav,background,BACKGROUND,.wav,natural,unknown,people_talking,1.5,16000,1,16,48044,ee56e4d4945e11b185d29ecc38d64e2c1a2b667c886bdf07bcf03568c10fc01a,OK
TRN_000086,AUDIO-CLIPS/noise_sounds/people_talking/people_talking_17.wav,standardized/background/people_talking/background_people_talking_000018.wav,background,BACKGROUND,.wav,natural,unknown,people_talking,1.5,16000,1,16,48044,fff73d967ba8f7d77884272b9826738a648a6f99b1eb4a64e2565c1ff74f4c51,OK
TRN_000087,AUDIO-CLIPS/noise_sounds/people_talking/people_talking_18.wav,standardized/background/people_talking/background_people_talking_000019.wav,background,BACKGROUND,.wav,natural,unknown,people_talking,1.5,16000,1,16,48044,d8016f1b3c3f355bd00ae2a86b6754b6cd1010757cf8a571c6338c7bb00e6a17,OK
TRN_000088,AUDIO-CLIPS/noise_sounds/people_talking/people_talking_19.wav,standardized/background/people_talking/background_people_talking_000020.wav,background,BACKGROUND,.wav,natural,unknown,people_talking,1.5,16000,1,16,48044,cbd1d35138ba360d09866f0640a3c7db00e5426023ed73b896d2a1259ca129d0,OK
TRN_000089,AUDIO-CLIPS/noise_sounds/people_talking/people_talking_20.wav,standardized/background/people_talking/background_people_talking_000021.wav,background,BACKGROUND,.wav,natural,unknown,people_talking,1.5,16000,1,16,48044,d1200cf216d96ba03281aba59c057cda887521c2d6801e55e9782615b1257be5,OK
TRN_000090,AUDIO-CLIPS/noise_sounds/random/WhatsApp Audio 2026-08-31 at 11.03.00 PM (1).mp4,standardized/background/random/background_random_000001.wav,background,BACKGROUND,.mp4,natural,unknown,random,1.2771,16000,1,16,40912,e57db9602512e0497a8f7be99d4cd63d2da14ad8d228ba60025f00671afe5a6b,OK
TRN_000091,AUDIO-CLIPS/noise_sounds/random/WhatsApp Audio 2026-08-31 at 11.03.00 PM (2).mp4,standardized/background/random/background_random_000002.wav,background,BACKGROUND,.mp4,natural,unknown,random,1.2307,16000,1,16,39426,354963c73ef79654d202481ce3f832c1e96d35cc89b105d7f5c4ed6dba92445d,OK
TRN_000092,AUDIO-CLIPS/noise_sounds/random/WhatsApp Audio 2026-08-31 at 11.03.00 PM.mp4,standardized/background/random/background_random_000003.wav,background,BACKGROUND,.mp4,natural,unknown,random,1.161,16000,1,16,37196,2e2b460431c12ef61d30d8374cf255ea38741eee52be4a701f22493321fb122d,OK
TRN_000093,AUDIO-CLIPS/noise_sounds/random/WhatsApp Audio 2026-08-31 at 11.03.01 PM (1).mp4,standardized/background/random/background_random_000004.wav,background,BACKGROUND,.mp4,natural,unknown,random,1.3004,16000,1,16,41656,565c2a48eaa7ec6c0cd28d230c6b599e510a700a4e90e4c72f08dd7374b310bd,OK
TRN_000094,AUDIO-CLIPS/noise_sounds/random/WhatsApp Audio 2026-08-31 at 11.03.01 PM (2).mp4,standardized/background/random/background_random_000005.wav,background,BACKGROUND,.mp4,natural,unknown,random,1.2539,16000,1,16,40170,3688c6797166879084c258368035045d6275bbcac3e39d99299fec5f38882133,OK
TRN_000095,AUDIO-CLIPS/noise_sounds/random/WhatsApp Audio 2026-08-31 at 11.03.01 PM (3).mp4,standardized/background/random/background_random_000006.wav,background,BACKGROUND,.mp4,natural,unknown,random,1.1843,16000,1,16,37940,bec1fe60cdd155abe1021a528e6b4c64ed13531359112f7a1db13c9dd402be91,OK
TRN_000096,AUDIO-CLIPS/noise_sounds/random/WhatsApp Audio 2026-08-31 at 11.03.01 PM.mp4,standardized/background/random/background_random_000007.wav,background,BACKGROUND,.mp4,natural,unknown,random,1.3004,16000,1,16,41656,565c2a48eaa7ec6c0cd28d230c6b599e510a700a4e90e4c72f08dd7374b310bd,OK
TRN_000097,AUDIO-CLIPS/noise_sounds/random/nishanth_background_0001.wav,standardized/background/random/background_random_000008.wav,background,BACKGROUND,.wav,natural,nishanth,random,3.0,16000,1,16,96044,3a7a534e1d6306bcc30d998a959afe85b5ac017a3b83360f55b32aa45d4e2a08,OK
TRN_000098,AUDIO-CLIPS/noise_sounds/random/nishanth_background_0002.wav,standardized/background/random/background_random_000009.wav,background,BACKGROUND,.wav,natural,nishanth,random,3.0,16000,1,16,96044,af6fde620279f9e736a1da46098abae0f05aa59715ea8886591bebd2492181c8,OK
TRN_000099,AUDIO-CLIPS/noise_sounds/random/nishanth_background_0003.wav,standardized/background/random/background_random_000010.wav,background,BACKGROUND,.wav,natural,nishanth,random,3.0,16000,1,16,96044,8c17b00dfdd22a1b41bde7d7d9556bab1183205242517bccee5bbe0b621eee2f,OK
TRN_000100,AUDIO-CLIPS/noise_sounds/random/nishanth_background_0004.wav,standardized/background/random/background_random_000011.wav,background,BACKGROUND,.wav,natural,nishanth,random,3.0,16000,1,16,96044,847ecb16e48b6e8ba93cc3744fe0ab029e4c19c9bf18024413d3747fde9483db,WARNING
TRN_000101,AUDIO-CLIPS/noise_sounds/random/nishanth_background_0005.wav,standardized/background/random/background_random_000012.wav,background,BACKGROUND,.wav,natural,nishanth,random,3.0,16000,1,16,96044,3bd8282089eb7438131de2a68f07876e5ba917718e3a221967ebff16342d3305,OK
TRN_000102,AUDIO-CLIPS/noise_sounds/random/nishanth_background_0006.wav,standardized/background/random/background_random_000013.wav,background,BACKGROUND,.wav,natural,nishanth,random,3.0,16000,1,16,96044,564b6b16c12bf07d79a63c7a875abe6e2ed008ae61ccbe34f1a17ba21a8401f6,WARNING
TRN_000103,AUDIO-CLIPS/noise_sounds/random/nishanth_background_0007.wav,standardized/background/random/background_random_000014.wav,background,BACKGROUND,.wav,natural,nishanth,random,3.0,16000,1,16,96044,6e78398fa658134bb2eca1eb2ad25ea8261065c44d47ba44cc9fdf8f71fe7362,WARNING
TRN_000104,AUDIO-CLIPS/noise_sounds/random/nishanth_background_0008.wav,standardized/background/random/background_random_000015.wav,background,BACKGROUND,.wav,natural,nishanth,random,3.0,16000,1,16,96044,6dc7c534c1adda338c248bb331ccc497ad48931167732cda331e3e60701a185f,WARNING
TRN_000105,AUDIO-CLIPS/noise_sounds/random/nishanth_background_0009.wav,standardized/background/random/background_random_000016.wav,background,BACKGROUND,.wav,natural,nishanth,random,3.0,16000,1,16,96044,0227ff2320f36aadb3eaded3dc0179780af4852128fbe18850e07d58108cdfef,OK
TRN_000106,AUDIO-CLIPS/noise_sounds/random/nishanth_background_0010.wav,standardized/background/random/background_random_000017.wav,background,BACKGROUND,.wav,natural,nishanth,random,3.0,16000,1,16,96044,587a6908acaa10d11b0d5d27b4b35d410a4871f194d6130b03c2d889feedd04f,OK
TRN_000107,AUDIO-CLIPS/noise_sounds/random/nishanth_background_0011.wav,standardized/background/random/background_random_000018.wav,background,BACKGROUND,.wav,natural,nishanth,random,3.0,16000,1,16,96044,46362c8955be804fd90f4bd3cc68c79c6c2f550b08be021c457de75eb6ad619b,OK
TRN_000108,AUDIO-CLIPS/noise_sounds/random/nishanth_background_0012.wav,standardized/background/random/background_random_000019.wav,background,BACKGROUND,.wav,natural,nishanth,random,3.0,16000,1,16,96044,42826b67cadef4f561cc4481aea374200949bffe4cac3556755a06ea76d14c12,WARNING
TRN_000109,AUDIO-CLIPS/noise_sounds/random/nishanth_background_0013.wav,standardized/background/random/background_random_000020.wav,background,BACKGROUND,.wav,natural,nishanth,random,3.0,16000,1,16,96044,c76f3cf5113db7c84a1cb577f27f18d2466a9fabaef0fd8d8f8ee12fe6288972,WARNING
TRN_000110,AUDIO-CLIPS/noise_sounds/random/nishanth_background_0014.wav,standardized/background/random/background_random_000021.wav,background,BACKGROUND,.wav,natural,nishanth,random,3.0,16000,1,16,96044,694d255b8d04ba8d2fb2561027c1ccdb708c9c07b416226921528400e356d699,OK
TRN_000111,AUDIO-CLIPS/noise_sounds/random/nishanth_background_0015.wav,standardized/background/random/background_random_000022.wav,background,BACKGROUND,.wav,natural,nishanth,random,3.0,16000,1,16,96044,c31d736424494dc3b512d151801ff354eb2fa97b2746eee0b738d24e77e75fd4,OK
TRN_000112,AUDIO-CLIPS/noise_sounds/random/nishanth_background_0016.wav,standardized/background/random/background_random_000023.wav,background,BACKGROUND,.wav,natural,nishanth,random,3.0,16000,1,16,96044,af34fbf8507153c9ee853427a36a35069e63731e530e3a1ceb446763b2db12b7,WARNING
TRN_000113,AUDIO-CLIPS/noise_sounds/random/nishanth_background_0017.wav,standardized/background/random/background_random_000024.wav,background,BACKGROUND,.wav,natural,nishanth,random,3.0,16000,1,16,96044,66d63c4533bc8b25cd1d5b46d1e72d8c1997d3fe8687a60570851853bdbaccb8,WARNING
TRN_000114,AUDIO-CLIPS/noise_sounds/random/nishanth_background_0018.wav,standardized/background/random/background_random_000025.wav,background,BACKGROUND,.wav,natural,nishanth,random,3.0,16000,1,16,96044,f32a720c86a0014d2fd7b46264bb3098645240b9229a6faeede5bc0c7efb6d33,OK
TRN_000115,AUDIO-CLIPS/noise_sounds/random/nishanth_background_0019.wav,standardized/background/random/background_random_000026.wav,background,BACKGROUND,.wav,natural,nishanth,random,3.0,16000,1,16,96044,cd48d9a2c635c4e2d2d74a3f36abb6300284d6f481bdfaca7004e9a3deb43e3c,WARNING
TRN_000116,AUDIO-CLIPS/noise_sounds/random/nishanth_background_0020.wav,standardized/background/random/background_random_000027.wav,background,BACKGROUND,.wav,natural,nishanth,random,3.0,16000,1,16,96044,aeb7a790cb36d155e0db8fdaff459b4babd63d54e1357d763df6ba81aaa119aa,WARNING
TRN_000117,AUDIO-CLIPS/noise_sounds/random/nishanth_background_0021.wav,standardized/background/random/background_random_000028.wav,background,BACKGROUND,.wav,natural,nishanth,random,3.0,16000,1,16,96044,684470cf082a3beb7bfd1e2b56d09107ac14d1000e22a84784cf5a7e804f1a06,OK
TRN_000118,AUDIO-CLIPS/noise_sounds/random/nishanth_background_0022.wav,standardized/background/random/background_random_000029.wav,background,BACKGROUND,.wav,natural,nishanth,random,3.0,16000,1,16,96044,7abb33974d3541ff394f62784bec7e02fcc9beeb40a94d8642638d6100dbc8b1,WARNING
TRN_000119,AUDIO-CLIPS/noise_sounds/random/nishanth_background_0023.wav,standardized/background/random/background_random_000030.wav,background,BACKGROUND,.wav,natural,nishanth,random,3.0,16000,1,16,96044,752faf578a8250908af3a296cb89bc649c1aefbb7bdf270d0ca4cffba4ec14ad,WARNING
TRN_000120,AUDIO-CLIPS/noise_sounds/random/nishanth_background_0024.wav,standardized/background/random/background_random_000031.wav,background,BACKGROUND,.wav,natural,nishanth,random,3.0,16000,1,16,96044,6d5124c1b71f25d7d4fa04ede5327b98cd08b0d96dafbbef941063c1d5e672f1,WARNING
TRN_000121,AUDIO-CLIPS/noise_sounds/random/nishanth_background_0025.wav,standardized/background/random/background_random_000032.wav,background,BACKGROUND,.wav,natural,nishanth,random,3.0,16000,1,16,96044,0a6339f36d9c20acc918cd1f4a857a9b34920bdafa7b627c39ff2ba8b9ac9b7b,OK
TRN_000122,AUDIO-CLIPS/noise_sounds/random/nishanth_background_0026.wav,standardized/background/random/background_random_000033.wav,background,BACKGROUND,.wav,natural,nishanth,random,3.0,16000,1,16,96044,11087fac6261d528176251db166b60d491011dc915aa5c6c88a50228b34e552d,OK
TRN_000123,AUDIO-CLIPS/noise_sounds/random/nishanth_background_0027.wav,standardized/background/random/background_random_000034.wav,background,BACKGROUND,.wav,natural,nishanth,random,3.0,16000,1,16,96044,ba6685a6ebc8acfc5d9909a8f7b63e94b4da21cb149f75ea38c4a6c7b6fafaa2,OK
TRN_000124,AUDIO-CLIPS/noise_sounds/random/nishanth_background_0028.wav,standardized/background/random/background_random_000035.wav,background,BACKGROUND,.wav,natural,nishanth,random,3.0,16000,1,16,96044,9f44ee4b299b151b5e04092c56f077e262b9c38c90caefd2ce67a25fdd427027,WARNING
TRN_000125,AUDIO-CLIPS/noise_sounds/random/nishanth_background_0029.wav,standardized/background/random/background_random_000036.wav,background,BACKGROUND,.wav,natural,nishanth,random,3.0,16000,1,16,96044,06dbe0e1cf407a8fe5c87ffe81116f9365ddccb1e677d931ac93a65d2a528205,WARNING
TRN_000126,AUDIO-CLIPS/noise_sounds/random/nishanth_background_0030.wav,standardized/background/random/background_random_000037.wav,background,BACKGROUND,.wav,natural,nishanth,random,3.0,16000,1,16,96044,8e1d36ad1c3747a9dd6c0d25400dc94b178aa7f686ab393c20d5b44f6b13ac08,OK
TRN_000127,AUDIO-CLIPS/noise_sounds/random/nishanth_background_0031.wav,standardized/background/random/background_random_000038.wav,background,BACKGROUND,.wav,natural,nishanth,random,3.0,16000,1,16,96044,42bdf5bf7109d680eb591310ede3166d5c98866154238a2ab0ae6a86e8849a16,WARNING
TRN_000128,AUDIO-CLIPS/noise_sounds/random/nishanth_background_0032.wav,standardized/background/random/background_random_000039.wav,background,BACKGROUND,.wav,natural,nishanth,random,3.0,16000,1,16,96044,b70c45d862826518cdeff0529f76e1ad03eac6a02fc2dcb79363501858ca503d,WARNING
TRN_000129,AUDIO-CLIPS/noise_sounds/random/nishanth_background_0033.wav,standardized/background/random/background_random_000040.wav,background,BACKGROUND,.wav,natural,nishanth,random,3.0,16000,1,16,96044,453e00023d75a901891f3c416b2e3ec3b5daf7fd11557143e9746794314d081a,WARNING
TRN_000130,AUDIO-CLIPS/noise_sounds/random/nishanth_background_0034.wav,standardized/background/random/background_random_000041.wav,background,BACKGROUND,.wav,natural,nishanth,random,3.0,16000,1,16,96044,7ce4579697edc3d7bd73c40c661c975804e27301b5081c1c0a6cc1c984d4e65b,WARNING
TRN_000131,AUDIO-CLIPS/noise_sounds/random/nishanth_background_0035.wav,standardized/background/random/background_random_000042.wav,background,BACKGROUND,.wav,natural,nishanth,random,3.0,16000,1,16,96044,8b8b9f79b44beeb528985dfa680c603439a405e5eafdbe7580c3910a93086e4a,WARNING
TRN_000132,AUDIO-CLIPS/noise_sounds/random/nishanth_background_0036.wav,standardized/background/random/background_random_000043.wav,background,BACKGROUND,.wav,natural,nishanth,random,3.0,16000,1,16,96044,dc14514576ea7bed3edccdaf7243bebc7918061da950f3f19fdc5c12ee53a041,WARNING
TRN_000133,AUDIO-CLIPS/noise_sounds/random/nishanth_background_0037.wav,standardized/background/random/background_random_000044.wav,background,BACKGROUND,.wav,natural,nishanth,random,3.0,16000,1,16,96044,f855681fe7f87a7e3ae75af26174b41c99fe064801bb002b684e75aa2929b1b2,WARNING
TRN_000134,AUDIO-CLIPS/noise_sounds/random/nishanth_background_0038.wav,standardized/background/random/background_random_000045.wav,background,BACKGROUND,.wav,natural,nishanth,random,3.0,16000,1,16,96044,13a7464f4526b37153175d56e547e5e90021435738f67f4ec63e72ee7a6f49c6,WARNING
TRN_000135,AUDIO-CLIPS/noise_sounds/random/nishanth_background_0039.wav,standardized/background/random/background_random_000046.wav,background,BACKGROUND,.wav,natural,nishanth,random,3.0,16000,1,16,96044,d7d86c2216c38947066ae0c2aaa36e11599b4a8cb1ba7a24ebc13dc044005b61,WARNING
TRN_000136,AUDIO-CLIPS/noise_sounds/random/nishanth_background_0040.wav,standardized/background/random/background_random_000047.wav,background,BACKGROUND,.wav,natural,nishanth,random,3.0,16000,1,16,96044,5fecc44ffe9a6b3a89a4217a942405ff507a35c6c1d9925c137bfe8128f9c057,WARNING
TRN_000137,AUDIO-CLIPS/noise_sounds/random/nishanth_background_0041.wav,standardized/background/random/background_random_000048.wav,background,BACKGROUND,.wav,natural,nishanth,random,3.0,16000,1,16,96044,71cadbbe8ee49d37a0115555129e39e3685022fc58c34f0fe08db347d425374d,WARNING
TRN_000138,AUDIO-CLIPS/noise_sounds/random/nishanth_background_0042.wav,standardized/background/random/background_random_000049.wav,background,BACKGROUND,.wav,natural,nishanth,random,3.0,16000,1,16,96044,3c13a905f6f70c9a2774c5cc2f5815f125c306bba7c4a3c3e3c2ad6da6530f99,WARNING
TRN_000139,AUDIO-CLIPS/noise_sounds/random/nishanth_background_0043.wav,standardized/background/random/background_random_000050.wav,background,BACKGROUND,.wav,natural,nishanth,random,3.0,16000,1,16,96044,d16bd331b9850cecb05fa094214bdf40ea467f14c727c5a276484ed7bc9f9c08,WARNING
TRN_000140,AUDIO-CLIPS/noise_sounds/random/nishanth_background_0044.wav,standardized/background/random/background_random_000051.wav,background,BACKGROUND,.wav,natural,nishanth,random,3.0,16000,1,16,96044,d1a74df0acdeb1104fecf4261f1434154045f0c2e7c926f0a48c8481de3148ac,WARNING
TRN_000141,AUDIO-CLIPS/noise_sounds/random/nishanth_background_0045.wav,standardized/background/random/background_random_000052.wav,background,BACKGROUND,.wav,natural,nishanth,random,3.0,16000,1,16,96044,9799a6bd3b62b76364c187525f04451f7872946da76e8e2288f19859c82f6bdf,WARNING
TRN_000142,AUDIO-CLIPS/noise_sounds/random/nishanth_background_0046.wav,standardized/background/random/background_random_000053.wav,background,BACKGROUND,.wav,natural,nishanth,random,3.0,16000,1,16,96044,e9ca66663ac8f19371a13267f2de9f16d5bf1b8b391df764309256b27c2c8d90,OK
TRN_000143,AUDIO-CLIPS/noise_sounds/random/nishanth_background_0047.wav,standardized/background/random/background_random_000054.wav,background,BACKGROUND,.wav,natural,nishanth,random,3.0,16000,1,16,96044,d6b7e18d8d41cdd41ee9bead667601d358a0da6b76e04d142988c9caa8e2dcac,WARNING
TRN_000144,AUDIO-CLIPS/noise_sounds/random/nishanth_background_0048.wav,standardized/background/random/background_random_000055.wav,background,BACKGROUND,.wav,natural,nishanth,random,3.0,16000,1,16,96044,4b7984a89530561321f5c58dccbb8ffe0b220def55078bb68b8063be9762597d,WARNING
TRN_000145,AUDIO-CLIPS/noise_sounds/random/nishanth_background_0049.wav,standardized/background/random/background_random_000056.wav,background,BACKGROUND,.wav,natural,nishanth,random,3.0,16000,1,16,96044,b8c380ee18a14a1e5559c250fbc80a27e3270118ac8a7136ce6c738a9efa9fef,WARNING
TRN_000146,AUDIO-CLIPS/noise_sounds/random/nishanth_background_0050.wav,standardized/background/random/background_random_000057.wav,background,BACKGROUND,.wav,natural,nishanth,random,3.0,16000,1,16,96044,6f9c72e67ac7359024b531b37a9e64586e456e74aa8dd86e5e941c3a605095c6,WARNING
TRN_000147,AUDIO-CLIPS/noise_sounds/random/nishanth_background_0051.wav,standardized/background/random/background_random_000058.wav,background,BACKGROUND,.wav,natural,nishanth,random,3.0,16000,1,16,96044,d0c7e7ec8ad530a0440cd220419aa133830be5f6cacbaffa3834d585d38e7df7,WARNING
TRN_000148,AUDIO-CLIPS/noise_sounds/random/nishanth_background_0052.wav,standardized/background/random/background_random_000059.wav,background,BACKGROUND,.wav,natural,nishanth,random,3.0,16000,1,16,96044,c4fe0f22dd2d96601b7269d722dc34e39b782f86859e68f8e7d911107745d1b4,WARNING
TRN_000149,AUDIO-CLIPS/noise_sounds/random/nishanth_background_0053.wav,standardized/background/random/background_random_000060.wav,background,BACKGROUND,.wav,natural,nishanth,random,3.0,16000,1,16,96044,b53df23ff275b461675d4a8b46342adeaae4b8003cf996836fa56aa3242e00bc,WARNING
TRN_000150,AUDIO-CLIPS/noise_sounds/random/nishanth_background_0054.wav,standardized/background/random/background_random_000061.wav,background,BACKGROUND,.wav,natural,nishanth,random,3.0,16000,1,16,96044,3c6a31a2749e4d33236f3cfaa03ec085b3bff157da99e4139cfc49309f10bb3a,WARNING
TRN_000151,AUDIO-CLIPS/noise_sounds/random/nishanth_background_0055.wav,standardized/background/random/background_random_000062.wav,background,BACKGROUND,.wav,natural,nishanth,random,3.0,16000,1,16,96044,cfbd7ac37e8ebee8a186bc23f63d2592251d61f1b5b103b9d18788778d8bb3e8,WARNING
TRN_000152,AUDIO-CLIPS/noise_sounds/random/nishanth_background_0056.wav,standardized/background/random/background_random_000063.wav,background,BACKGROUND,.wav,natural,nishanth,random,3.0,16000,1,16,96044,c72ec37f42094e0fdfbaa39be1041b5a34865c1495636e531d04009bdf13452e,WARNING
TRN_000153,AUDIO-CLIPS/noise_sounds/random/nishanth_background_0057.wav,standardized/background/random/background_random_000064.wav,background,BACKGROUND,.wav,natural,nishanth,random,3.0,16000,1,16,96044,31e7d3b00fd40d5f6fc98676569e46a9947670dadad7da0a5da725058443fb6f,WARNING
TRN_000154,AUDIO-CLIPS/noise_sounds/random/nishanth_background_0058.wav,standardized/background/random/background_random_000065.wav,background,BACKGROUND,.wav,natural,nishanth,random,3.0,16000,1,16,96044,677e334b23323478b9e20f5c9bfd085b4b08a23fdb76d25d020c2179c41c6c9c,WARNING
TRN_000155,AUDIO-CLIPS/noise_sounds/random/nishanth_background_0059.wav,standardized/background/random/background_random_000066.wav,background,BACKGROUND,.wav,natural,nishanth,random,3.0,16000,1,16,96044,3ee1ca055c3be63cb6a6d7a29154e7bf2fe6048e6f1b758912445a0e0d0787be,WARNING
TRN_000156,AUDIO-CLIPS/noise_sounds/random/nishanth_background_0060.wav,standardized/background/random/background_random_000067.wav,background,BACKGROUND,.wav,natural,nishanth,random,3.0,16000,1,16,96044,11f6e43bd01f14fcccc0c3ca31bc4825ad9b6650df8ece393656402ffb98826a,WARNING
TRN_000157,AUDIO-CLIPS/noise_sounds/random/nishanth_background_0061.wav,standardized/background/random/background_random_000068.wav,background,BACKGROUND,.wav,natural,nishanth,random,3.0,16000,1,16,96044,02dcd04f4e8db7fd4a30458d8b034c775e83e4f81e230b0984e4371dd7bb8af1,WARNING
TRN_000158,AUDIO-CLIPS/noise_sounds/random/nishanth_background_0062.wav,standardized/background/random/background_random_000069.wav,background,BACKGROUND,.wav,natural,nishanth,random,3.0,16000,1,16,96044,70d7d9807465ceab694e83719332b4421efce7128ed0ed6482b0a7d8145a63ce,WARNING
TRN_000159,AUDIO-CLIPS/noise_sounds/random/nishanth_background_0063.wav,standardized/background/random/background_random_000070.wav,background,BACKGROUND,.wav,natural,nishanth,random,3.0,16000,1,16,96044,45ce95b004b7e58d34571bba818ab5052d7f656dfb12ab53c8c9a2f51db52989,WARNING
TRN_000160,AUDIO-CLIPS/noise_sounds/random/nishanth_background_0064.wav,standardized/background/random/background_random_000071.wav,background,BACKGROUND,.wav,natural,nishanth,random,3.0,16000,1,16,96044,12834f704b5a4416d72555caf03740ffba2c71e6767aee83cb9315825effd684,WARNING
TRN_000161,AUDIO-CLIPS/noise_sounds/random/nishanth_background_0065.wav,standardized/background/random/background_random_000072.wav,background,BACKGROUND,.wav,natural,nishanth,random,3.0,16000,1,16,96044,7d9da43c8db9de93f8f081ea98f85d7bc7d13a739f8a9d3c147ad76dd4f6c2ae,WARNING
TRN_000162,AUDIO-CLIPS/noise_sounds/random/nishanth_background_0066.wav,standardized/background/random/background_random_000073.wav,background,BACKGROUND,.wav,natural,nishanth,random,3.0,16000,1,16,96044,b96e3c31db589bc06ea2a6dbd652b429412df5b684c94f0e282d48c827709400,WARNING
TRN_000163,AUDIO-CLIPS/noise_sounds/random/nishanth_background_0067.wav,standardized/background/random/background_random_000074.wav,background,BACKGROUND,.wav,natural,nishanth,random,3.0,16000,1,16,96044,edc960a7d0e0468fbcbe4ea5de318aa4f1af4779ec5b9699c30a542153cadf7c,WARNING
TRN_000164,AUDIO-CLIPS/noise_sounds/random/nishanth_background_0068.wav,standardized/background/random/background_random_000075.wav,background,BACKGROUND,.wav,natural,nishanth,random,3.0,16000,1,16,96044,58cde1a6c9d64f0562f4c27c1ca8c575970c0770761ea538234753746819b96a,WARNING
TRN_000165,AUDIO-CLIPS/noise_sounds/random/nishanth_background_0069.wav,standardized/background/random/background_random_000076.wav,background,BACKGROUND,.wav,natural,nishanth,random,3.0,16000,1,16,96044,dbf5f8fd9ae9f47d6d17801f06c1e45185490f0ba5f82063c1c0ba9979c73ec8,WARNING
TRN_000166,AUDIO-CLIPS/noise_sounds/random/nishanth_background_0070.wav,standardized/background/random/background_random_000077.wav,background,BACKGROUND,.wav,natural,nishanth,random,3.0,16000,1,16,96044,62ab645fe3b8c21220fd36857138ef77f81020a14a7d2a95133d1dfd0b397b9c,WARNING
TRN_000167,AUDIO-CLIPS/noise_sounds/random/nishanth_background_0071.wav,standardized/background/random/background_random_000078.wav,background,BACKGROUND,.wav,natural,nishanth,random,3.0,16000,1,16,96044,314834de5e0ee0a6e8ae0afd3953340010c9cbe5222874a993442c76482cbef6,WARNING
TRN_000168,AUDIO-CLIPS/noise_sounds/random/nishanth_background_0072.wav,standardized/background/random/background_random_000079.wav,background,BACKGROUND,.wav,natural,nishanth,random,3.0,16000,1,16,96044,2852b629aff8693c414f9feec426b28e391ac2c9ed8bd20cc166a8eb4339e061,WARNING
TRN_000169,AUDIO-CLIPS/noise_sounds/random/nishanth_background_0073.wav,standardized/background/random/background_random_000080.wav,background,BACKGROUND,.wav,natural,nishanth,random,3.0,16000,1,16,96044,296a0548ac9d8d927685024552ef7aaa4de03138fb2af983ba6045a469e860db,WARNING
TRN_000170,AUDIO-CLIPS/noise_sounds/random/nishanth_background_0074.wav,standardized/background/random/background_random_000081.wav,background,BACKGROUND,.wav,natural,nishanth,random,3.0,16000,1,16,96044,83de04c24526849d7275c2500c7337d4677f5d8412472a34b04a05ba67e2b3f8,WARNING
TRN_000171,AUDIO-CLIPS/noise_sounds/random/nishanth_background_0075.wav,standardized/background/random/background_random_000082.wav,background,BACKGROUND,.wav,natural,nishanth,random,3.0,16000,1,16,96044,70c3c81422359f29fb519534adb676949c645cbdbe37ae8ad8c3054b2fb8b382,WARNING
TRN_000172,AUDIO-CLIPS/noise_sounds/random/nishanth_background_0076.wav,standardized/background/random/background_random_000083.wav,background,BACKGROUND,.wav,natural,nishanth,random,3.0,16000,1,16,96044,207ed6e8c0fd8a5e1117a6cf96f8ad920cf4d2492dd16db0d333c548566dc96d,WARNING
TRN_000173,AUDIO-CLIPS/noise_sounds/random/nishanth_background_0077.wav,standardized/background/random/background_random_000084.wav,background,BACKGROUND,.wav,natural,nishanth,random,3.0,16000,1,16,96044,8803e95dbbea9dda4b1b4a4cca6a48236c67c8dc49261ff794e310fa86899544,WARNING
TRN_000174,AUDIO-CLIPS/noise_sounds/random/nishanth_background_0078.wav,standardized/background/random/background_random_000085.wav,background,BACKGROUND,.wav,natural,nishanth,random,3.0,16000,1,16,96044,c7af00cd6addf167ff270189629da1eef6eebbc31d27238048e6bd7b7f54d2b0,WARNING
TRN_000175,AUDIO-CLIPS/noise_sounds/random/nishanth_background_0079.wav,standardized/background/random/background_random_000086.wav,background,BACKGROUND,.wav,natural,nishanth,random,3.0,16000,1,16,96044,b09463fb26f0403532f3800216eab0ac23329b29f93459bd3a2c28a7ed93a0b1,WARNING
TRN_000176,AUDIO-CLIPS/noise_sounds/random/nishanth_background_0080.wav,standardized/background/random/background_random_000087.wav,background,BACKGROUND,.wav,natural,nishanth,random,3.0,16000,1,16,96044,5a3eb776e99e1eacd1ba7c06566b5e8de27f06996ede85aa7c9fcb04be4214fb,WARNING
TRN_000177,AUDIO-CLIPS/noise_sounds/random/nishanth_background_0081.wav,standardized/background/random/background_random_000088.wav,background,BACKGROUND,.wav,natural,nishanth,random,3.0,16000,1,16,96044,993b56651edc5270d10a29284fb37dc31afd7fbb3d0836541aacbb4e4067dabb,WARNING
TRN_000178,AUDIO-CLIPS/noise_sounds/random/nishanth_background_0082.wav,standardized/background/random/background_random_000089.wav,background,BACKGROUND,.wav,natural,nishanth,random,3.0,16000,1,16,96044,cc65822bdbd1c0b5845d0a446bffd83e47ad7c2d9cef67fa35a6ec50ccaaa1cd,WARNING
TRN_000179,AUDIO-CLIPS/noise_sounds/random/nishanth_background_0083.wav,standardized/background/random/background_random_000090.wav,background,BACKGROUND,.wav,natural,nishanth,random,3.0,16000,1,16,96044,a5100a3d8c9d81de896d8249d1f0491420faf392b4d2fd443c31edd1b3f90424,WARNING
TRN_000180,AUDIO-CLIPS/noise_sounds/random/nishanth_background_0084.wav,standardized/background/random/background_random_000091.wav,background,BACKGROUND,.wav,natural,nishanth,random,3.0,16000,1,16,96044,6e992268aa26a4b12086776a31942339904ff5141c163aaa79a99329b703f773,WARNING
TRN_000181,AUDIO-CLIPS/noise_sounds/random/nishanth_background_0085.wav,standardized/background/random/background_random_000092.wav,background,BACKGROUND,.wav,natural,nishanth,random,3.0,16000,1,16,96044,ebf5b68ab53211afe3f7862dee31e604a48c3f61585eef9c30b6d789427a7b5c,WARNING
TRN_000182,AUDIO-CLIPS/noise_sounds/random/nishanth_background_0086.wav,standardized/background/random/background_random_000093.wav,background,BACKGROUND,.wav,natural,nishanth,random,3.0,16000,1,16,96044,cb3f28a34a80785dad0c825ce3ad344fd2d4f3a4b8f663c392286f0382afcfc0,WARNING
TRN_000183,AUDIO-CLIPS/noise_sounds/random/nishanth_background_0087.wav,standardized/background/random/background_random_000094.wav,background,BACKGROUND,.wav,natural,nishanth,random,3.0,16000,1,16,96044,e50f0b53d31a3bdcaa34d2d18943574f66d785a1f352b8740a3f7c358098a2b8,WARNING
TRN_000184,AUDIO-CLIPS/noise_sounds/random/nishanth_background_0088.wav,standardized/background/random/background_random_000095.wav,background,BACKGROUND,.wav,natural,nishanth,random,3.0,16000,1,16,96044,b3c0a125056a5a45da2b986b61b25f45870e0cf69a663e0784970a528c2e6259,WARNING
TRN_000185,AUDIO-CLIPS/noise_sounds/random/nishanth_background_0089.wav,standardized/background/random/background_random_000096.wav,background,BACKGROUND,.wav,natural,nishanth,random,3.0,16000,1,16,96044,6c033458b4c8341e1faf52326cf97c355b566cf3b61ee30e6d4ad619b6188f72,WARNING
TRN_000186,AUDIO-CLIPS/noise_sounds/random/nishanth_background_0090.wav,standardized/background/random/background_random_000097.wav,background,BACKGROUND,.wav,natural,nishanth,random,3.0,16000,1,16,96044,e8d4cb901376f28a998600fede0f7cdf9b7d5b8e7006e478996a2b96b6297162,WARNING
TRN_000187,AUDIO-CLIPS/noise_sounds/random/nishanth_background_0091.wav,standardized/background/random/background_random_000098.wav,background,BACKGROUND,.wav,natural,nishanth,random,3.0,16000,1,16,96044,b6fc75842ab11cb4d5373201f25e2b62ed45aa983c7f2f4e862fecd66c14746a,WARNING
TRN_000188,AUDIO-CLIPS/noise_sounds/random/nishanth_background_0092.wav,standardized/background/random/background_random_000099.wav,background,BACKGROUND,.wav,natural,nishanth,random,3.0,16000,1,16,96044,98b36c0f01ee4f825f42682475100b0c1b8cc9c79d579ef3c237c1e0a6213642,WARNING
TRN_000189,AUDIO-CLIPS/noise_sounds/random/nishanth_background_0093.wav,standardized/background/random/background_random_000100.wav,background,BACKGROUND,.wav,natural,nishanth,random,3.0,16000,1,16,96044,8f3c641bedb264fec397b6b03edf593486c23cab523b4470f5d1fa17d3d6d8f1,WARNING
TRN_000190,AUDIO-CLIPS/noise_sounds/random/nishanth_background_0094.wav,standardized/background/random/background_random_000101.wav,background,BACKGROUND,.wav,natural,nishanth,random,3.0,16000,1,16,96044,ab6394163af6c85c39f2144155440353b3244926a943dd4f8b07dd8ec9809c6d,WARNING
TRN_000191,AUDIO-CLIPS/noise_sounds/random/nishanth_background_0095.wav,standardized/background/random/background_random_000102.wav,background,BACKGROUND,.wav,natural,nishanth,random,3.0,16000,1,16,96044,691908f2a530b4ad6f240e7f655cc6352d2562a13db0e121f3f8465bde67abb4,WARNING
TRN_000192,AUDIO-CLIPS/noise_sounds/random/nishanth_background_0096.wav,standardized/background/random/background_random_000103.wav,background,BACKGROUND,.wav,natural,nishanth,random,3.0,16000,1,16,96044,6f8bc74ff32f9fce69db231a1078dcc3fcb5e933a6475737ca63c2f2cfbbcb1e,WARNING
TRN_000193,AUDIO-CLIPS/noise_sounds/random/nishanth_background_0097.wav,standardized/background/random/background_random_000104.wav,background,BACKGROUND,.wav,natural,nishanth,random,3.0,16000,1,16,96044,bb1c46799222d2d18879e91b6420f8f870dec566cd48b233eb7bd6ab5a95dd8b,WARNING
TRN_000194,AUDIO-CLIPS/noise_sounds/random/nishanth_background_0098.wav,standardized/background/random/background_random_000105.wav,background,BACKGROUND,.wav,natural,nishanth,random,3.0,16000,1,16,96044,6aec18d558def1a33dd5ffb9eee8b48406074721aec8d6b8c5d62b75641403a5,OK
TRN_000195,AUDIO-CLIPS/noise_sounds/random/nishanth_background_0099.wav,standardized/background/random/background_random_000106.wav,background,BACKGROUND,.wav,natural,nishanth,random,3.0,16000,1,16,96044,bc176eef721451b3b4294d69c4ac11e63add36bec412de72c0329e1da8d009d8,WARNING
TRN_000196,AUDIO-CLIPS/noise_sounds/random/nishanth_background_0100.wav,standardized/background/random/background_random_000107.wav,background,BACKGROUND,.wav,natural,nishanth,random,3.0,16000,1,16,96044,f0684ebc62138dc7ad7ede55b1fd917f59d576b56447eee34710e10ffb897504,WARNING
TRN_000197,AUDIO-CLIPS/noise_sounds/random/nishanth_background_0101.wav,standardized/background/random/background_random_000108.wav,background,BACKGROUND,.wav,natural,nishanth,random,3.0,16000,1,16,96044,7758624a7ef4632132445e55ebc49e71c7a433bf096fdcbf5076b456dfd4637b,WARNING
TRN_000198,AUDIO-CLIPS/noise_sounds/random/nishanth_background_0102.wav,standardized/background/random/background_random_000109.wav,background,BACKGROUND,.wav,natural,nishanth,random,3.0,16000,1,16,96044,ccb417a622170335dc65ff91615575d6a28550137f628478d5ad126571639fb0,WARNING
TRN_000199,AUDIO-CLIPS/noise_sounds/random/nishanth_background_0103.wav,standardized/background/random/background_random_000110.wav,background,BACKGROUND,.wav,natural,nishanth,random,3.0,16000,1,16,96044,8b52d36a2e03135b22f9a16b51af34825b162074dead940bd6f2ee8ce4ca5532,WARNING
TRN_000200,AUDIO-CLIPS/noise_sounds/random/nishanth_background_0104.wav,standardized/background/random/background_random_000111.wav,background,BACKGROUND,.wav,natural,nishanth,random,3.0,16000,1,16,96044,7952ebe7ea9f318cbacaec3328501f512d2ff340c1e03fc1cce86e50f8456939,WARNING
TRN_000201,AUDIO-CLIPS/noise_sounds/random/nishanth_background_0105.wav,standardized/background/random/background_random_000112.wav,background,BACKGROUND,.wav,natural,nishanth,random,3.0,16000,1,16,96044,12a655100f2e8eb51c4ff5c74bf0ed7d3b873f488bd4abeca7356262a1b73b89,WARNING
TRN_000202,AUDIO-CLIPS/noise_sounds/random/nishanth_background_0106.wav,standardized/background/random/background_random_000113.wav,background,BACKGROUND,.wav,natural,nishanth,random,3.0,16000,1,16,96044,e9ea7f757787272d762372328d3fbc970dd269427e26c2483da661a91affdbba,WARNING
TRN_000203,AUDIO-CLIPS/noise_sounds/random/nishanth_background_0107.wav,standardized/background/random/background_random_000114.wav,background,BACKGROUND,.wav,natural,nishanth,random,3.0,16000,1,16,96044,0f00896d2944345bf0b712b209c73ff8bb87050b5b8fa0168abf5aa4683af373,WARNING
TRN_000204,AUDIO-CLIPS/noise_sounds/random/nishanth_background_0108.wav,standardized/background/random/background_random_000115.wav,background,BACKGROUND,.wav,natural,nishanth,random,3.0,16000,1,16,96044,2ab7edc6754cf000a6ff7e67514d397a231c28367ba982f5d7451b7312e5aa7d,WARNING
TRN_000205,AUDIO-CLIPS/noise_sounds/random/nishanth_background_0109.wav,standardized/background/random/background_random_000116.wav,background,BACKGROUND,.wav,natural,nishanth,random,3.0,16000,1,16,96044,373545a45a4d3183869345c4e55d34122c72cfea118caa4922886f6bdb1cc080,WARNING
TRN_000206,AUDIO-CLIPS/noise_sounds/random/nishanth_background_0110.wav,standardized/background/random/background_random_000117.wav,background,BACKGROUND,.wav,natural,nishanth,random,3.0,16000,1,16,96044,5e7c36270d2f2c5b045d1f5cabf08c70a537d5b760e1abe3b0feaf2127dae153,WARNING
TRN_000207,AUDIO-CLIPS/noise_sounds/random/nishanth_background_0111.wav,standardized/background/random/background_random_000118.wav,background,BACKGROUND,.wav,natural,nishanth,random,3.0,16000,1,16,96044,af1c7b72edd9589fa87130504b1cbbe9c6ca16e219a2318a22792b5d76c12286,WARNING
TRN_000208,AUDIO-CLIPS/noise_sounds/random/nishanth_background_0112.wav,standardized/background/random/background_random_000119.wav,background,BACKGROUND,.wav,natural,nishanth,random,3.0,16000,1,16,96044,db60c4b8263be60c45411c1bd3f3c4a98cf542aa2fc17d63a45bb3380d410085,WARNING
TRN_000209,AUDIO-CLIPS/noise_sounds/random/nishanth_background_0113.wav,standardized/background/random/background_random_000120.wav,background,BACKGROUND,.wav,natural,nishanth,random,3.0,16000,1,16,96044,5e57d9365fc3d64ba94bbf8081704a26ae1e59694422d9854abf4b0c2ccebbaa,WARNING
TRN_000210,AUDIO-CLIPS/noise_sounds/random/nishanth_background_0114.wav,standardized/background/random/background_random_000121.wav,background,BACKGROUND,.wav,natural,nishanth,random,3.0,16000,1,16,96044,b8032ac043fd3d124575ff58d0d228a9e3f497868d21188e5c1841365a52f690,WARNING
TRN_000211,AUDIO-CLIPS/noise_sounds/random/nishanth_background_0115.wav,standardized/background/random/background_random_000122.wav,background,BACKGROUND,.wav,natural,nishanth,random,3.0,16000,1,16,96044,8fc3064e4e5161bd946a75ec75e7e93bb5c2b7068335d4f150c20406fdef4ca2,WARNING
TRN_000212,AUDIO-CLIPS/noise_sounds/random/nishanth_background_0116.wav,standardized/background/random/background_random_000123.wav,background,BACKGROUND,.wav,natural,nishanth,random,3.0,16000,1,16,96044,1ed7a82ad4f9f448db298e382d479b234e4b181507ae3575f27f0f5466040160,OK
TRN_000213,AUDIO-CLIPS/noise_sounds/random/nishanth_background_0117.wav,standardized/background/random/background_random_000124.wav,background,BACKGROUND,.wav,natural,nishanth,random,3.0,16000,1,16,96044,bfe5ca09edc95e56b2b477eaa7e47a355ba11b61375ccde28eea4d6bbf542a80,WARNING
TRN_000214,AUDIO-CLIPS/noise_sounds/random/nishanth_background_0118.wav,standardized/background/random/background_random_000125.wav,background,BACKGROUND,.wav,natural,nishanth,random,3.0,16000,1,16,96044,ff597e4b1f2de04dae1674ab54e823462a64b4795eb127db948ec1df6bd8849f,WARNING
TRN_000215,AUDIO-CLIPS/noise_sounds/random/nishanth_background_0119.wav,standardized/background/random/background_random_000126.wav,background,BACKGROUND,.wav,natural,nishanth,random,3.0,16000,1,16,96044,bc50231bb2031dba6b00c8ca0272c039f2ac24faa5ebdf6cff1063694f7078bb,WARNING
TRN_000216,AUDIO-CLIPS/noise_sounds/random/nishanth_background_0120.wav,standardized/background/random/background_random_000127.wav,background,BACKGROUND,.wav,natural,nishanth,random,3.0,16000,1,16,96044,5447eda82b237a9ab56c1bfd9557e613e8c6bd81e595b173b44195bebfb32f5a,OK
TRN_000217,AUDIO-CLIPS/noise_sounds/random/nishanth_background_0121.wav,standardized/background/random/background_random_000128.wav,background,BACKGROUND,.wav,natural,nishanth,random,3.0,16000,1,16,96044,fe09f9e6a7c67d022ac64ab6be18478636700eab5f88e764b47d0007913c0d55,OK
TRN_000218,AUDIO-CLIPS/noise_sounds/random/nishanth_background_0122.wav,standardized/background/random/background_random_000129.wav,background,BACKGROUND,.wav,natural,nishanth,random,3.0,16000,1,16,96044,091b773e2e1716da98fcf92295d28f405b110c904bffeff79eeb46216a326c1c,OK
TRN_000219,AUDIO-CLIPS/noise_sounds/random/nishanth_background_0123.wav,standardized/background/random/background_random_000130.wav,background,BACKGROUND,.wav,natural,nishanth,random,3.0,16000,1,16,96044,65ed0f27491a156bad1078d9737fc3365f7ec81eacdf77eb0c8380ba8978639d,OK
TRN_000220,AUDIO-CLIPS/noise_sounds/random/nishanth_background_0124.wav,standardized/background/random/background_random_000131.wav,background,BACKGROUND,.wav,natural,nishanth,random,3.0,16000,1,16,96044,b255d4ab2db5a26d90babc14b699370b55a80bb140d1b13295ac1e3cdeeef1f5,OK
TRN_000221,AUDIO-CLIPS/noise_sounds/random/nishanth_background_0125.wav,standardized/background/random/background_random_000132.wav,background,BACKGROUND,.wav,natural,nishanth,random,3.0,16000,1,16,96044,f99259b9cd200cd58e779f4d6c4fa6501ad2e7aebf29452f559edc29fe1688ea,OK
TRN_000222,AUDIO-CLIPS/noise_sounds/random/nishanth_background_0126.wav,standardized/background/random/background_random_000133.wav,background,BACKGROUND,.wav,natural,nishanth,random,3.0,16000,1,16,96044,fba4f6b82f4d0f9d8cf2061420bdcb2989706f12f9dda0f60d5e858c403fa401,OK
TRN_000223,AUDIO-CLIPS/noise_sounds/random/nishanth_background_0127.wav,standardized/background/random/background_random_000134.wav,background,BACKGROUND,.wav,natural,nishanth,random,3.0,16000,1,16,96044,c585b0cd879a88d2ba1182965dcefcd58a26835f83df7821ce81c1dbbe1fe16a,OK
TRN_000224,AUDIO-CLIPS/noise_sounds/random/nishanth_background_0128.wav,standardized/background/random/background_random_000135.wav,background,BACKGROUND,.wav,natural,nishanth,random,3.0,16000,1,16,96044,c81877328ea94f028c79f5b3b8c4611c0c740791deba4a1d69e960d0428901e0,OK
TRN_000225,AUDIO-CLIPS/noise_sounds/random/nishanth_background_0129.wav,standardized/background/random/background_random_000136.wav,background,BACKGROUND,.wav,natural,nishanth,random,3.0,16000,1,16,96044,a3318bd95e009e4782a42cde29c09b5f5a389432fbd9629131235a791b28c0c1,OK
TRN_000226,AUDIO-CLIPS/noise_sounds/random/nishanth_background_0130.wav,standardized/background/random/background_random_000137.wav,background,BACKGROUND,.wav,natural,nishanth,random,3.0,16000,1,16,96044,e37d2fac8b20aab0354a7ffb51345dd4747802a917001156d43cb95fa0cfdaee,OK
TRN_000227,AUDIO-CLIPS/noise_sounds/random/nishanth_background_0131.wav,standardized/background/random/background_random_000138.wav,background,BACKGROUND,.wav,natural,nishanth,random,3.0,16000,1,16,96044,5447006203569cdea36e5d36f01bfe13e2bc2d2ce54da4686898cc95939a69d9,OK
TRN_000228,AUDIO-CLIPS/noise_sounds/random/nishanth_background_0132.wav,standardized/background/random/background_random_000139.wav,background,BACKGROUND,.wav,natural,nishanth,random,3.0,16000,1,16,96044,d6a8e3ee8962ef4665f1b668563b39f1c8ebe939b128bf5d8785eb670fb03ba6,OK
TRN_000229,AUDIO-CLIPS/noise_sounds/random/nishanth_background_0133.wav,standardized/background/random/background_random_000140.wav,background,BACKGROUND,.wav,natural,nishanth,random,3.0,16000,1,16,96044,b1f93d6faadb4dee66437dd5c8c727a7175e2c214aec85e13746f14cdff4f76d,OK
TRN_000230,AUDIO-CLIPS/noise_sounds/random/nishanth_background_0134.wav,standardized/background/random/background_random_000141.wav,background,BACKGROUND,.wav,natural,nishanth,random,3.0,16000,1,16,96044,7cada893e719d88125a849215173286f030394464f08365592ada415669b5f71,OK
TRN_000231,AUDIO-CLIPS/noise_sounds/random/nishanth_background_0135.wav,standardized/background/random/background_random_000142.wav,background,BACKGROUND,.wav,natural,nishanth,random,3.0,16000,1,16,96044,73674bc0ef57cc1d6ff53738f328d7849031483c4f789ef74315b3c9a625992d,OK
TRN_000232,AUDIO-CLIPS/noise_sounds/random/nishanth_background_0136.wav,standardized/background/random/background_random_000143.wav,background,BACKGROUND,.wav,natural,nishanth,random,3.0,16000,1,16,96044,d4b29510c075d66f81a8dda2976fb38991efeba831ba7987c865a1f23dff561a,OK
TRN_000233,AUDIO-CLIPS/noise_sounds/random/nishanth_background_0137.wav,standardized/background/random/background_random_000144.wav,background,BACKGROUND,.wav,natural,nishanth,random,3.0,16000,1,16,96044,3be7b0cb5fc499ecc930e472464e4c526bb4c1f94376dfb51b961e8138e9491a,OK
TRN_000234,AUDIO-CLIPS/noise_sounds/random/nishanth_background_0138.wav,standardized/background/random/background_random_000145.wav,background,BACKGROUND,.wav,natural,nishanth,random,3.0,16000,1,16,96044,da5677f0337fd614731d5da4bcd3803af3812eeb69357326a3dd6b54d84d4d03,OK
TRN_000235,AUDIO-CLIPS/noise_sounds/random/nishanth_background_0139.wav,standardized/background/random/background_random_000146.wav,background,BACKGROUND,.wav,natural,nishanth,random,3.0,16000,1,16,96044,99c64aedee38a20a5ccf88eee61e19ae041acf0c9850e3004a0c9a29e04e4ba1,OK
TRN_000236,AUDIO-CLIPS/noise_sounds/random/nishanth_background_0140.wav,standardized/background/random/background_random_000147.wav,background,BACKGROUND,.wav,natural,nishanth,random,3.0,16000,1,16,96044,67ff618bc37ce6870aa2f83ad111eb2143c70561f4d97e9435a2c098ed8059c7,OK
TRN_000237,AUDIO-CLIPS/noise_sounds/random/nishanth_background_0141.wav,standardized/background/random/background_random_000148.wav,background,BACKGROUND,.wav,natural,nishanth,random,3.0,16000,1,16,96044,257649fdf4b9aa09408d01716d3713475c1d6a374c04f5dc8e225a49cb9d2289,OK
TRN_000238,AUDIO-CLIPS/noise_sounds/random/nishanth_background_0142.wav,standardized/background/random/background_random_000149.wav,background,BACKGROUND,.wav,natural,nishanth,random,3.0,16000,1,16,96044,f518bc0f00de71e0151c4a3548e236c50d1a152068705d13d1daf2b260133c2e,OK
TRN_000239,AUDIO-CLIPS/noise_sounds/random/nishanth_background_0143.wav,standardized/background/random/background_random_000150.wav,background,BACKGROUND,.wav,natural,nishanth,random,3.0,16000,1,16,96044,f4c1581169bdc0c51ab41b1c20e757832387786dab46afd3a2263855b253e3ac,OK
TRN_000240,AUDIO-CLIPS/noise_sounds/random/nishanth_background_0144.wav,standardized/background/random/background_random_000151.wav,background,BACKGROUND,.wav,natural,nishanth,random,3.0,16000,1,16,96044,93e89c1134fab38f31425b7b860ede39168f10547b9e75711295e4a6f0907839,OK
TRN_000241,AUDIO-CLIPS/noise_sounds/random/nishanth_background_0145.wav,standardized/background/random/background_random_000152.wav,background,BACKGROUND,.wav,natural,nishanth,random,3.0,16000,1,16,96044,2b1559a44d3fec28ef28616024613c001ff4de827cd0eb30955cb7d14c75b4e6,WARNING
TRN_000242,AUDIO-CLIPS/noise_sounds/random/nishanth_background_0146.wav,standardized/background/random/background_random_000153.wav,background,BACKGROUND,.wav,natural,nishanth,random,3.0,16000,1,16,96044,0645f8faf87eec5c63f2914d0461067ead0f843a71d4d0f7f598a0476ea331b4,OK
TRN_000243,AUDIO-CLIPS/noise_sounds/random/nishanth_background_0147.wav,standardized/background/random/background_random_000154.wav,background,BACKGROUND,.wav,natural,nishanth,random,3.0,16000,1,16,96044,cc3bc9e8aeb272f35c4ef7ed86b6ed2749a77feefad7b11aff77ff1f80603e18,OK
TRN_000244,AUDIO-CLIPS/noise_sounds/random/nishanth_background_0148.wav,standardized/background/random/background_random_000155.wav,background,BACKGROUND,.wav,natural,nishanth,random,3.0,16000,1,16,96044,0eb8da07e8987910f7a0ace1cc35bf5f5923c5ed8e4d4c0f3dc71b15217b1a26,OK
TRN_000245,AUDIO-CLIPS/noise_sounds/random/nishanth_background_0149.wav,standardized/background/random/background_random_000156.wav,background,BACKGROUND,.wav,natural,nishanth,random,3.0,16000,1,16,96044,9dc76c329029af5a90600e083eade4525ed66bbe63bf4a4ae429fe3306985dac,OK
TRN_000246,AUDIO-CLIPS/noise_sounds/random/nishanth_background_0150.wav,standardized/background/random/background_random_000157.wav,background,BACKGROUND,.wav,natural,nishanth,random,3.0,16000,1,16,96044,c6a40d0a8371ae340a10ff4c989bd63209ce6ac759d71530a14ef89159ce94ae,OK
TRN_000247,AUDIO-CLIPS/noise_sounds/random/nishanth_background_0151.wav,standardized/background/random/background_random_000158.wav,background,BACKGROUND,.wav,natural,nishanth,random,3.0,16000,1,16,96044,ba5554d0ee2a4b2903487dd5a2097e1f2d83b9b7d6a1f33be8446ea55df90de0,OK
TRN_000248,AUDIO-CLIPS/noise_sounds/random/nishanth_background_0152.wav,standardized/background/random/background_random_000159.wav,background,BACKGROUND,.wav,natural,nishanth,random,3.0,16000,1,16,96044,2ba8661abe81b7746154fc54e5b85cc8f06f35a292bc310788b94bb0aef4d3d9,OK
TRN_000249,AUDIO-CLIPS/noise_sounds/random/nishanth_background_0153.wav,standardized/background/random/background_random_000160.wav,background,BACKGROUND,.wav,natural,nishanth,random,3.0,16000,1,16,96044,a2c3f2af2638b198045edeb7400f1b2bc28e2d3800f69123cfaabf93f0ca424a,OK
TRN_000250,AUDIO-CLIPS/noise_sounds/random/nishanth_background_0154.wav,standardized/background/random/background_random_000161.wav,background,BACKGROUND,.wav,natural,nishanth,random,3.0,16000,1,16,96044,7362092bfac818e1f4d6b423f391a11ad16e18cd1957c8b6bf0db33018fa5588,OK
TRN_000251,AUDIO-CLIPS/noise_sounds/random/nishanth_background_0155.wav,standardized/background/random/background_random_000162.wav,background,BACKGROUND,.wav,natural,nishanth,random,3.0,16000,1,16,96044,54583a958d0a77151850caec19d72bef628f651f66c121afede840b446fd879b,OK
TRN_000252,AUDIO-CLIPS/noise_sounds/random/nishanth_background_0156.wav,standardized/background/random/background_random_000163.wav,background,BACKGROUND,.wav,natural,nishanth,random,3.0,16000,1,16,96044,7989a90e1cb2efaad41d3ff59a9e1aae807471e30802183c1bdccd2e6cf6ea90,OK
TRN_000253,AUDIO-CLIPS/noise_sounds/random/nishanth_background_0157.wav,standardized/background/random/background_random_000164.wav,background,BACKGROUND,.wav,natural,nishanth,random,3.0,16000,1,16,96044,5e8bed7fff7956a4f36c4daefeae526d3fa6a45adf8bb5d7f3103ef480c40cae,OK
TRN_000254,AUDIO-CLIPS/noise_sounds/random/nishanth_background_0158.wav,standardized/background/random/background_random_000165.wav,background,BACKGROUND,.wav,natural,nishanth,random,3.0,16000,1,16,96044,88cc71c0f7689491123c62e1ece09cd7e9335475ff3900fffd4cb813274ac1e3,OK
TRN_000255,AUDIO-CLIPS/noise_sounds/random/nishanth_background_0159.wav,standardized/background/random/background_random_000166.wav,background,BACKGROUND,.wav,natural,nishanth,random,3.0,16000,1,16,96044,463bc972cdb1220e3d2c38b79f307fc33c9d1e5a7244e876c2d70171eb8328b2,OK
TRN_000256,AUDIO-CLIPS/noise_sounds/random/nishanth_background_0160.wav,standardized/background/random/background_random_000167.wav,background,BACKGROUND,.wav,natural,nishanth,random,3.0,16000,1,16,96044,51b971dff702f0badf6c456d76e99dd11e92d8109c95e0e3e16f51e73c1799f1,OK
TRN_000257,AUDIO-CLIPS/noise_sounds/random/nishanth_background_0161.wav,standardized/background/random/background_random_000168.wav,background,BACKGROUND,.wav,natural,nishanth,random,3.0,16000,1,16,96044,52c58dc6b6ae40f2d4b87e7a5f50d2bc7812c91eb169c15639a57d2572a59b56,OK
TRN_000258,AUDIO-CLIPS/noise_sounds/random/nishanth_background_0162.wav,standardized/background/random/background_random_000169.wav,background,BACKGROUND,.wav,natural,nishanth,random,3.0,16000,1,16,96044,8a246669d630a7cf0ad5a89b1a2591e30d62afc23f138d6f9fc816786deadd40,OK
TRN_000259,AUDIO-CLIPS/noise_sounds/random/nishanth_background_0163.wav,standardized/background/random/background_random_000170.wav,background,BACKGROUND,.wav,natural,nishanth,random,3.0,16000,1,16,96044,09b4973d517ee587b83ad720c4f38cb553dcd9c2e4759092ef88ad4aabf69242,OK
TRN_000260,AUDIO-CLIPS/noise_sounds/random/nishanth_background_0164.wav,standardized/background/random/background_random_000171.wav,background,BACKGROUND,.wav,natural,nishanth,random,3.0,16000,1,16,96044,859312c45dce39a144b0eccac45ad5bf5fb9275970c007412ff4dfe710555705,OK
TRN_000261,AUDIO-CLIPS/noise_sounds/random/nishanth_background_0165.wav,standardized/background/random/background_random_000172.wav,background,BACKGROUND,.wav,natural,nishanth,random,3.0,16000,1,16,96044,eabb08aac5f5dfa0f9f99e0aa7141354169737a6be10ce06d010163a623ab477,OK
TRN_000262,AUDIO-CLIPS/noise_sounds/random/nishanth_background_0166.wav,standardized/background/random/background_random_000173.wav,background,BACKGROUND,.wav,natural,nishanth,random,3.0,16000,1,16,96044,ae834a548d8f4d9c3433f746a46fd11a0992ae687060fbeac2003041c9b2f5a6,OK
TRN_000263,AUDIO-CLIPS/noise_sounds/random/nishanth_background_0167.wav,standardized/background/random/background_random_000174.wav,background,BACKGROUND,.wav,natural,nishanth,random,3.0,16000,1,16,96044,7ef53ce68487ef312d7386d202d2a9d7256be5b6b2050d81db046f9c71bf7a17,OK
TRN_000264,AUDIO-CLIPS/noise_sounds/random/nishanth_background_0168.wav,standardized/background/random/background_random_000175.wav,background,BACKGROUND,.wav,natural,nishanth,random,3.0,16000,1,16,96044,20a47fdc69c4b7d27aacb256e916e188e54d1fefcf2dcb9dfb555130b1493e25,OK
TRN_000265,AUDIO-CLIPS/noise_sounds/random/nishanth_background_0169.wav,standardized/background/random/background_random_000176.wav,background,BACKGROUND,.wav,natural,nishanth,random,3.0,16000,1,16,96044,40adfd521a1ff004d488417fdfa983c5fc75bfb13e9f272fab1725bc95772f32,OK
TRN_000266,AUDIO-CLIPS/noise_sounds/random/nishanth_background_0170.wav,standardized/background/random/background_random_000177.wav,background,BACKGROUND,.wav,natural,nishanth,random,3.0,16000,1,16,96044,4784786919a9fb51dca6ec3d365946059fcd796e75693aad9b4b8a60e46182fb,OK
TRN_000267,AUDIO-CLIPS/noise_sounds/random/nishanth_background_0171.wav,standardized/background/random/background_random_000178.wav,background,BACKGROUND,.wav,natural,nishanth,random,3.0,16000,1,16,96044,5fad9d025ca77bec1de22bae0f98e500e1480d8a23bdc09392ce1f64979f16e1,OK
TRN_000268,AUDIO-CLIPS/noise_sounds/random/nishanth_background_0172.wav,standardized/background/random/background_random_000179.wav,background,BACKGROUND,.wav,natural,nishanth,random,3.0,16000,1,16,96044,7efd4edc3c24f1871f4e1bbf39969c46545ed9b09d8f4c230028ec05cfc371cf,OK
TRN_000269,AUDIO-CLIPS/noise_sounds/random/nishanth_background_0173.wav,standardized/background/random/background_random_000180.wav,background,BACKGROUND,.wav,natural,nishanth,random,3.0,16000,1,16,96044,84719031e55cd650710b35136718a065ce90974a491d22d74cd0eaed84a66184,OK
TRN_000270,AUDIO-CLIPS/noise_sounds/random/nishanth_background_0174.wav,standardized/background/random/background_random_000181.wav,background,BACKGROUND,.wav,natural,nishanth,random,3.0,16000,1,16,96044,d3ecccf4d87ca349a27fd539b55b4419aa6bcd2c2ecdc343fd430a0ff24b8090,OK
TRN_000271,AUDIO-CLIPS/noise_sounds/random/nishanth_background_0175.wav,standardized/background/random/background_random_000182.wav,background,BACKGROUND,.wav,natural,nishanth,random,3.0,16000,1,16,96044,07975c3ca2fac6deda822c0bbae666b32fb75109b07d6c3de08c46a204927b25,OK
TRN_000272,AUDIO-CLIPS/noise_sounds/random/nishanth_background_0176.wav,standardized/background/random/background_random_000183.wav,background,BACKGROUND,.wav,natural,nishanth,random,3.0,16000,1,16,96044,1787cd8d863e8a03a792bf8789e5eee34dfd356c062956ada6301ba69feba27f,OK
TRN_000273,AUDIO-CLIPS/noise_sounds/random/nishanth_background_0177.wav,standardized/background/random/background_random_000184.wav,background,BACKGROUND,.wav,natural,nishanth,random,3.0,16000,1,16,96044,f625a30f3b40eeddc6d979ff61cb27f4cbec7bdd0c6e8b184359b64e39d9f584,OK
TRN_000274,AUDIO-CLIPS/noise_sounds/random/nishanth_background_0178.wav,standardized/background/random/background_random_000185.wav,background,BACKGROUND,.wav,natural,nishanth,random,3.0,16000,1,16,96044,2a3b93242bf696e6a2af3305f5c158434643353c3dad0eefc3b311adf04065c2,OK
TRN_000275,AUDIO-CLIPS/noise_sounds/random/nishanth_background_0179.wav,standardized/background/random/background_random_000186.wav,background,BACKGROUND,.wav,natural,nishanth,random,3.0,16000,1,16,96044,9b321f3fb5bdf08ecc8c74517dd9b53def2fe98c850d62a20e40d66bb8118840,OK
TRN_000276,AUDIO-CLIPS/noise_sounds/random/nishanth_background_0180.wav,standardized/background/random/background_random_000187.wav,background,BACKGROUND,.wav,natural,nishanth,random,3.0,16000,1,16,96044,659637296720cc0aa923e751b029eb7a54733b0b868ac24e61fa104f500e2c70,OK
TRN_000277,AUDIO-CLIPS/noise_sounds/random/nishanth_background_0181.wav,standardized/background/random/background_random_000188.wav,background,BACKGROUND,.wav,natural,nishanth,random,3.0,16000,1,16,96044,b3ffa42e7218ad14263317e3ac08bcc9301d2973cfbcbe57aa6146870f292606,OK
TRN_000278,AUDIO-CLIPS/noise_sounds/random/nishanth_background_0182.wav,standardized/background/random/background_random_000189.wav,background,BACKGROUND,.wav,natural,nishanth,random,3.0,16000,1,16,96044,68835c0fd46514dfbba5ec89cd7aab2f923c36aa33b85984eb76bb13743115b0,OK
TRN_000279,AUDIO-CLIPS/noise_sounds/random/nishanth_background_0183.wav,standardized/background/random/background_random_000190.wav,background,BACKGROUND,.wav,natural,nishanth,random,3.0,16000,1,16,96044,18e002cea3fb850d76556756671f1d78d8657b558a79703c4ef4b6bd2c6d9c55,OK
TRN_000280,AUDIO-CLIPS/noise_sounds/random/nishanth_background_0184.wav,standardized/background/random/background_random_000191.wav,background,BACKGROUND,.wav,natural,nishanth,random,3.0,16000,1,16,96044,817eb11443a64f71ac915aad7e79fd606d7c3ee164c1270a9dbc0ada1f182712,OK
TRN_000281,AUDIO-CLIPS/noise_sounds/random/nishanth_background_0185.wav,standardized/background/random/background_random_000192.wav,background,BACKGROUND,.wav,natural,nishanth,random,3.0,16000,1,16,96044,14a842f9600cf03a4b130eaee4e8f924cff72bfaa19ea67d40ce00148f04651f,OK
TRN_000282,AUDIO-CLIPS/noise_sounds/random/nishanth_background_0186.wav,standardized/background/random/background_random_000193.wav,background,BACKGROUND,.wav,natural,nishanth,random,3.0,16000,1,16,96044,4917db839344a8c51a41462bd2e2b08fb8591217ae1409b17c238b01381df4b5,OK
TRN_000283,AUDIO-CLIPS/noise_sounds/random/nishanth_background_0187.wav,standardized/background/random/background_random_000194.wav,background,BACKGROUND,.wav,natural,nishanth,random,3.0,16000,1,16,96044,ee5ab6de4dd9fd1d564c572c7035fd8f62f018e9b127dbee8a455d4ae4b3eaca,OK
TRN_000284,AUDIO-CLIPS/noise_sounds/random/nishanth_background_0188.wav,standardized/background/random/background_random_000195.wav,background,BACKGROUND,.wav,natural,nishanth,random,3.0,16000,1,16,96044,3e6b6e1493a2abf5bc2463514b629eb77275dbc5b8dd8b6e5f03318a62713bdc,OK
TRN_000285,AUDIO-CLIPS/noise_sounds/random/nishanth_background_0189.wav,standardized/background/random/background_random_000196.wav,background,BACKGROUND,.wav,natural,nishanth,random,3.0,16000,1,16,96044,d7e30faa3177f453f4acb7b3e1dd9037289bb32edbcaea67cbbbb32d2676170b,OK
TRN_000286,AUDIO-CLIPS/noise_sounds/random/nishanth_background_0190.wav,standardized/background/random/background_random_000197.wav,background,BACKGROUND,.wav,natural,nishanth,random,3.0,16000,1,16,96044,cba386848b4433817085ed2ccc709324e64bb3a924a124173702e0f91058120f,OK
TRN_000287,AUDIO-CLIPS/noise_sounds/random/nishanth_background_0191.wav,standardized/background/random/background_random_000198.wav,background,BACKGROUND,.wav,natural,nishanth,random,3.0,16000,1,16,96044,163ea0ee0d07a4ac71994f30f6637f3e6a6b5c6267c5e2bc3e41c37f2e68be31,OK
TRN_000288,AUDIO-CLIPS/noise_sounds/random/nishanth_background_0192.wav,standardized/background/random/background_random_000199.wav,background,BACKGROUND,.wav,natural,nishanth,random,3.0,16000,1,16,96044,eae321f9972114718436998b5c17b22642320614b1bd45d0996bf5693e6e9ee0,OK
TRN_000289,AUDIO-CLIPS/noise_sounds/random/nishanth_background_0193.wav,standardized/background/random/background_random_000200.wav,background,BACKGROUND,.wav,natural,nishanth,random,3.0,16000,1,16,96044,26eb35a4fd4b3fcbb45db4462222997f29b55f5d8ec59fb6cb6755bba6dfcd93,OK
TRN_000290,AUDIO-CLIPS/noise_sounds/random/nishanth_background_0194.wav,standardized/background/random/background_random_000201.wav,background,BACKGROUND,.wav,natural,nishanth,random,3.0,16000,1,16,96044,83bac0146fb02efffbdc754508bb17301d0bd159270a9b7207f7e99831861bb9,OK
TRN_000291,AUDIO-CLIPS/noise_sounds/random/nishanth_background_0195.wav,standardized/background/random/background_random_000202.wav,background,BACKGROUND,.wav,natural,nishanth,random,3.0,16000,1,16,96044,d2bae29fcd05d9eb82ce6b606d9eca1226d6a49e9a5bd984e6bbcaf3233a8ed0,OK
TRN_000292,AUDIO-CLIPS/noise_sounds/random/nishanth_background_0196.wav,standardized/background/random/background_random_000203.wav,background,BACKGROUND,.wav,natural,nishanth,random,3.0,16000,1,16,96044,d7271a2e91f9807a7297968b97f40de5615e642040ac44e4c63ec9875914d8fe,OK
TRN_000293,AUDIO-CLIPS/noise_sounds/random/nishanth_background_0197.wav,standardized/background/random/background_random_000204.wav,background,BACKGROUND,.wav,natural,nishanth,random,3.0,16000,1,16,96044,08c8dfbc67995d17dafe24409c5c9ec2892ab3d59811ea7c5c05cd433e75b3bf,OK
TRN_000294,AUDIO-CLIPS/noise_sounds/random/nishanth_background_0198.wav,standardized/background/random/background_random_000205.wav,background,BACKGROUND,.wav,natural,nishanth,random,3.0,16000,1,16,96044,d3c5f9b4ad64bbce98b9aed831cdec6416f9c0ebef01bc1087ad2bc1f9bd8c9b,OK
TRN_000295,AUDIO-CLIPS/noise_sounds/random/nishanth_background_0199.wav,standardized/background/random/background_random_000206.wav,background,BACKGROUND,.wav,natural,nishanth,random,3.0,16000,1,16,96044,5993a5295846859778d96801f28b71c91c39d378d217eb90e62601f48099e71e,OK
TRN_000296,AUDIO-CLIPS/noise_sounds/random/nishanth_background_0200.wav,standardized/background/random/background_random_000207.wav,background,BACKGROUND,.wav,natural,nishanth,random,3.0,16000,1,16,96044,4e7defde28c9d09ef53c2bbb28b42ec4a87629856f229e929104fb2ce8860585,OK
TRN_000297,AUDIO-CLIPS/noise_sounds/random/nishanth_background_0201.wav,standardized/background/random/background_random_000208.wav,background,BACKGROUND,.wav,natural,nishanth,random,3.0,16000,1,16,96044,68717b5e5e5fbebdfdfc05abcc5a10d2d1f24cd3ecefea2a8c8886425e45eaaa,OK
TRN_000298,AUDIO-CLIPS/noise_sounds/random/nishanth_background_0202.wav,standardized/background/random/background_random_000209.wav,background,BACKGROUND,.wav,natural,nishanth,random,3.0,16000,1,16,96044,50ed5d3783d2b7efcfcbdcea12414e3b8e8dfead7a88c512e4632e5a5b01739c,OK
TRN_000299,AUDIO-CLIPS/noise_sounds/random/nishanth_background_0203.wav,standardized/background/random/background_random_000210.wav,background,BACKGROUND,.wav,natural,nishanth,random,3.0,16000,1,16,96044,16b30f5d37b3170a340736ff6ad9979ffa99f3525e86a378c2f42b2891f876c0,OK
TRN_000300,AUDIO-CLIPS/noise_sounds/random/nishanth_background_0204.wav,standardized/background/random/background_random_000211.wav,background,BACKGROUND,.wav,natural,nishanth,random,3.0,16000,1,16,96044,92dca7bcf04f034af12263be2cad2b4aff78ee63c084c38e4845aa2e355bf98a,OK
TRN_000301,AUDIO-CLIPS/noise_sounds/random/nishanth_background_0205.wav,standardized/background/random/background_random_000212.wav,background,BACKGROUND,.wav,natural,nishanth,random,3.0,16000,1,16,96044,13f2356ce075717d8d017481a41b29609253b6177aab02af42117bf1fa33d2fa,OK
TRN_000302,AUDIO-CLIPS/noise_sounds/random/nishanth_background_0206.wav,standardized/background/random/background_random_000213.wav,background,BACKGROUND,.wav,natural,nishanth,random,3.0,16000,1,16,96044,554b7c729874f47cfd2b910de0467bb6c4cd8a3714b9d9b0a52b8b308306bf7d,OK
TRN_000303,AUDIO-CLIPS/noise_sounds/random/nishanth_background_0207.wav,standardized/background/random/background_random_000214.wav,background,BACKGROUND,.wav,natural,nishanth,random,3.0,16000,1,16,96044,3467787b729f2091138b6c9401639de53dd26986fbb341fc661cd1d740345951,OK
TRN_000304,AUDIO-CLIPS/noise_sounds/random/nishanth_background_0208.wav,standardized/background/random/background_random_000215.wav,background,BACKGROUND,.wav,natural,nishanth,random,3.0,16000,1,16,96044,08e4100e1cc79043f3cbb73ab57ed9fa9311a1f67a82077b7f91e070bd3c9586,OK
TRN_000305,AUDIO-CLIPS/noise_sounds/random/nishanth_background_0209.wav,standardized/background/random/background_random_000216.wav,background,BACKGROUND,.wav,natural,nishanth,random,3.0,16000,1,16,96044,839091ab2993c4992e050b54012364de98800fbd024ffbe47c577e1c4410ba30,OK
TRN_000306,AUDIO-CLIPS/noise_sounds/random/nishanth_background_0210.wav,standardized/background/random/background_random_000217.wav,background,BACKGROUND,.wav,natural,nishanth,random,3.0,16000,1,16,96044,bc428729428971b4d5d8e9eb23fa94124bbc9614c8bfc45148521762ee715202,OK
TRN_000307,AUDIO-CLIPS/noise_sounds/random/nishanth_background_0211.wav,standardized/background/random/background_random_000218.wav,background,BACKGROUND,.wav,natural,nishanth,random,3.0,16000,1,16,96044,879a1a3093890e2e603c277a27b52ce708114025ca4d8e092b63f6700034e05d,OK
TRN_000308,AUDIO-CLIPS/noise_sounds/random/nishanth_background_0212.wav,standardized/background/random/background_random_000219.wav,background,BACKGROUND,.wav,natural,nishanth,random,3.0,16000,1,16,96044,1bfa60c479aaa96aa3b8fe1bcfead1808f875638ae07786bbf685fe292b44983,OK
TRN_000309,AUDIO-CLIPS/noise_sounds/random/nishanth_background_0213.wav,standardized/background/random/background_random_000220.wav,background,BACKGROUND,.wav,natural,nishanth,random,3.0,16000,1,16,96044,98be39137a57c6e760e4da446cadbb0f06217e5db5cc72fe5dbda894e0262919,OK
TRN_000310,AUDIO-CLIPS/noise_sounds/random/nishanth_background_0214.wav,standardized/background/random/background_random_000221.wav,background,BACKGROUND,.wav,natural,nishanth,random,3.0,16000,1,16,96044,131360091b9a275b5c81463875dc8d7846d6407d140c1fca1f11761798a8f57a,OK
TRN_000311,AUDIO-CLIPS/noise_sounds/random/nishanth_background_0215.wav,standardized/background/random/background_random_000222.wav,background,BACKGROUND,.wav,natural,nishanth,random,3.0,16000,1,16,96044,936e14c475a9d2f3b77d6219c29a8fba7b583dbc8481188b60b8d1fcfb0eac30,OK
TRN_000312,AUDIO-CLIPS/noise_sounds/random/nishanth_background_0216.wav,standardized/background/random/background_random_000223.wav,background,BACKGROUND,.wav,natural,nishanth,random,3.0,16000,1,16,96044,77f4c655a6108c66272ebe622409149214b063d14513a2cea8e10d82fadb5b48,OK
TRN_000313,AUDIO-CLIPS/noise_sounds/random/nishanth_background_0217.wav,standardized/background/random/background_random_000224.wav,background,BACKGROUND,.wav,natural,nishanth,random,3.0,16000,1,16,96044,03e47e0f17a0b10f2433f67836ad4e176a01f93a2efe73334a90c264f530387a,OK
TRN_000314,AUDIO-CLIPS/noise_sounds/random/nishanth_background_0218.wav,standardized/background/random/background_random_000225.wav,background,BACKGROUND,.wav,natural,nishanth,random,3.0,16000,1,16,96044,e0cf7a66e28bab784c20d57cafa6aa887a865b848d66e2a0873dbd04de1832bb,OK
TRN_000315,AUDIO-CLIPS/noise_sounds/random/nishanth_background_0219.wav,standardized/background/random/background_random_000226.wav,background,BACKGROUND,.wav,natural,nishanth,random,3.0,16000,1,16,96044,121cad75fde01553da752c4de1d4a75d4c8322fa18e11bda0bb00604952b1596,OK
TRN_000316,AUDIO-CLIPS/noise_sounds/random/nishanth_background_0220.wav,standardized/background/random/background_random_000227.wav,background,BACKGROUND,.wav,natural,nishanth,random,3.0,16000,1,16,96044,4c6ef19600667a97b2ba225afc0999835b5e6e63cfdaf7181022bdcd371bbc57,OK
TRN_000317,AUDIO-CLIPS/noise_sounds/random/nishanth_background_0221.wav,standardized/background/random/background_random_000228.wav,background,BACKGROUND,.wav,natural,nishanth,random,3.0,16000,1,16,96044,780bdcebbbcbfb084a4f94d7ecc850e2f228b4829ea69a0342d48561047fc61a,OK
TRN_000318,AUDIO-CLIPS/noise_sounds/random/nishanth_background_0222.wav,standardized/background/random/background_random_000229.wav,background,BACKGROUND,.wav,natural,nishanth,random,3.0,16000,1,16,96044,2af10cdd1d45716a299cfe251083bb7c5f4ed61af82edbf0737e71c770b1ac42,OK
TRN_000319,AUDIO-CLIPS/noise_sounds/random/nishanth_background_0223.wav,standardized/background/random/background_random_000230.wav,background,BACKGROUND,.wav,natural,nishanth,random,3.0,16000,1,16,96044,3d4c51b71ccf562e6895814666a956e725e9cddcd29ac5e0f57d4e054ea41b37,OK
TRN_000320,AUDIO-CLIPS/noise_sounds/random/nishanth_background_0224.wav,standardized/background/random/background_random_000231.wav,background,BACKGROUND,.wav,natural,nishanth,random,3.0,16000,1,16,96044,f2558875cb7d9d03a90a43c8d6b20a6e326933c9788be6404409750ae30d7937,OK
TRN_000321,AUDIO-CLIPS/noise_sounds/random/nishanth_background_0225.wav,standardized/background/random/background_random_000232.wav,background,BACKGROUND,.wav,natural,nishanth,random,3.0,16000,1,16,96044,4845249b74de49f3f6c857ecfd7a91c21087979d7a3c6dd0b15a0a2f10d8a525,OK
TRN_000322,AUDIO-CLIPS/noise_sounds/random/nishanth_background_0226.wav,standardized/background/random/background_random_000233.wav,background,BACKGROUND,.wav,natural,nishanth,random,3.0,16000,1,16,96044,0102ec94a80dd79f72cf5e11f0dade5e758eef21ffd1647c0b1a84becd60e580,OK
TRN_000323,AUDIO-CLIPS/noise_sounds/random/nishanth_background_0227.wav,standardized/background/random/background_random_000234.wav,background,BACKGROUND,.wav,natural,nishanth,random,3.0,16000,1,16,96044,a68a22b1a5f4d8a5c87f9d6b772fa2490a44afa4ada8333b926b2752eaac3df8,OK
TRN_000324,AUDIO-CLIPS/noise_sounds/random/nishanth_background_0228.wav,standardized/background/random/background_random_000235.wav,background,BACKGROUND,.wav,natural,nishanth,random,3.0,16000,1,16,96044,f3558d9d3b1fcb31e4e3112a9441c346c3d15c64caf7f23884790f377ea9fb31,OK
TRN_000325,AUDIO-CLIPS/noise_sounds/random/nishanth_background_0229.wav,standardized/background/random/background_random_000236.wav,background,BACKGROUND,.wav,natural,nishanth,random,3.0,16000,1,16,96044,bb7b0b10990bb496814075dde4551ed46b18106ff81030d06005fd0560eb3466,OK
TRN_000326,AUDIO-CLIPS/noise_sounds/random/nishanth_background_0230.wav,standardized/background/random/background_random_000237.wav,background,BACKGROUND,.wav,natural,nishanth,random,3.0,16000,1,16,96044,60b35190214b5107b6157e378b8e11833926494e023ea6297d7a519704f5e5dd,OK
TRN_000327,AUDIO-CLIPS/noise_sounds/random/nishanth_background_0231.wav,standardized/background/random/background_random_000238.wav,background,BACKGROUND,.wav,natural,nishanth,random,3.0,16000,1,16,96044,cf273a52000b7e11371554d86e83fc0d091d3dd0f32a1c8e40ea9f8a16dc0955,OK
TRN_000328,AUDIO-CLIPS/noise_sounds/random/nishanth_background_0232.wav,standardized/background/random/background_random_000239.wav,background,BACKGROUND,.wav,natural,nishanth,random,3.0,16000,1,16,96044,71f863119064d59087e362494c3f80522f6654ee6721db2c36d82cf6e7725f5b,OK
TRN_000329,AUDIO-CLIPS/noise_sounds/random/nishanth_background_0233.wav,standardized/background/random/background_random_000240.wav,background,BACKGROUND,.wav,natural,nishanth,random,3.0,16000,1,16,96044,d1611bf68f14f284b2373af4b9a01c49f3b1b8f2162753da8e8da2f429b2eeea,OK
TRN_000330,AUDIO-CLIPS/noise_sounds/random/nishanth_background_0234.wav,standardized/background/random/background_random_000241.wav,background,BACKGROUND,.wav,natural,nishanth,random,3.0,16000,1,16,96044,ba7f1a72b1478deb180d9d642d207e485ba9087677b752f6b831ed4a057acda1,OK
TRN_000331,AUDIO-CLIPS/noise_sounds/random/nishanth_background_0235.wav,standardized/background/random/background_random_000242.wav,background,BACKGROUND,.wav,natural,nishanth,random,3.0,16000,1,16,96044,29f11c522678ea6a8ecb24c3fb4fa54307eb29e313e14f62ad2b58f1446651fe,OK
TRN_000332,AUDIO-CLIPS/noise_sounds/random/nishanth_background_0236.wav,standardized/background/random/background_random_000243.wav,background,BACKGROUND,.wav,natural,nishanth,random,3.0,16000,1,16,96044,0708b119eb5826f6a82ce7a2a1cacb6342ab5e8aad4947c84c70b80288b9e302,OK
TRN_000333,AUDIO-CLIPS/noise_sounds/random/nishanth_background_0237.wav,standardized/background/random/background_random_000244.wav,background,BACKGROUND,.wav,natural,nishanth,random,3.0,16000,1,16,96044,c5d2b493c5ae1b5b8fb5cd97bd25b2f0a82ae64864496ebd129a2c527b858b89,OK
TRN_000334,AUDIO-CLIPS/noise_sounds/random/nishanth_background_0238.wav,standardized/background/random/background_random_000245.wav,background,BACKGROUND,.wav,natural,nishanth,random,3.0,16000,1,16,96044,9a8eacdfe8b087761fcdbcc9cd967fd085c00ddca1ec742c4645588015380782,OK
TRN_000335,AUDIO-CLIPS/noise_sounds/random/nishanth_background_0239.wav,standardized/background/random/background_random_000246.wav,background,BACKGROUND,.wav,natural,nishanth,random,3.0,16000,1,16,96044,9c8371ec79adf7753144a1be86bfee90cabd623e7cbb0080eda602a96255daaf,OK
TRN_000336,AUDIO-CLIPS/noise_sounds/random/nishanth_background_0240.wav,standardized/background/random/background_random_000247.wav,background,BACKGROUND,.wav,natural,nishanth,random,3.0,16000,1,16,96044,93e6ec21493211b154c0a506461fd3a58ec98b3d1c4be6f5fadc613963716cd1,OK
TRN_000337,AUDIO-CLIPS/noise_sounds/random/nishanth_background_0241.wav,standardized/background/random/background_random_000248.wav,background,BACKGROUND,.wav,natural,nishanth,random,3.0,16000,1,16,96044,5473781065fdac75ef90db660ac49b5fb99983a5d203ce0288e5e8e13c4277cd,OK
TRN_000338,AUDIO-CLIPS/noise_sounds/random/nishanth_background_0242.wav,standardized/background/random/background_random_000249.wav,background,BACKGROUND,.wav,natural,nishanth,random,3.0,16000,1,16,96044,3e75a44c3429d6d482f38e7fd912242bacf826c702fc51d4ff8915499e83adad,OK
TRN_000339,AUDIO-CLIPS/noise_sounds/random/nishanth_background_0243.wav,standardized/background/random/background_random_000250.wav,background,BACKGROUND,.wav,natural,nishanth,random,3.0,16000,1,16,96044,a3ee7b2a23ffd976337dc74080d6946b3ecbe774517951315e8e1fc8c857816b,OK
TRN_000340,AUDIO-CLIPS/noise_sounds/random/nishanth_background_0244.wav,standardized/background/random/background_random_000251.wav,background,BACKGROUND,.wav,natural,nishanth,random,3.0,16000,1,16,96044,7fbc72b36becc5fa96b299c1247280a93361d57e65aadcf5ad0469432ba54a88,OK
TRN_000341,AUDIO-CLIPS/noise_sounds/random/nishanth_background_0245.wav,standardized/background/random/background_random_000252.wav,background,BACKGROUND,.wav,natural,nishanth,random,3.0,16000,1,16,96044,f3dd1913d3f988fb65b8ca68713e0ca3dc196b75e40be2208b55a03c37ba07d5,OK
TRN_000342,AUDIO-CLIPS/noise_sounds/random/nishanth_background_0246.wav,standardized/background/random/background_random_000253.wav,background,BACKGROUND,.wav,natural,nishanth,random,3.0,16000,1,16,96044,20d5a2faa7f3999ad7fe4585eb4df5568e8bdde9805fb6a7b6e3ce0c1cae1971,OK
TRN_000343,AUDIO-CLIPS/noise_sounds/random/nishanth_background_0247.wav,standardized/background/random/background_random_000254.wav,background,BACKGROUND,.wav,natural,nishanth,random,3.0,16000,1,16,96044,5b5008bc8082d5753543c1f506087254329126afd38a2142dcac37a2f5d5f23d,OK
TRN_000344,AUDIO-CLIPS/noise_sounds/random/nishanth_background_0248.wav,standardized/background/random/background_random_000255.wav,background,BACKGROUND,.wav,natural,nishanth,random,3.0,16000,1,16,96044,f73a580dfc91b18ab020fe6bed2f4cc27d6a68971cf6af716935e8f04b4ea15b,OK
TRN_000345,AUDIO-CLIPS/noise_sounds/random/nishanth_background_0249.wav,standardized/background/random/background_random_000256.wav,background,BACKGROUND,.wav,natural,nishanth,random,3.0,16000,1,16,96044,9ccee90f14599d1c313076c26a5c03ea5f39a63ab8f0d1268e2aa0474eff54e4,OK
TRN_000346,AUDIO-CLIPS/noise_sounds/random/nishanth_background_0250.wav,standardized/background/random/background_random_000257.wav,background,BACKGROUND,.wav,natural,nishanth,random,3.0,16000,1,16,96044,72c36ae93272c8c08baf2d1c6eb61d50cc7ebee2d00abae03330f1a8bb83bbd7,OK
TRN_000347,AUDIO-CLIPS/noise_sounds/random/nishanth_background_0251.wav,standardized/background/random/background_random_000258.wav,background,BACKGROUND,.wav,natural,nishanth,random,3.0,16000,1,16,96044,60e937d07306362981d4b3bfe0343b7e5c311ceaf0aba57a546bcc176592b4c7,OK
TRN_000348,AUDIO-CLIPS/noise_sounds/random/speaker_anush_background_0001.wav,standardized/background/random/background_random_000259.wav,background,BACKGROUND,.wav,natural,anush,random,3.0,16000,1,16,96044,72b929a669e93ffadf07d5f818f756922293923f6bb2e40377ffb07a87241269,WARNING
TRN_000349,AUDIO-CLIPS/noise_sounds/random/speaker_anush_background_0002.wav,standardized/background/random/background_random_000260.wav,background,BACKGROUND,.wav,natural,anush,random,3.0,16000,1,16,96044,baacf57da34b4434de45652e437876f46e6e1a6a3260e5c7ff700c2ab4c60b02,OK
TRN_000350,AUDIO-CLIPS/noise_sounds/random/speaker_anush_background_0003.wav,standardized/background/random/background_random_000261.wav,background,BACKGROUND,.wav,natural,anush,random,3.0,16000,1,16,96044,f1aaf9233852aae8ae8489ed75b463c56f62452ba618f175ffbca790aa35bd3b,OK
TRN_000351,AUDIO-CLIPS/noise_sounds/random/speaker_anush_background_0004.wav,standardized/background/random/background_random_000262.wav,background,BACKGROUND,.wav,natural,anush,random,3.0,16000,1,16,96044,9ef5dfc18f47ab9bbb190502f932aa9147662b23ab5c6f4165150d6b7bf64001,WARNING
TRN_000352,AUDIO-CLIPS/noise_sounds/random/speaker_anush_background_0005.wav,standardized/background/random/background_random_000263.wav,background,BACKGROUND,.wav,natural,anush,random,3.0,16000,1,16,96044,bba8831d4da56202051949fb8f568fe3531fc7f3e88628a23b2ad86a7a8570b0,WARNING
TRN_000353,AUDIO-CLIPS/noise_sounds/random/speaker_anush_background_0006.wav,standardized/background/random/background_random_000264.wav,background,BACKGROUND,.wav,natural,anush,random,3.0,16000,1,16,96044,265217ec707bddd602c2eb11dde02ba31ce3fa479a542850758c75706d919b34,OK
TRN_000354,AUDIO-CLIPS/noise_sounds/random/speaker_anush_background_0007.wav,standardized/background/random/background_random_000265.wav,background,BACKGROUND,.wav,natural,anush,random,3.0,16000,1,16,96044,e46581901c6864449b63e8f37056ea72bfb3913cdbd29298f30afa664cb67d6e,OK
TRN_000355,AUDIO-CLIPS/noise_sounds/random/speaker_anush_background_0008.wav,standardized/background/random/background_random_000266.wav,background,BACKGROUND,.wav,natural,anush,random,3.0,16000,1,16,96044,3f6c0742b3c1164c267f2c7a4bf7023cad9872fe8d6c806ed042c37d24e83b11,WARNING
TRN_000356,AUDIO-CLIPS/noise_sounds/random/speaker_anush_background_0009.wav,standardized/background/random/background_random_000267.wav,background,BACKGROUND,.wav,natural,anush,random,3.0,16000,1,16,96044,578d1cb0b94c7c8d17fa01c6c0638a37d82814b3babad69f7263026f8322e003,WARNING
TRN_000357,AUDIO-CLIPS/noise_sounds/random/speaker_anush_background_0010.wav,standardized/background/random/background_random_000268.wav,background,BACKGROUND,.wav,natural,anush,random,3.0,16000,1,16,96044,3677d7016733e8db3839086bccfcb64fb9069fd0a384d1f65713fb16b060383a,OK
TRN_000358,AUDIO-CLIPS/noise_sounds/random/speaker_anush_background_0011.wav,standardized/background/random/background_random_000269.wav,background,BACKGROUND,.wav,natural,anush,random,3.0,16000,1,16,96044,70edbcd15241d557082943d90836b2c98033dcfd352eb263cbeadba7693707ad,OK
TRN_000359,AUDIO-CLIPS/noise_sounds/random/speaker_anush_background_0012.wav,standardized/background/random/background_random_000270.wav,background,BACKGROUND,.wav,natural,anush,random,3.0,16000,1,16,96044,1d995b317c2ad083debfaf81cd2b30d0c3d40b2a7ea6e2cf19326a5b6cfbaf70,WARNING
TRN_000360,AUDIO-CLIPS/noise_sounds/random/speaker_anush_background_0013.wav,standardized/background/random/background_random_000271.wav,background,BACKGROUND,.wav,natural,anush,random,3.0,16000,1,16,96044,e51c45f10bf3630fed2f4b7a5f3f5b314ced88ee34966ec191db260376a9d092,WARNING
TRN_000361,AUDIO-CLIPS/noise_sounds/random/speaker_anush_background_0014.wav,standardized/background/random/background_random_000272.wav,background,BACKGROUND,.wav,natural,anush,random,3.0,16000,1,16,96044,ad4244bb74237383ab2ddaecbb11552ec51da94e2846b1a302db70ece35f8178,WARNING
TRN_000362,AUDIO-CLIPS/noise_sounds/random/speaker_anush_background_0015.wav,standardized/background/random/background_random_000273.wav,background,BACKGROUND,.wav,natural,anush,random,3.0,16000,1,16,96044,6cd8a2a4b83c7f24a18d16a9d4d316a84dcd5bcad9ab9f875fcafb6ba37bf56d,OK
TRN_000363,AUDIO-CLIPS/noise_sounds/random/speaker_anush_background_0016.wav,standardized/background/random/background_random_000274.wav,background,BACKGROUND,.wav,natural,anush,random,3.0,16000,1,16,96044,c4e8a72b4acf53871cf1f63dcc3bf81328cd22ab5073c5ab82322925d0341f80,WARNING
TRN_000364,AUDIO-CLIPS/noise_sounds/random/speaker_anush_background_0017.wav,standardized/background/random/background_random_000275.wav,background,BACKGROUND,.wav,natural,anush,random,3.0,16000,1,16,96044,a6a891ab6e348bc7ece99c3711a80e4a5def59c7aaa71cd806516844bb855454,OK
TRN_000365,AUDIO-CLIPS/noise_sounds/random/speaker_anush_background_0018.wav,standardized/background/random/background_random_000276.wav,background,BACKGROUND,.wav,natural,anush,random,3.0,16000,1,16,96044,cc86f0f2ed412ccf05a7c38306b677213f0a3b0d603333399fff57e4f8d3ec63,OK
TRN_000366,AUDIO-CLIPS/noise_sounds/random/speaker_anush_background_0019.wav,standardized/background/random/background_random_000277.wav,background,BACKGROUND,.wav,natural,anush,random,3.0,16000,1,16,96044,8d400b794cd13c47eed3c6c5cc740e271fe5a8ff49cf901340091cea4651e4d1,OK
TRN_000367,AUDIO-CLIPS/noise_sounds/random/speaker_anush_background_0020.wav,standardized/background/random/background_random_000278.wav,background,BACKGROUND,.wav,natural,anush,random,3.0,16000,1,16,96044,3427b08388fe18b054fa9472ceddb6eb1574ef9bb00159c82232b3d95be4f9c6,OK
TRN_000368,AUDIO-CLIPS/noise_sounds/traffic/traffic_01.wav,standardized/background/traffic/background_traffic_000001.wav,background,BACKGROUND,.wav,natural,unknown,traffic,1.5,16000,1,16,48044,0e29594e443505a3e027cf0df5843e69af062d676ae96e9460b65e83f066aecf,OK
TRN_000369,AUDIO-CLIPS/noise_sounds/traffic/traffic_02.wav,standardized/background/traffic/background_traffic_000002.wav,background,BACKGROUND,.wav,natural,unknown,traffic,1.5,16000,1,16,48044,736fc5d9d61c72cbce4fdef1c05bbcddee6a1cd7dbc066b45bdf9846ad949916,OK
TRN_000370,AUDIO-CLIPS/noise_sounds/traffic/traffic_03.wav,standardized/background/traffic/background_traffic_000003.wav,background,BACKGROUND,.wav,natural,unknown,traffic,1.5,16000,1,16,48044,7fdf54204b17c0808456c5e64b6387f14ac59dbbe3084c7f08dcb48c2d8a5bd1,OK
TRN_000371,AUDIO-CLIPS/noise_sounds/traffic/traffic_04.wav,standardized/background/traffic/background_traffic_000004.wav,background,BACKGROUND,.wav,natural,unknown,traffic,1.5,16000,1,16,48044,2973efd2960e65ec9cffe0bd833f3ccb3772249812303a543b3638af59355047,OK
TRN_000372,AUDIO-CLIPS/noise_sounds/traffic/traffic_05.wav,standardized/background/traffic/background_traffic_000005.wav,background,BACKGROUND,.wav,natural,unknown,traffic,1.5,16000,1,16,48044,4fa92d2f3aa49e9854dd8a2cef6232281b376341575c364a35301ec1ad5d9d7b,OK
TRN_000373,AUDIO-CLIPS/noise_sounds/traffic/traffic_06.wav,standardized/background/traffic/background_traffic_000006.wav,background,BACKGROUND,.wav,natural,unknown,traffic,1.5,16000,1,16,48044,e0c660b2abcafb1da4bdf1a220adcd1b0528e07deb3d01d0606daca9d16e4e3c,OK
TRN_000374,AUDIO-CLIPS/noise_sounds/traffic/traffic_07.wav,standardized/background/traffic/background_traffic_000007.wav,background,BACKGROUND,.wav,natural,unknown,traffic,1.5,16000,1,16,48044,87d55a34072e68f41651bd4c014e27e8dbf5073e6594872c95db7c77bd7a9204,OK
TRN_000375,AUDIO-CLIPS/noise_sounds/traffic/traffic_08.wav,standardized/background/traffic/background_traffic_000008.wav,background,BACKGROUND,.wav,natural,unknown,traffic,1.5,16000,1,16,48044,38e879bfeaba5793e2f0607fc4040c8b9c34f1a1a04d6e883a3bb6a28b38130e,OK
TRN_000376,AUDIO-CLIPS/noise_sounds/traffic/traffic_09.wav,standardized/background/traffic/background_traffic_000009.wav,background,BACKGROUND,.wav,natural,unknown,traffic,1.5,16000,1,16,48044,981ccdb5db220efe8e6896b09a700acd83efdde2787acf332f57e2d4ad8f6bf7,OK
TRN_000377,AUDIO-CLIPS/noise_sounds/traffic/traffic_10.wav,standardized/background/traffic/background_traffic_000010.wav,background,BACKGROUND,.wav,natural,unknown,traffic,1.5,16000,1,16,48044,6a82e91ab6bd3ff20a36342d39b3f8e0bcf3b285dd7a9d781410dcfce1f1d618,OK
TRN_000378,AUDIO-CLIPS/noise_sounds/traffic/traffic_11.wav,standardized/background/traffic/background_traffic_000011.wav,background,BACKGROUND,.wav,natural,unknown,traffic,1.5,16000,1,16,48044,42bd48bba79f56c43afbf133a8a5e0f50386f5ccbc0b01d1cf483a502ad200f3,OK
TRN_000379,AUDIO-CLIPS/noise_sounds/traffic/traffic_12.wav,standardized/background/traffic/background_traffic_000012.wav,background,BACKGROUND,.wav,natural,unknown,traffic,1.5,16000,1,16,48044,367ac311d3d3dfd2e00a5d2088316c67b199a42c20cfe1dd43df776e00ba224a,OK
TRN_000380,AUDIO-CLIPS/noise_sounds/traffic/traffic_13.wav,standardized/background/traffic/background_traffic_000013.wav,background,BACKGROUND,.wav,natural,unknown,traffic,1.5,16000,1,16,48044,431cdf5a0aef1eb873b923a3898807d3ce0e9be66f592f49d8d387e43cd05171,OK
TRN_000381,AUDIO-CLIPS/noise_sounds/traffic/traffic_14.wav,standardized/background/traffic/background_traffic_000014.wav,background,BACKGROUND,.wav,natural,unknown,traffic,1.5,16000,1,16,48044,35dd9524f2da711022d0742433582a1407a60fb2f4869ae44ee7cdb0377a3d0f,OK
TRN_000382,AUDIO-CLIPS/noise_sounds/traffic/traffic_15.wav,standardized/background/traffic/background_traffic_000015.wav,background,BACKGROUND,.wav,natural,unknown,traffic,1.5,16000,1,16,48044,30e52da6adc9624f57557c1225231ae6db5a21c82211711af6b4e873cdf4f0c1,OK
TRN_000383,AUDIO-CLIPS/noise_sounds/traffic/traffic_16.wav,standardized/background/traffic/background_traffic_000016.wav,background,BACKGROUND,.wav,natural,unknown,traffic,1.5,16000,1,16,48044,89466adb527f4e8396f10f6b0adfe510bc8e717dcde90b221434179b36cbee18,OK
TRN_000384,AUDIO-CLIPS/noise_sounds/traffic/traffic_17.wav,standardized/background/traffic/background_traffic_000017.wav,background,BACKGROUND,.wav,natural,unknown,traffic,1.5,16000,1,16,48044,e44f2dcce0cc1efb12aa2af8bd7e25672bccd303becc4a80ac8d93bc3cb387e7,OK
TRN_000385,AUDIO-CLIPS/noise_sounds/traffic/traffic_18.wav,standardized/background/traffic/background_traffic_000018.wav,background,BACKGROUND,.wav,natural,unknown,traffic,1.5,16000,1,16,48044,23616bd2cd180c70f332b37fc99d6106388dadd973c2ef2a3aee32bbf9073459,OK
TRN_000386,AUDIO-CLIPS/noise_sounds/traffic/traffic_19.wav,standardized/background/traffic/background_traffic_000019.wav,background,BACKGROUND,.wav,natural,unknown,traffic,1.5,16000,1,16,48044,d3a7c8cf0181685b53ccb2e6fede7c3a518455303c09ab80b9d6047d503fdf2a,OK
TRN_000387,AUDIO-CLIPS/noise_sounds/traffic/traffic_20.wav,standardized/background/traffic/background_traffic_000020.wav,background,BACKGROUND,.wav,natural,unknown,traffic,1.5,16000,1,16,48044,cb198cf6e85decd9c51d1666ac8be7ad9dfa25fd1ccd538936229d3970ed3d94,OK
TRN_000388,AUDIO-CLIPS/noise_sounds/tv/tv_01.wav,standardized/background/tv/background_tv_000001.wav,background,BACKGROUND,.wav,natural,unknown,tv,1.5,16000,1,16,48044,d73cae1cdd039f985511f77d677b5affc38160fdb6554f872d58ade9512a676f,OK
TRN_000389,AUDIO-CLIPS/noise_sounds/tv/tv_02.wav,standardized/background/tv/background_tv_000002.wav,background,BACKGROUND,.wav,natural,unknown,tv,1.5,16000,1,16,48044,3bdb2ae5b75c6bc86bcf8743c0a9f44a1deb900143c468f07b916ec59d31ee2b,OK
TRN_000390,AUDIO-CLIPS/noise_sounds/tv/tv_03.wav,standardized/background/tv/background_tv_000003.wav,background,BACKGROUND,.wav,natural,unknown,tv,1.5,16000,1,16,48044,d607ea205ef7d6d4e016ee71cdbf85dffa6d51538b8b923717dfffa44f43ff52,OK
TRN_000391,AUDIO-CLIPS/noise_sounds/tv/tv_04.wav,standardized/background/tv/background_tv_000004.wav,background,BACKGROUND,.wav,natural,unknown,tv,1.5,16000,1,16,48044,2577c6d1dbdb35b3de7eea45afa0969934e8aac43a403be4865ca2ffe4d9d822,OK
TRN_000392,AUDIO-CLIPS/noise_sounds/tv/tv_05.wav,standardized/background/tv/background_tv_000005.wav,background,BACKGROUND,.wav,natural,unknown,tv,1.5,16000,1,16,48044,9b8fd8fd64088bff262da190200c3d9943ec924400450e5086851cacb730063c,OK
TRN_000393,AUDIO-CLIPS/noise_sounds/tv/tv_06.wav,standardized/background/tv/background_tv_000006.wav,background,BACKGROUND,.wav,natural,unknown,tv,1.5,16000,1,16,48044,05447d484b79384a2f3dc268bf4ee3d413b3edf732c503bc4c133b1181892492,OK
TRN_000394,AUDIO-CLIPS/noise_sounds/tv/tv_07.wav,standardized/background/tv/background_tv_000007.wav,background,BACKGROUND,.wav,natural,unknown,tv,1.5,16000,1,16,48044,40905392d6661523532775fda66c1bb417682c19dc871bc661ee54dd2f007156,OK
TRN_000395,AUDIO-CLIPS/noise_sounds/tv/tv_08.wav,standardized/background/tv/background_tv_000008.wav,background,BACKGROUND,.wav,natural,unknown,tv,1.5,16000,1,16,48044,bc2925e214bb08ecfa0cad986c757e0f4d2dc2e82a48d38198f2228050dc78f7,OK
TRN_000396,AUDIO-CLIPS/noise_sounds/tv/tv_09.wav,standardized/background/tv/background_tv_000009.wav,background,BACKGROUND,.wav,natural,unknown,tv,1.5,16000,1,16,48044,cb54ff036f9c1a1436127925cc418cf26657bc6cc16cbec97138b50f3363f1fa,OK
TRN_000397,AUDIO-CLIPS/noise_sounds/tv/tv_10.wav,standardized/background/tv/background_tv_000010.wav,background,BACKGROUND,.wav,natural,unknown,tv,1.5,16000,1,16,48044,b5cc4e0413b8e983d8c293ebede3686513d25c18013dcc623f7cdd44647cd858,OK
TRN_000398,AUDIO-CLIPS/noise_sounds/tv/tv_11.wav,standardized/background/tv/background_tv_000011.wav,background,BACKGROUND,.wav,natural,unknown,tv,1.5,16000,1,16,48044,4afd9761f7471fd7bc73aa225524d768a13299a84d2d4bc875043ee0853ce1e7,OK
TRN_000399,AUDIO-CLIPS/noise_sounds/tv/tv_12.wav,standardized/background/tv/background_tv_000012.wav,background,BACKGROUND,.wav,natural,unknown,tv,1.5,16000,1,16,48044,c174942fd217d2522b6ea3f42264c014affeb65a39ee0a5db42f13fc51f94877,OK
TRN_000400,AUDIO-CLIPS/noise_sounds/tv/tv_13.wav,standardized/background/tv/background_tv_000013.wav,background,BACKGROUND,.wav,natural,unknown,tv,1.5,16000,1,16,48044,e2db706cdc93a0d74680acbb12bb618e8f97895e5939887205e91afe1d7bda5f,OK
TRN_000401,AUDIO-CLIPS/noise_sounds/tv/tv_14.wav,standardized/background/tv/background_tv_000014.wav,background,BACKGROUND,.wav,natural,unknown,tv,1.5,16000,1,16,48044,0fde1ee735591fb48eea3d0ca7381711f19a78a500db9ae1530d684ac3f0bd44,OK
TRN_000402,AUDIO-CLIPS/noise_sounds/tv/tv_15.wav,standardized/background/tv/background_tv_000015.wav,background,BACKGROUND,.wav,natural,unknown,tv,1.5,16000,1,16,48044,41bfd483ea658fe83ef3be88efc7b99844995ed5365264957ef5e5f5d52a72bf,OK
TRN_000403,AUDIO-CLIPS/noise_sounds/tv/tv_16.wav,standardized/background/tv/background_tv_000016.wav,background,BACKGROUND,.wav,natural,unknown,tv,1.5,16000,1,16,48044,15fe1281669c6cd77c7ec18ed5d218326769ac86b738cf8d5be06909a0c5b6ff,OK
TRN_000404,AUDIO-CLIPS/noise_sounds/tv/tv_17.wav,standardized/background/tv/background_tv_000017.wav,background,BACKGROUND,.wav,natural,unknown,tv,1.5,16000,1,16,48044,791610b20d345ba1974a2c809dce988ef5f22f433f2d287b391303b1efdaaba3,OK
TRN_000405,AUDIO-CLIPS/noise_sounds/tv/tv_18.wav,standardized/background/tv/background_tv_000018.wav,background,BACKGROUND,.wav,natural,unknown,tv,1.5,16000,1,16,48044,4382168c7504306200c6b0337c3d13301fc3b639dcabaf399260068f3fecff40,OK
TRN_000406,AUDIO-CLIPS/noise_sounds/tv/tv_19.wav,standardized/background/tv/background_tv_000019.wav,background,BACKGROUND,.wav,natural,unknown,tv,1.5,16000,1,16,48044,03ed50a3395633cbd7b519a23ddbaa1b015d4b9b4db637fcd7cc6bb43e8f9a09,OK
TRN_000407,AUDIO-CLIPS/noise_sounds/tv/tv_20.wav,standardized/background/tv/background_tv_000020.wav,background,BACKGROUND,.wav,natural,unknown,tv,1.5,16000,1,16,48044,0574d6712756542817cf265dbe5dad3849912b93d24914f656e859f0f4f20f91,OK
TRN_000408,AUDIO-CLIPS/negative_sounds/WhatsApp Audio 2026-08-31 at 11.00.14 PM (1).mp4,standardized/negative/negative_000001.wav,negative,UNKNOWN,.mp4,natural,unknown,clean,0.8592,16000,1,16,27538,bd261ec6eb51b9b9e14d77c4258bcbd5471cc4444b78b72c38dec37454f622c2,OK
TRN_000409,AUDIO-CLIPS/negative_sounds/WhatsApp Audio 2026-08-31 at 11.00.14 PM (2).mp4,standardized/negative/negative_000002.wav,negative,UNKNOWN,.mp4,natural,unknown,clean,1.6486,16000,1,16,52800,6e091634e111a2a098a23ab258ac2da7da13a9df25bc2fd188553bd8699d2879,OK
TRN_000410,AUDIO-CLIPS/negative_sounds/WhatsApp Audio 2026-08-31 at 11.00.14 PM (3).mp4,standardized/negative/negative_000003.wav,negative,UNKNOWN,.mp4,natural,unknown,clean,0.7199,16000,1,16,23080,96c3b436f4a587d95676a869041fd8d548ced1d04d9fe3d2af7d3ae18babd26d,OK
TRN_000411,AUDIO-CLIPS/negative_sounds/WhatsApp Audio 2026-08-31 at 11.00.14 PM (4).mp4,standardized/negative/negative_000004.wav,negative,UNKNOWN,.mp4,natural,unknown,clean,0.9056,16000,1,16,29024,3cad233a85acd87533778dc14cb01383a61711fece3cd3b20bc9917e69e7bb8b,OK
TRN_000412,AUDIO-CLIPS/negative_sounds/WhatsApp Audio 2026-08-31 at 11.00.14 PM.mp4,standardized/negative/negative_000005.wav,negative,UNKNOWN,.mp4,natural,unknown,clean,1.4164,16000,1,16,45370,a4b6f19a2adc33499a63531275dcac4e935f5a120fd8da334de10587b011e6a1,OK
TRN_000413,AUDIO-CLIPS/negative_sounds/WhatsApp Audio 2026-08-31 at 11.00.15 PM (1).mp4,standardized/negative/negative_000006.wav,negative,UNKNOWN,.mp4,natural,unknown,clean,1.0449,16000,1,16,33482,634067ecfeb0259cf1258b897934043309b1e00db3eebab97ea797a050265940,OK
TRN_000414,AUDIO-CLIPS/negative_sounds/WhatsApp Audio 2026-08-31 at 11.00.15 PM (2).mp4,standardized/negative/negative_000007.wav,negative,UNKNOWN,.mp4,natural,unknown,clean,1.7648,16000,1,16,56516,aca1e01618071395df9a7ec8fdc859fedf6ed0b4b575fcfb7f3894c337990c45,OK
TRN_000415,AUDIO-CLIPS/negative_sounds/WhatsApp Audio 2026-08-31 at 11.00.15 PM (3).mp4,standardized/negative/negative_000008.wav,negative,UNKNOWN,.mp4,natural,unknown,clean,1.5557,16000,1,16,49828,dcc0bc9855813d94ef4bbe70b81a68f542d66e03eb153bab86babbe8e00f33c8,OK
TRN_000416,AUDIO-CLIPS/negative_sounds/WhatsApp Audio 2026-08-31 at 11.00.15 PM (4).mp4,standardized/negative/negative_000009.wav,negative,UNKNOWN,.mp4,natural,unknown,clean,1.5557,16000,1,16,49828,dcc0bc9855813d94ef4bbe70b81a68f542d66e03eb153bab86babbe8e00f33c8,OK
TRN_000417,AUDIO-CLIPS/negative_sounds/WhatsApp Audio 2026-08-31 at 11.00.15 PM.mp4,standardized/negative/negative_000010.wav,negative,UNKNOWN,.mp4,natural,unknown,clean,1.2539,16000,1,16,40170,1d22d2231556501eb60145b5d81d1a7cca9d2e399babf25b27a27da4dab8f188,OK
TRN_000418,AUDIO-CLIPS/negative_sounds/WhatsApp Audio 2026-08-31 at 11.00.16 PM.mp4,standardized/negative/negative_000011.wav,negative,UNKNOWN,.mp4,natural,unknown,clean,1.6022,16000,1,16,51314,562bcd3103c7422c3ed12d2e36632a50043c84ae2264d5396a448646faed6c61,OK
TRN_000419,AUDIO-CLIPS/negative_sounds/nishanth_negative_0001.wav,standardized/negative/negative_000012.wav,negative,UNKNOWN,.wav,natural,nishanth,clean,3.0,16000,1,16,96044,79c36618aff0273e2e6fa4c3b394372aea78bd7dabbc150804c5f43966d78acf,OK
TRN_000420,AUDIO-CLIPS/negative_sounds/nishanth_negative_0002.wav,standardized/negative/negative_000013.wav,negative,UNKNOWN,.wav,natural,nishanth,clean,3.0,16000,1,16,96044,4dbd64940896b175aa15e20881c04d90f9f8db812efd0f02708b10c72233fb47,OK
TRN_000421,AUDIO-CLIPS/negative_sounds/nishanth_negative_0003.wav,standardized/negative/negative_000014.wav,negative,UNKNOWN,.wav,natural,nishanth,clean,3.0,16000,1,16,96044,ccde690215c79ee145b0967224d7b6280e1c3535ad874c95e0ee0635f9823707,OK
TRN_000422,AUDIO-CLIPS/negative_sounds/nishanth_negative_0004.wav,standardized/negative/negative_000015.wav,negative,UNKNOWN,.wav,natural,nishanth,clean,3.0,16000,1,16,96044,3e665e4b0f127f01b78b63110110e27473789e60a9e705657b9f988d80179e87,OK
TRN_000423,AUDIO-CLIPS/negative_sounds/nishanth_negative_0005.wav,standardized/negative/negative_000016.wav,negative,UNKNOWN,.wav,natural,nishanth,clean,3.0,16000,1,16,96044,38d2686183b87be57c3635d8d7ab4797dc968d476bc61e9e5d88968305f5ddc0,OK
TRN_000424,AUDIO-CLIPS/negative_sounds/nishanth_negative_0006.wav,standardized/negative/negative_000017.wav,negative,UNKNOWN,.wav,natural,nishanth,clean,3.0,16000,1,16,96044,c0bcdc84d929664610bfe00e6d39cfab15f93f40f28a08f3367644786bde9e7d,OK
TRN_000425,AUDIO-CLIPS/negative_sounds/nishanth_negative_0007.wav,standardized/negative/negative_000018.wav,negative,UNKNOWN,.wav,natural,nishanth,clean,3.0,16000,1,16,96044,7a97f8717b0950c2d4074978c962da2f86b5347c85356a5398d4f43c826f4ce6,OK
TRN_000426,AUDIO-CLIPS/negative_sounds/nishanth_negative_0008.wav,standardized/negative/negative_000019.wav,negative,UNKNOWN,.wav,natural,nishanth,clean,3.0,16000,1,16,96044,8e5855ca3f80d177b73a322dcda146e9e3963222225a30ecdc828c15691586ce,OK
TRN_000427,AUDIO-CLIPS/negative_sounds/nishanth_negative_0009.wav,standardized/negative/negative_000020.wav,negative,UNKNOWN,.wav,natural,nishanth,clean,3.0,16000,1,16,96044,23047f268d124a04e0abb6afaa24caccfd0381855afef43ccc03a266acd49ba9,OK
TRN_000428,AUDIO-CLIPS/negative_sounds/nishanth_negative_0010.wav,standardized/negative/negative_000021.wav,negative,UNKNOWN,.wav,natural,nishanth,clean,3.0,16000,1,16,96044,9b85f523d69558d9d49f04acdb5d9566888d95709a925419915be4974b3b1e86,OK
TRN_000429,AUDIO-CLIPS/negative_sounds/nishanth_negative_0011.wav,standardized/negative/negative_000022.wav,negative,UNKNOWN,.wav,natural,nishanth,clean,3.0,16000,1,16,96044,228746a6695eae1ad43a4e2885861ee06791518655ac50e4f614b6a6bb401072,OK
TRN_000430,AUDIO-CLIPS/negative_sounds/nishanth_negative_0012.wav,standardized/negative/negative_000023.wav,negative,UNKNOWN,.wav,natural,nishanth,clean,3.0,16000,1,16,96044,e7ff17280121f109ef24cba3bda01f1bb72530ed7acf64930a00f151b10d633d,OK
TRN_000431,AUDIO-CLIPS/negative_sounds/nishanth_negative_0013.wav,standardized/negative/negative_000024.wav,negative,UNKNOWN,.wav,natural,nishanth,clean,3.0,16000,1,16,96044,8b3aafb7916ba42b2b46d616f365bd5d5862cea6b5aec346f37e67bb23f87604,OK
TRN_000432,AUDIO-CLIPS/negative_sounds/nishanth_negative_0014.wav,standardized/negative/negative_000025.wav,negative,UNKNOWN,.wav,natural,nishanth,clean,3.0,16000,1,16,96044,cee86167461833ae102559e5176080c88f168144e3d56c9499c13a0ef3e19730,OK
TRN_000433,AUDIO-CLIPS/negative_sounds/nishanth_negative_0015.wav,standardized/negative/negative_000026.wav,negative,UNKNOWN,.wav,natural,nishanth,clean,3.0,16000,1,16,96044,caa2e60a4ee18a31ce355664bc7025ba5e399c5d74e57736b0dbe8f14a229132,OK
TRN_000434,AUDIO-CLIPS/negative_sounds/nishanth_negative_0016.wav,standardized/negative/negative_000027.wav,negative,UNKNOWN,.wav,natural,nishanth,clean,3.0,16000,1,16,96044,3a277a1dc1f3ebf00716025911d1f1650b3377765a8881966c42b35c627fd059,OK
TRN_000435,AUDIO-CLIPS/negative_sounds/nishanth_negative_0017.wav,standardized/negative/negative_000028.wav,negative,UNKNOWN,.wav,natural,nishanth,clean,3.0,16000,1,16,96044,0c3a973081039b744fdae152bd2dc57817e71149b446d1ee19dc81cd9380d694,OK
TRN_000436,AUDIO-CLIPS/negative_sounds/nishanth_negative_0018.wav,standardized/negative/negative_000029.wav,negative,UNKNOWN,.wav,natural,nishanth,clean,3.0,16000,1,16,96044,52786dab2a2008a878af5bfaeece31749e394de33fe9f1c336027d5f199a8c27,OK
TRN_000437,AUDIO-CLIPS/negative_sounds/nishanth_negative_0019.wav,standardized/negative/negative_000030.wav,negative,UNKNOWN,.wav,natural,nishanth,clean,3.0,16000,1,16,96044,99df6b3a9226bb22e2ff8e2ff736f72a815fab0e8fd964e5d5d45ecb8b0cb6b5,OK
TRN_000438,AUDIO-CLIPS/negative_sounds/nishanth_negative_0020.wav,standardized/negative/negative_000031.wav,negative,UNKNOWN,.wav,natural,nishanth,clean,3.0,16000,1,16,96044,8baff06caa18ce56306e93f14941526d614be99475bb40c19e845d0a4de00fd8,OK
TRN_000439,AUDIO-CLIPS/negative_sounds/nishanth_negative_0021.wav,standardized/negative/negative_000032.wav,negative,UNKNOWN,.wav,natural,nishanth,clean,3.0,16000,1,16,96044,7b84e668c7ebedf30f0363daf756169fe2f38097355964c92c6bce63a3475bf1,OK
TRN_000440,AUDIO-CLIPS/negative_sounds/nishanth_negative_0022.wav,standardized/negative/negative_000033.wav,negative,UNKNOWN,.wav,natural,nishanth,clean,3.0,16000,1,16,96044,3f7dce4a38169de1e259e432176597d5d8c460993e9aac37b042add6ba6e4483,OK
TRN_000441,AUDIO-CLIPS/negative_sounds/nishanth_negative_0023.wav,standardized/negative/negative_000034.wav,negative,UNKNOWN,.wav,natural,nishanth,clean,3.0,16000,1,16,96044,ac74aca4ba862cb8280ffdbcbe2c5f09962c111c3289105998af87bdeee4ee9b,OK
TRN_000442,AUDIO-CLIPS/negative_sounds/nishanth_negative_0024.wav,standardized/negative/negative_000035.wav,negative,UNKNOWN,.wav,natural,nishanth,clean,3.0,16000,1,16,96044,c23d8d6586230d30b5fb0068a110432120c97da52b6c3eedef6e64128925dae9,OK
TRN_000443,AUDIO-CLIPS/negative_sounds/nishanth_negative_0025.wav,standardized/negative/negative_000036.wav,negative,UNKNOWN,.wav,natural,nishanth,clean,3.0,16000,1,16,96044,4623292aa9a2a122fc3b7a008b8f4e257f74a4fc9217a3db986adbc09cbc5f98,OK
TRN_000444,AUDIO-CLIPS/negative_sounds/nishanth_negative_0026.wav,standardized/negative/negative_000037.wav,negative,UNKNOWN,.wav,natural,nishanth,clean,3.0,16000,1,16,96044,c708aa02ba2ad220f822867ebc5dc7efa558e68dbe873c2e7bb700a889de5ea6,OK
TRN_000445,AUDIO-CLIPS/negative_sounds/nishanth_negative_0027.wav,standardized/negative/negative_000038.wav,negative,UNKNOWN,.wav,natural,nishanth,clean,3.0,16000,1,16,96044,7af464fc405f4d57268135a4e041e420556d8aedae914c92c527484d2d722b72,OK
TRN_000446,AUDIO-CLIPS/negative_sounds/nishanth_negative_0028.wav,standardized/negative/negative_000039.wav,negative,UNKNOWN,.wav,natural,nishanth,clean,3.0,16000,1,16,96044,9f71a3c6c2a73191794970955630a85abf703b667f41bb07282ce8554b90077a,OK
TRN_000447,AUDIO-CLIPS/negative_sounds/nishanth_negative_0029.wav,standardized/negative/negative_000040.wav,negative,UNKNOWN,.wav,natural,nishanth,clean,3.0,16000,1,16,96044,f25eb186ccafd39ffd0a04802014e964ae4d345eb0a98dce357ce1338e82e5df,OK
TRN_000448,AUDIO-CLIPS/negative_sounds/nishanth_negative_0030.wav,standardized/negative/negative_000041.wav,negative,UNKNOWN,.wav,natural,nishanth,clean,3.0,16000,1,16,96044,b77268001e80895e6f6e23d5a3ef85f58ae786cdcedc4d62ef44b65c27b0a665,OK
TRN_000449,AUDIO-CLIPS/negative_sounds/nishanth_negative_0031.wav,standardized/negative/negative_000042.wav,negative,UNKNOWN,.wav,natural,nishanth,clean,3.0,16000,1,16,96044,d058d009725c9f9b3621686eeb908c3866d0ba0fb97567884b5d372564aab96f,OK
TRN_000450,AUDIO-CLIPS/negative_sounds/nishanth_negative_0032.wav,standardized/negative/negative_000043.wav,negative,UNKNOWN,.wav,natural,nishanth,clean,3.0,16000,1,16,96044,0fd5675cb1a5158eea386b1bf6a23d73dda8c8ccaa2c6138774417d2e7637da2,OK
TRN_000451,AUDIO-CLIPS/negative_sounds/nishanth_negative_0033.wav,standardized/negative/negative_000044.wav,negative,UNKNOWN,.wav,natural,nishanth,clean,3.0,16000,1,16,96044,82021488c3083ad2daf73bac8356c0e9faeea738cbe6b3bbdee61927090c692a,OK
TRN_000452,AUDIO-CLIPS/negative_sounds/nishanth_negative_0034.wav,standardized/negative/negative_000045.wav,negative,UNKNOWN,.wav,natural,nishanth,clean,3.0,16000,1,16,96044,545cd5be9f14c5e0c9568ccad66d66cb55813e955427b4e1d328b97b269b2739,WARNING
TRN_000453,AUDIO-CLIPS/negative_sounds/nishanth_negative_0035.wav,standardized/negative/negative_000046.wav,negative,UNKNOWN,.wav,natural,nishanth,clean,3.0,16000,1,16,96044,fafc92fc257d9e43cba71e3b18f74d4904aa66c87a135ccdf5247a324ca7b491,WARNING
TRN_000454,AUDIO-CLIPS/negative_sounds/nishanth_negative_0036.wav,standardized/negative/negative_000047.wav,negative,UNKNOWN,.wav,natural,nishanth,clean,3.0,16000,1,16,96044,b0fa5b2f9f618e6e1f33833c7c6855fe78171b077bb8f3ad367e4d546c6723db,OK
TRN_000455,AUDIO-CLIPS/negative_sounds/nishanth_negative_0037.wav,standardized/negative/negative_000048.wav,negative,UNKNOWN,.wav,natural,nishanth,clean,3.0,16000,1,16,96044,3e5dee544466ee4171919b37479651ac251ea57b6ed78407f155fcb31fba4acf,OK
TRN_000456,AUDIO-CLIPS/negative_sounds/nishanth_negative_0038.wav,standardized/negative/negative_000049.wav,negative,UNKNOWN,.wav,natural,nishanth,clean,3.0,16000,1,16,96044,5154a8f407317bb29be18fdb74ebaa73e91195fdcd5234b404338ca71fda2b33,OK
TRN_000457,AUDIO-CLIPS/negative_sounds/nishanth_negative_0039.wav,standardized/negative/negative_000050.wav,negative,UNKNOWN,.wav,natural,nishanth,clean,3.0,16000,1,16,96044,4749893b0b59e0a3c305babccc411819b1bc3821ec462ac7dcbaccb5de509a7a,OK
TRN_000458,AUDIO-CLIPS/negative_sounds/nishanth_negative_0040.wav,standardized/negative/negative_000051.wav,negative,UNKNOWN,.wav,natural,nishanth,clean,3.0,16000,1,16,96044,2dbf5d41ea99b488f5e6060d381cc344f5747dae2dfc1b7036d1a33156cbc530,OK
TRN_000459,AUDIO-CLIPS/negative_sounds/nishanth_negative_0041.wav,standardized/negative/negative_000052.wav,negative,UNKNOWN,.wav,natural,nishanth,clean,3.0,16000,1,16,96044,1baaf50f5b907b4458fbc17e6c2e2ac66a6c771f5d318ee5efeb16dcb451f255,OK
TRN_000460,AUDIO-CLIPS/negative_sounds/nishanth_negative_0042.wav,standardized/negative/negative_000053.wav,negative,UNKNOWN,.wav,natural,nishanth,clean,3.0,16000,1,16,96044,64b0924072a97570c9cab36ff7475357839297c15cbedf96b13e8be6e7418755,OK
TRN_000461,AUDIO-CLIPS/negative_sounds/nishanth_negative_0043.wav,standardized/negative/negative_000054.wav,negative,UNKNOWN,.wav,natural,nishanth,clean,3.0,16000,1,16,96044,20e7fc5021aeaadf58d2bc6b4b57ab2efeb4f5299df822bcdc6804cf69c8faf7,OK
TRN_000462,AUDIO-CLIPS/negative_sounds/nishanth_negative_0044.wav,standardized/negative/negative_000055.wav,negative,UNKNOWN,.wav,natural,nishanth,clean,3.0,16000,1,16,96044,7c7434b871490031846e856f21df0d621deae2dea1f4e3f488056a05978d2d5a,OK
TRN_000463,AUDIO-CLIPS/negative_sounds/nishanth_negative_0045.wav,standardized/negative/negative_000056.wav,negative,UNKNOWN,.wav,natural,nishanth,clean,3.0,16000,1,16,96044,5abf8a7c80c6f3a20811c30c263396880e58e23aa69d75742faa747d0114c9f5,OK
TRN_000464,AUDIO-CLIPS/negative_sounds/nishanth_negative_0046.wav,standardized/negative/negative_000057.wav,negative,UNKNOWN,.wav,natural,nishanth,clean,3.0,16000,1,16,96044,87e1a165ab0d6425b5145b35c66ebc1d0deab6f3c55109470f06766bf2089f21,OK
TRN_000465,AUDIO-CLIPS/negative_sounds/nishanth_negative_0047.wav,standardized/negative/negative_000058.wav,negative,UNKNOWN,.wav,natural,nishanth,clean,3.0,16000,1,16,96044,03cd9655cd0e1e291f0a3414febaec43b33ba7a16969f51535ee087a80bbbb9d,OK
TRN_000466,AUDIO-CLIPS/negative_sounds/nishanth_negative_0048.wav,standardized/negative/negative_000059.wav,negative,UNKNOWN,.wav,natural,nishanth,clean,3.0,16000,1,16,96044,4b644dd84d87ac70b65811f11193aeb69ca31fba358d372a7716614a298fb165,OK
TRN_000467,AUDIO-CLIPS/negative_sounds/nishanth_negative_0049.wav,standardized/negative/negative_000060.wav,negative,UNKNOWN,.wav,natural,nishanth,clean,3.0,16000,1,16,96044,9fb3ecf79164cca69638bb3d7b918d5a3cfe02b8b35a9577c38ccadbec903760,OK
TRN_000468,AUDIO-CLIPS/negative_sounds/nishanth_negative_0050.wav,standardized/negative/negative_000061.wav,negative,UNKNOWN,.wav,natural,nishanth,clean,3.0,16000,1,16,96044,e4cb47afceb9c5ea7fcc077651ecc69c84fc058d20fb52f9dfe792380ab94a47,OK
TRN_000469,AUDIO-CLIPS/negative_sounds/nishanth_negative_0051.wav,standardized/negative/negative_000062.wav,negative,UNKNOWN,.wav,natural,nishanth,clean,3.0,16000,1,16,96044,17486597d2f90aa1b2ab0210dbf34a3d2ae32d9e644bcfb11e3a51fd879dc56f,WARNING
TRN_000470,AUDIO-CLIPS/negative_sounds/nishanth_negative_0052.wav,standardized/negative/negative_000063.wav,negative,UNKNOWN,.wav,natural,nishanth,clean,3.0,16000,1,16,96044,8ccf068d89fe214b017812b7e86650c247fc4fcd452a6498eee106c3910d6484,OK
TRN_000471,AUDIO-CLIPS/negative_sounds/nishanth_negative_0053.wav,standardized/negative/negative_000064.wav,negative,UNKNOWN,.wav,natural,nishanth,clean,3.0,16000,1,16,96044,761ccc0baef238fcc18cd1a1a456102e3d02431c50686f69eecd38355764b088,OK
TRN_000472,AUDIO-CLIPS/negative_sounds/nishanth_negative_0054.wav,standardized/negative/negative_000065.wav,negative,UNKNOWN,.wav,natural,nishanth,clean,3.0,16000,1,16,96044,c15ed1a51cfc14e9f186ebbb48756b04e78fd202016412f8c749bdc93ed132e7,OK
TRN_000473,AUDIO-CLIPS/negative_sounds/nishanth_negative_0055.wav,standardized/negative/negative_000066.wav,negative,UNKNOWN,.wav,natural,nishanth,clean,3.0,16000,1,16,96044,066d6e0c5294423d84fbb77d989f22df25d6d4316c7185a005f1feb4aff13bcf,OK
TRN_000474,AUDIO-CLIPS/negative_sounds/nishanth_negative_0056.wav,standardized/negative/negative_000067.wav,negative,UNKNOWN,.wav,natural,nishanth,clean,3.0,16000,1,16,96044,c13bb7fd94e91f3c8c1f9d7ed58862f3e1052d9ee504dbb05cf9f49bc7b9a01e,OK
TRN_000475,AUDIO-CLIPS/negative_sounds/nishanth_negative_0057.wav,standardized/negative/negative_000068.wav,negative,UNKNOWN,.wav,natural,nishanth,clean,3.0,16000,1,16,96044,42be9146db9085162ef40b160418d3bd4013013cb94f3139423032e3d7df79bd,OK
TRN_000476,AUDIO-CLIPS/negative_sounds/nishanth_negative_0058.wav,standardized/negative/negative_000069.wav,negative,UNKNOWN,.wav,natural,nishanth,clean,3.0,16000,1,16,96044,06f1dd497b2b64e878a3e0f6c6b6c0196eed04a7ca24044129ebc414cb15b00f,OK
TRN_000477,AUDIO-CLIPS/negative_sounds/nishanth_negative_0059.wav,standardized/negative/negative_000070.wav,negative,UNKNOWN,.wav,natural,nishanth,clean,3.0,16000,1,16,96044,fb096eb1b7e1f21296a03f19e8c5cea19128a28634d03372dbfeb3be96f228e5,OK
TRN_000478,AUDIO-CLIPS/negative_sounds/nishanth_negative_0060.wav,standardized/negative/negative_000071.wav,negative,UNKNOWN,.wav,natural,nishanth,clean,3.0,16000,1,16,96044,4b1b63dbcbb95b57a8fd6cab9db344ca04bb6ff77d7bf16df051cd2f0f4002d3,OK
TRN_000479,AUDIO-CLIPS/negative_sounds/nishanth_negative_0061.wav,standardized/negative/negative_000072.wav,negative,UNKNOWN,.wav,natural,nishanth,clean,3.0,16000,1,16,96044,0c6445edb33f1390bee7281b6052e02bd7668b77faeb901a2a90921d30f76c0b,OK
TRN_000480,AUDIO-CLIPS/negative_sounds/nishanth_negative_0062.wav,standardized/negative/negative_000073.wav,negative,UNKNOWN,.wav,natural,nishanth,clean,3.0,16000,1,16,96044,5f8f6d2d825dd53e06c1f71da8f010ef790b589df1e322c5f260da9b0a182473,OK
TRN_000481,AUDIO-CLIPS/negative_sounds/nishanth_negative_0063.wav,standardized/negative/negative_000074.wav,negative,UNKNOWN,.wav,natural,nishanth,clean,3.0,16000,1,16,96044,594fdd4257b165080b6f01cb884175f32670caece445189afc1592bf80b94899,OK
TRN_000482,AUDIO-CLIPS/negative_sounds/nishanth_negative_0064.wav,standardized/negative/negative_000075.wav,negative,UNKNOWN,.wav,natural,nishanth,clean,3.0,16000,1,16,96044,9df7fedc7edbe7be37789850be00c45a61cdeabc25ee18ba2cc28f993918dd4c,OK
TRN_000483,AUDIO-CLIPS/negative_sounds/nishanth_negative_0065.wav,standardized/negative/negative_000076.wav,negative,UNKNOWN,.wav,natural,nishanth,clean,3.0,16000,1,16,96044,4f69c60344091eb9e14b7a78118ab8f5d59b51fece237f0c00c31ae5283153b7,OK
TRN_000484,AUDIO-CLIPS/negative_sounds/nishanth_negative_0066.wav,standardized/negative/negative_000077.wav,negative,UNKNOWN,.wav,natural,nishanth,clean,3.0,16000,1,16,96044,b24f79cd4cbb7f1c9ac2e770680548c54f746b48976fbf402b80b4183c34522d,OK
TRN_000485,AUDIO-CLIPS/negative_sounds/nishanth_negative_0067.wav,standardized/negative/negative_000078.wav,negative,UNKNOWN,.wav,natural,nishanth,clean,3.0,16000,1,16,96044,59a1a091534500610450b7d83d02802e206beaad16f6deac90a4e9692de339c6,OK
TRN_000486,AUDIO-CLIPS/negative_sounds/nishanth_negative_0068.wav,standardized/negative/negative_000079.wav,negative,UNKNOWN,.wav,natural,nishanth,clean,3.0,16000,1,16,96044,bd784a535183f8179fcaf191de151e2d41c0f5d12b5e9192721bfbf21272541f,OK
TRN_000487,AUDIO-CLIPS/negative_sounds/nishanth_negative_0069.wav,standardized/negative/negative_000080.wav,negative,UNKNOWN,.wav,natural,nishanth,clean,3.0,16000,1,16,96044,885a849e0d0e3645503ca1f05086bcbea68222e816ec2a2b56c75260a8c2fa60,OK
TRN_000488,AUDIO-CLIPS/negative_sounds/nishanth_negative_0070.wav,standardized/negative/negative_000081.wav,negative,UNKNOWN,.wav,natural,nishanth,clean,3.0,16000,1,16,96044,ba9ff45b95cce3fe0c88d1e9d3a96edc37d8f5eda6095b5a7752b50d4a963032,OK
TRN_000489,AUDIO-CLIPS/negative_sounds/nishanth_negative_0071.wav,standardized/negative/negative_000082.wav,negative,UNKNOWN,.wav,natural,nishanth,clean,3.0,16000,1,16,96044,5fc188d20f22952397db68145a1dd508014c50d2c961f96376c9928ad085454d,OK
TRN_000490,AUDIO-CLIPS/negative_sounds/nishanth_negative_0072.wav,standardized/negative/negative_000083.wav,negative,UNKNOWN,.wav,natural,nishanth,clean,3.0,16000,1,16,96044,f821f3a813271fb4d1ff6131e8d8b505bfade4edb0fdb432b2508dbedd2d8efc,OK
TRN_000491,AUDIO-CLIPS/negative_sounds/nishanth_negative_0073.wav,standardized/negative/negative_000084.wav,negative,UNKNOWN,.wav,natural,nishanth,clean,3.0,16000,1,16,96044,61a54c2d1cb0867bf7fbc21fefd8f7afbb2e598485a8d18c0d3218ae70997085,OK
TRN_000492,AUDIO-CLIPS/negative_sounds/nishanth_negative_0074.wav,standardized/negative/negative_000085.wav,negative,UNKNOWN,.wav,natural,nishanth,clean,3.0,16000,1,16,96044,0bf464b05b056ad2dac45c488ce5dee23b988a94ff6eeeeda37963fe2b7fed8f,OK
TRN_000493,AUDIO-CLIPS/negative_sounds/nishanth_negative_0075.wav,standardized/negative/negative_000086.wav,negative,UNKNOWN,.wav,natural,nishanth,clean,3.0,16000,1,16,96044,dc84a6d79d78abf43b6e00309ac2b08a3dd8587ba5cdae060f44ef37190f27a1,OK
TRN_000494,AUDIO-CLIPS/negative_sounds/nishanth_negative_0076.wav,standardized/negative/negative_000087.wav,negative,UNKNOWN,.wav,natural,nishanth,clean,3.0,16000,1,16,96044,9bf4bbc0dd134b18b6168bfdfd24005d1d2912c409405ab2dd5aba4eea291b46,OK
TRN_000495,AUDIO-CLIPS/negative_sounds/nishanth_negative_0077.wav,standardized/negative/negative_000088.wav,negative,UNKNOWN,.wav,natural,nishanth,clean,3.0,16000,1,16,96044,0e8a4896259e39489cb9bdef38bfceef497922165794e2ee3dcadf19114a5528,OK
TRN_000496,AUDIO-CLIPS/negative_sounds/nishanth_negative_0078.wav,standardized/negative/negative_000089.wav,negative,UNKNOWN,.wav,natural,nishanth,clean,3.0,16000,1,16,96044,1adfb6f0abbe97fc5ba9e0ad6512938e77dda81f2b5a4fc01bcb35b9dda56cb4,OK
TRN_000497,AUDIO-CLIPS/negative_sounds/nishanth_negative_0079.wav,standardized/negative/negative_000090.wav,negative,UNKNOWN,.wav,natural,nishanth,clean,3.0,16000,1,16,96044,509bf9a553b9d23e8db4db09696a3b351d421a7a428880a62b1df5c190418da6,OK
TRN_000498,AUDIO-CLIPS/negative_sounds/nishanth_negative_0080.wav,standardized/negative/negative_000091.wav,negative,UNKNOWN,.wav,natural,nishanth,clean,3.0,16000,1,16,96044,b48db48af9802ffb5dedfb3e5414da1d6e7452082481b885b92c4fd0182c9488,OK
TRN_000499,AUDIO-CLIPS/negative_sounds/nishanth_negative_0081.wav,standardized/negative/negative_000092.wav,negative,UNKNOWN,.wav,natural,nishanth,clean,3.0,16000,1,16,96044,f1c19072b85ff36f02efb701207aef151cef755244575909d0a332c8d66a950b,OK
TRN_000500,AUDIO-CLIPS/negative_sounds/nishanth_negative_0082.wav,standardized/negative/negative_000093.wav,negative,UNKNOWN,.wav,natural,nishanth,clean,3.0,16000,1,16,96044,d03fc2c0948e2957b60c3b5c50d0db40edbfce3ab5a739b76cfb80ec92e5d368,OK
TRN_000501,AUDIO-CLIPS/negative_sounds/nishanth_negative_0083.wav,standardized/negative/negative_000094.wav,negative,UNKNOWN,.wav,natural,nishanth,clean,3.0,16000,1,16,96044,05ed2cb39fc091ae90719f7b8da46d128f9d5182376e21d396ca06155e81b034,OK
TRN_000502,AUDIO-CLIPS/negative_sounds/nishanth_negative_0084.wav,standardized/negative/negative_000095.wav,negative,UNKNOWN,.wav,natural,nishanth,clean,3.0,16000,1,16,96044,7611ee7406804e222f9ab5ebdbba63cf5346c94097f0e79ea0b37891f87e9cbc,OK
TRN_000503,AUDIO-CLIPS/negative_sounds/nishanth_negative_0085.wav,standardized/negative/negative_000096.wav,negative,UNKNOWN,.wav,natural,nishanth,clean,3.0,16000,1,16,96044,45b2a259c101d4b50e83b22cd3f2ecc1b5b66ec1beee22edf12557de6c4a6c1c,OK
TRN_000504,AUDIO-CLIPS/negative_sounds/nishanth_negative_0086.wav,standardized/negative/negative_000097.wav,negative,UNKNOWN,.wav,natural,nishanth,clean,3.0,16000,1,16,96044,db2a993019520d68665bfb8a268b80f23e551cbf9ec76b579febb697fe04bba4,OK
TRN_000505,AUDIO-CLIPS/negative_sounds/nishanth_negative_0087.wav,standardized/negative/negative_000098.wav,negative,UNKNOWN,.wav,natural,nishanth,clean,3.0,16000,1,16,96044,c89a352e92b0dbc4c49cef483b22f6f9604006de70c3ad43ef65dd5bc7dc4885,OK
TRN_000506,AUDIO-CLIPS/negative_sounds/nishanth_negative_0088.wav,standardized/negative/negative_000099.wav,negative,UNKNOWN,.wav,natural,nishanth,clean,3.0,16000,1,16,96044,65b27677d909a519d15deb9854d6d78fb9c6835ec8a3d750afa75c6dc797d0f9,OK
TRN_000507,AUDIO-CLIPS/negative_sounds/nishanth_negative_0089.wav,standardized/negative/negative_000100.wav,negative,UNKNOWN,.wav,natural,nishanth,clean,3.0,16000,1,16,96044,145515b3421fac9f1a893ea148cde8e0c13f163ddd9b27ce7d2c8e45fc9dd9c6,OK
TRN_000508,AUDIO-CLIPS/negative_sounds/nishanth_negative_0090.wav,standardized/negative/negative_000101.wav,negative,UNKNOWN,.wav,natural,nishanth,clean,3.0,16000,1,16,96044,2ed8bb21dffe2bc30a07c258fc1e9bc5c42c5dc1f01b51c048c93aa2dfd06a89,OK
TRN_000509,AUDIO-CLIPS/negative_sounds/nishanth_negative_0091.wav,standardized/negative/negative_000102.wav,negative,UNKNOWN,.wav,natural,nishanth,clean,3.0,16000,1,16,96044,19994ae456b0de08f17079aa8a848e36aca902e384773a6427f124a1bec64230,OK
TRN_000510,AUDIO-CLIPS/negative_sounds/nishanth_negative_0092.wav,standardized/negative/negative_000103.wav,negative,UNKNOWN,.wav,natural,nishanth,clean,3.0,16000,1,16,96044,9cb1ae0079ed8db5c63210bc9e6917cde145756c2619258c09e4fbc39826a6cb,OK
TRN_000511,AUDIO-CLIPS/negative_sounds/nishanth_negative_0093.wav,standardized/negative/negative_000104.wav,negative,UNKNOWN,.wav,natural,nishanth,clean,3.0,16000,1,16,96044,5c09cbab060a3ad4812306b00c792c84c7142816c769d055643bbe10be55b09e,OK
TRN_000512,AUDIO-CLIPS/negative_sounds/nishanth_negative_0094.wav,standardized/negative/negative_000105.wav,negative,UNKNOWN,.wav,natural,nishanth,clean,3.0,16000,1,16,96044,ea22bc5e51defb465f4e9845f40a7b37fc7384e0458e94ede6787de6cb349fbc,OK
TRN_000513,AUDIO-CLIPS/negative_sounds/nishanth_negative_0095.wav,standardized/negative/negative_000106.wav,negative,UNKNOWN,.wav,natural,nishanth,clean,3.0,16000,1,16,96044,13eccd6feae1ad722de49441af08fc692ab49bdd02a28df237dab839490ef6cf,OK
TRN_000514,AUDIO-CLIPS/negative_sounds/nishanth_negative_0096.wav,standardized/negative/negative_000107.wav,negative,UNKNOWN,.wav,natural,nishanth,clean,3.0,16000,1,16,96044,62a8d24a17f7ab9e5728ec46edbe4741f58e6b4e8c5aa4f54885ea5312e43492,OK
TRN_000515,AUDIO-CLIPS/negative_sounds/nishanth_negative_0097.wav,standardized/negative/negative_000108.wav,negative,UNKNOWN,.wav,natural,nishanth,clean,3.0,16000,1,16,96044,a23384650430826095dbc0f8c9608977b70817d53e992c5c46868b160da4b0a1,OK
TRN_000516,AUDIO-CLIPS/negative_sounds/nishanth_negative_0098.wav,standardized/negative/negative_000109.wav,negative,UNKNOWN,.wav,natural,nishanth,clean,3.0,16000,1,16,96044,91c799d8eed9f22c56f9883402e92c152025e5da6ec0d6361b7ed496c9f0bf23,OK
TRN_000517,AUDIO-CLIPS/negative_sounds/nishanth_negative_0099.wav,standardized/negative/negative_000110.wav,negative,UNKNOWN,.wav,natural,nishanth,clean,3.0,16000,1,16,96044,0dcd013ff85c5e77868815e9470522d713397739dd7c801ae91f08d631097888,OK
TRN_000518,AUDIO-CLIPS/negative_sounds/nishanth_negative_0100.wav,standardized/negative/negative_000111.wav,negative,UNKNOWN,.wav,natural,nishanth,clean,3.0,16000,1,16,96044,2cf551fa7d68c4eac6af09c49ec0b265c4cd3e4602128dce08be43ac3f12bc0c,OK
TRN_000519,AUDIO-CLIPS/negative_sounds/nishanth_negative_0101.wav,standardized/negative/negative_000112.wav,negative,UNKNOWN,.wav,natural,nishanth,clean,3.0,16000,1,16,96044,242d99a86ec4a1708ed971f746a61cba529a1e612ed69efa8372191c3f049713,OK
TRN_000520,AUDIO-CLIPS/negative_sounds/nishanth_negative_0102.wav,standardized/negative/negative_000113.wav,negative,UNKNOWN,.wav,natural,nishanth,clean,3.0,16000,1,16,96044,51baebd1c6b8714a4d4ea755d73e5222a4288a8c2823fc7305d7998aae018d49,OK
TRN_000521,AUDIO-CLIPS/negative_sounds/nishanth_negative_0103.wav,standardized/negative/negative_000114.wav,negative,UNKNOWN,.wav,natural,nishanth,clean,3.0,16000,1,16,96044,e6f379134bb4425263486937f157885e694464c91b071b369e5bc87c8f42b4ef,OK
TRN_000522,AUDIO-CLIPS/negative_sounds/nishanth_negative_0104.wav,standardized/negative/negative_000115.wav,negative,UNKNOWN,.wav,natural,nishanth,clean,3.0,16000,1,16,96044,e54dfef7c41055a609c65fbd24a7cf6e5f542452f9ada16c4accd7fd293707c7,WARNING
TRN_000523,AUDIO-CLIPS/negative_sounds/nishanth_negative_0105.wav,standardized/negative/negative_000116.wav,negative,UNKNOWN,.wav,natural,nishanth,clean,3.0,16000,1,16,96044,6e487410fa37d92c8b2fce0d34d9489618391535c9d87b87e03ca8b1456aee1f,OK
TRN_000524,AUDIO-CLIPS/negative_sounds/nishanth_negative_0106.wav,standardized/negative/negative_000117.wav,negative,UNKNOWN,.wav,natural,nishanth,clean,3.0,16000,1,16,96044,fdc3f6eef80ee55c23c84c0f58b086785a89fcc33fdb6238b016396a63ab023c,OK
TRN_000525,AUDIO-CLIPS/negative_sounds/nishanth_negative_0107.wav,standardized/negative/negative_000118.wav,negative,UNKNOWN,.wav,natural,nishanth,clean,3.0,16000,1,16,96044,43de3f588d1c422717bfeaafcbe9e3a39305c9b867743d42af14b0daff8215d6,OK
TRN_000526,AUDIO-CLIPS/negative_sounds/nishanth_negative_0108.wav,standardized/negative/negative_000119.wav,negative,UNKNOWN,.wav,natural,nishanth,clean,3.0,16000,1,16,96044,3b1cca0356f02ccbd21afed4ef4c383e2e0e3758caecf6efd2cb14d79802168b,OK
TRN_000527,AUDIO-CLIPS/negative_sounds/nishanth_negative_0109.wav,standardized/negative/negative_000120.wav,negative,UNKNOWN,.wav,natural,nishanth,clean,3.0,16000,1,16,96044,5904261ba7d08d37fe986865026d5db422cd5fb27172365b8c84ebd11be76e46,OK
TRN_000528,AUDIO-CLIPS/negative_sounds/nishanth_negative_0110.wav,standardized/negative/negative_000121.wav,negative,UNKNOWN,.wav,natural,nishanth,clean,3.0,16000,1,16,96044,1a0f6a21d670f4da69c8dd31eb539c97ee0b8dac6006137861adc92877aef39d,OK
TRN_000529,AUDIO-CLIPS/negative_sounds/nishanth_negative_0111.wav,standardized/negative/negative_000122.wav,negative,UNKNOWN,.wav,natural,nishanth,clean,3.0,16000,1,16,96044,7b87740b827f9ca943cd9ad7bca6015c82e3a77581cea13348a2466660c3c021,OK
TRN_000530,AUDIO-CLIPS/negative_sounds/nishanth_negative_0112.wav,standardized/negative/negative_000123.wav,negative,UNKNOWN,.wav,natural,nishanth,clean,3.0,16000,1,16,96044,05a5abf8e2a562ec23c81dd2d162ce4997f91a040cafa4094005848d536d8569,OK
TRN_000531,AUDIO-CLIPS/negative_sounds/nishanth_negative_0113.wav,standardized/negative/negative_000124.wav,negative,UNKNOWN,.wav,natural,nishanth,clean,3.0,16000,1,16,96044,721516b5a7751ebb60cb4f27e3c27d91632398c32616655e7c097e7f001de6e6,OK
TRN_000532,AUDIO-CLIPS/negative_sounds/nishanth_negative_0114.wav,standardized/negative/negative_000125.wav,negative,UNKNOWN,.wav,natural,nishanth,clean,3.0,16000,1,16,96044,e86a8c96b111958e81b167c8eb1b495423f0452a0b804822c8f23f473271c939,OK
TRN_000533,AUDIO-CLIPS/negative_sounds/nishanth_negative_0115.wav,standardized/negative/negative_000126.wav,negative,UNKNOWN,.wav,natural,nishanth,clean,3.0,16000,1,16,96044,0583be26ae8d05654f8d0c0e350ea80ba8475adc98cb2285ece5cfe36ea80e9a,OK
TRN_000534,AUDIO-CLIPS/negative_sounds/nishanth_negative_0116.wav,standardized/negative/negative_000127.wav,negative,UNKNOWN,.wav,natural,nishanth,clean,3.0,16000,1,16,96044,50e09bfc71dc51543c7de90a3104fe7ac97c47b941a7e8e5f015600f681f5b76,OK
TRN_000535,AUDIO-CLIPS/negative_sounds/nishanth_negative_0117.wav,standardized/negative/negative_000128.wav,negative,UNKNOWN,.wav,natural,nishanth,clean,3.0,16000,1,16,96044,247bf6bef9a5770a89d956a821b8d2ce313426171aa6532834a8dae8bdda6313,OK
TRN_000536,AUDIO-CLIPS/negative_sounds/nishanth_negative_0118.wav,standardized/negative/negative_000129.wav,negative,UNKNOWN,.wav,natural,nishanth,clean,3.0,16000,1,16,96044,2be0d82bb0fc3622b88fa5a3ab1f0327241f3e0ba4d1303cd32d9cb6d0baf7d9,OK
TRN_000537,AUDIO-CLIPS/negative_sounds/nishanth_negative_0119.wav,standardized/negative/negative_000130.wav,negative,UNKNOWN,.wav,natural,nishanth,clean,3.0,16000,1,16,96044,db6f2a967c4555a0401a917437497efdb772cf8b598b37dff13fb35f01749abc,OK
TRN_000538,AUDIO-CLIPS/negative_sounds/nishanth_negative_0120.wav,standardized/negative/negative_000131.wav,negative,UNKNOWN,.wav,natural,nishanth,clean,3.0,16000,1,16,96044,b275a33e3408fe0a67b89ea615b35540a0c5776a5046f313be241444c0ffe656,OK
TRN_000539,AUDIO-CLIPS/negative_sounds/nishanth_negative_0121.wav,standardized/negative/negative_000132.wav,negative,UNKNOWN,.wav,natural,nishanth,clean,3.0,16000,1,16,96044,73fe9115b6efe77a5578f23c86509ee3b7aa93e0a29cdaada0a6d059c9689d7c,OK
TRN_000540,AUDIO-CLIPS/negative_sounds/nishanth_negative_0122.wav,standardized/negative/negative_000133.wav,negative,UNKNOWN,.wav,natural,nishanth,clean,3.0,16000,1,16,96044,2d36c8582e5e3ae750e8973706e1b00133845b85c8713599cb54cab7b03c191c,OK
TRN_000541,AUDIO-CLIPS/negative_sounds/nishanth_negative_0123.wav,standardized/negative/negative_000134.wav,negative,UNKNOWN,.wav,natural,nishanth,clean,3.0,16000,1,16,96044,206d1e033de06555c30586d9a1fe9e04418bfd076b360c4f5565be3d9a828f40,OK
TRN_000542,AUDIO-CLIPS/negative_sounds/nishanth_negative_0124.wav,standardized/negative/negative_000135.wav,negative,UNKNOWN,.wav,natural,nishanth,clean,3.0,16000,1,16,96044,21098325145c07c0d2bb1ab16caa5154cf6e1ca17de38851949dacfa474e374e,OK
TRN_000543,AUDIO-CLIPS/negative_sounds/nishanth_negative_0125.wav,standardized/negative/negative_000136.wav,negative,UNKNOWN,.wav,natural,nishanth,clean,3.0,16000,1,16,96044,6b023894d5618061bad696e8c616199cd4f7e267fcbb0ed6ed6262d54513fe97,OK
TRN_000544,AUDIO-CLIPS/negative_sounds/nishanth_negative_0126.wav,standardized/negative/negative_000137.wav,negative,UNKNOWN,.wav,natural,nishanth,clean,3.0,16000,1,16,96044,7cbc91f0f45a40b039f26b91941702d4fff7a59ba606a540dec2507032cd0dbc,OK
TRN_000545,AUDIO-CLIPS/negative_sounds/nishanth_negative_0127.wav,standardized/negative/negative_000138.wav,negative,UNKNOWN,.wav,natural,nishanth,clean,3.0,16000,1,16,96044,a5633bb6ceace5801982290037f51e07e126600655256576451d882f09743b12,OK
TRN_000546,AUDIO-CLIPS/negative_sounds/nishanth_negative_0128.wav,standardized/negative/negative_000139.wav,negative,UNKNOWN,.wav,natural,nishanth,clean,3.0,16000,1,16,96044,df0fb5e1471b5727c1b2af281cb79e9f17e8562df8e2488d09798ea959843339,OK
TRN_000547,AUDIO-CLIPS/negative_sounds/nishanth_negative_0129.wav,standardized/negative/negative_000140.wav,negative,UNKNOWN,.wav,natural,nishanth,clean,3.0,16000,1,16,96044,6272d7cb1449572d80c086b172dfd10c2d4efacb9d780132a76fa35fa650a93b,OK
TRN_000548,AUDIO-CLIPS/negative_sounds/nishanth_negative_0130.wav,standardized/negative/negative_000141.wav,negative,UNKNOWN,.wav,natural,nishanth,clean,3.0,16000,1,16,96044,cb63e3de53ba11046a535e4b1f8a08216002cb71c3b51d5c3b30cbfb9c6c9db8,OK
TRN_000549,AUDIO-CLIPS/negative_sounds/nishanth_negative_0131.wav,standardized/negative/negative_000142.wav,negative,UNKNOWN,.wav,natural,nishanth,clean,3.0,16000,1,16,96044,480b3cdb4d81b75b2c1e78f3cbb58277458111bd49841d679f4407e1d1126cb8,WARNING
TRN_000550,AUDIO-CLIPS/negative_sounds/nishanth_negative_0132.wav,standardized/negative/negative_000143.wav,negative,UNKNOWN,.wav,natural,nishanth,clean,3.0,16000,1,16,96044,a30a48ceae7be33b1414db3c0c01a9755cd333e3a074aa1923346d17527b84d2,OK
TRN_000551,AUDIO-CLIPS/negative_sounds/nishanth_negative_0133.wav,standardized/negative/negative_000144.wav,negative,UNKNOWN,.wav,natural,nishanth,clean,3.0,16000,1,16,96044,42e43765ffa9aefc38af34b80fdde23e4706fa287c36742703ed15e244dfa5a4,OK
TRN_000552,AUDIO-CLIPS/negative_sounds/nishanth_negative_0134.wav,standardized/negative/negative_000145.wav,negative,UNKNOWN,.wav,natural,nishanth,clean,3.0,16000,1,16,96044,87e5bcae5c94fc2af9145771b18544f42395ae4af8d8432d8062f2fafe9c118d,OK
TRN_000553,AUDIO-CLIPS/negative_sounds/nishanth_negative_0135.wav,standardized/negative/negative_000146.wav,negative,UNKNOWN,.wav,natural,nishanth,clean,3.0,16000,1,16,96044,72d1f6e5906d67ed47ffab78b37ce6b47cd2600e6fbfa77921d474176df0f5cf,OK
TRN_000554,AUDIO-CLIPS/negative_sounds/nishanth_negative_0136.wav,standardized/negative/negative_000147.wav,negative,UNKNOWN,.wav,natural,nishanth,clean,3.0,16000,1,16,96044,4834d146cb0427e7d01ec2414e43a0ef68839aa1d1c5b93a8f82105665d01d7e,OK
TRN_000555,AUDIO-CLIPS/negative_sounds/nishanth_negative_0137.wav,standardized/negative/negative_000148.wav,negative,UNKNOWN,.wav,natural,nishanth,clean,3.0,16000,1,16,96044,e6f43811a1fb3ae155074d89a67678756de467dfe274d4c7db9565ef3b0a78bc,OK
TRN_000556,AUDIO-CLIPS/negative_sounds/nishanth_negative_0138.wav,standardized/negative/negative_000149.wav,negative,UNKNOWN,.wav,natural,nishanth,clean,3.0,16000,1,16,96044,2785bf2c636b54959af25723aa51963962af1ff3f55678f9458f1eb3c4776715,OK
TRN_000557,AUDIO-CLIPS/negative_sounds/nishanth_negative_0139.wav,standardized/negative/negative_000150.wav,negative,UNKNOWN,.wav,natural,nishanth,clean,3.0,16000,1,16,96044,9cbdea78fcfab41d1154f847d6e3e25e7b064c6c605bb403ff1f91e0e3a73b08,OK
TRN_000558,AUDIO-CLIPS/negative_sounds/nishanth_negative_0140.wav,standardized/negative/negative_000151.wav,negative,UNKNOWN,.wav,natural,nishanth,clean,3.0,16000,1,16,96044,23bbe8328bf3d7060e87dcc0a9b74b3589630c813181bfa7e95b51ef43e99487,OK
TRN_000559,AUDIO-CLIPS/negative_sounds/nishanth_negative_0141.wav,standardized/negative/negative_000152.wav,negative,UNKNOWN,.wav,natural,nishanth,clean,3.0,16000,1,16,96044,6b56aace094af70b242e4d3e2152abb39ecc5f573ffba13435a08f20b723befa,OK
TRN_000560,AUDIO-CLIPS/negative_sounds/nishanth_negative_0142.wav,standardized/negative/negative_000153.wav,negative,UNKNOWN,.wav,natural,nishanth,clean,3.0,16000,1,16,96044,41ad0a6dbc2d41d8d601d3ffe159f13fcbf243f766efc49f6e2b7bc9cc92d8b4,OK
TRN_000561,AUDIO-CLIPS/negative_sounds/nishanth_negative_0143.wav,standardized/negative/negative_000154.wav,negative,UNKNOWN,.wav,natural,nishanth,clean,3.0,16000,1,16,96044,8581cf6e340229128efb9331730d6db0c30f57cfd1a2fc01f06b5592062791f5,OK
TRN_000562,AUDIO-CLIPS/negative_sounds/nishanth_negative_0144.wav,standardized/negative/negative_000155.wav,negative,UNKNOWN,.wav,natural,nishanth,clean,3.0,16000,1,16,96044,53e21983ec711829274a345101465ea509303761632958fab855312552fba090,OK
TRN_000563,AUDIO-CLIPS/negative_sounds/nishanth_negative_0145.wav,standardized/negative/negative_000156.wav,negative,UNKNOWN,.wav,natural,nishanth,clean,3.0,16000,1,16,96044,2812d7dcf669fbe0ead799b141df62c5807a0177e2ce9aeda9c8b4369f7c5f1f,OK
TRN_000564,AUDIO-CLIPS/negative_sounds/nishanth_negative_0146.wav,standardized/negative/negative_000157.wav,negative,UNKNOWN,.wav,natural,nishanth,clean,3.0,16000,1,16,96044,195aa7fcc937d6d229810441f2ace53eb6afdb25e29e934f597fc3c3a3651012,OK
TRN_000565,AUDIO-CLIPS/negative_sounds/nishanth_negative_0147.wav,standardized/negative/negative_000158.wav,negative,UNKNOWN,.wav,natural,nishanth,clean,3.0,16000,1,16,96044,532354a90869fe38c96cedab73064d96e8aa19fe78e5bf8edf8d6c39193f84c5,OK
TRN_000566,AUDIO-CLIPS/negative_sounds/nishanth_negative_0148.wav,standardized/negative/negative_000159.wav,negative,UNKNOWN,.wav,natural,nishanth,clean,3.0,16000,1,16,96044,6791d57c8302981f475c035386b00980fb1d23919b2fbeef9e8ec26405e44657,OK
TRN_000567,AUDIO-CLIPS/negative_sounds/nishanth_negative_0149.wav,standardized/negative/negative_000160.wav,negative,UNKNOWN,.wav,natural,nishanth,clean,3.0,16000,1,16,96044,65411a0e54792d3778ecfbce93cdea1b5b008e5b30847f4587c8aaec8952e97f,OK
TRN_000568,AUDIO-CLIPS/negative_sounds/nishanth_negative_0150.wav,standardized/negative/negative_000161.wav,negative,UNKNOWN,.wav,natural,nishanth,clean,3.0,16000,1,16,96044,7fc6c5bfc6ba4d07f49dab5dbfc73475b23a14ceb4816937ab2202f903da17a0,OK
TRN_000569,AUDIO-CLIPS/negative_sounds/nishanth_negative_0151.wav,standardized/negative/negative_000162.wav,negative,UNKNOWN,.wav,natural,nishanth,clean,3.0,16000,1,16,96044,913b3f7beb11ec0a6a995e05166a6cf6ec851c3a97cfa3eb53c0842e2aa54e82,OK
TRN_000570,AUDIO-CLIPS/negative_sounds/nishanth_negative_0152.wav,standardized/negative/negative_000163.wav,negative,UNKNOWN,.wav,natural,nishanth,clean,3.0,16000,1,16,96044,6de19470aa0a4eb825a0d58ca2f9c6d197b6e08e1acfb666cfe5a23d99de124c,OK
TRN_000571,AUDIO-CLIPS/negative_sounds/nishanth_negative_0153.wav,standardized/negative/negative_000164.wav,negative,UNKNOWN,.wav,natural,nishanth,clean,3.0,16000,1,16,96044,1cb40be3bff2d36744eae865df6585cb94a8b6985c824068ae6de3fc7ac41bcb,OK
TRN_000572,AUDIO-CLIPS/negative_sounds/nishanth_negative_0154.wav,standardized/negative/negative_000165.wav,negative,UNKNOWN,.wav,natural,nishanth,clean,3.0,16000,1,16,96044,ab67657c35572816cb3093fb101b155b9c16655dcc28b1f9b034189f36028ac4,OK
TRN_000573,AUDIO-CLIPS/negative_sounds/nishanth_negative_0155.wav,standardized/negative/negative_000166.wav,negative,UNKNOWN,.wav,natural,nishanth,clean,3.0,16000,1,16,96044,45dfef3c628f648fe0ba949735f118c2fc6c878752d6f5e501b062ea62c46c27,OK
TRN_000574,AUDIO-CLIPS/negative_sounds/nishanth_negative_0156.wav,standardized/negative/negative_000167.wav,negative,UNKNOWN,.wav,natural,nishanth,clean,3.0,16000,1,16,96044,3895d037584a71d652cd3ef95886961345483d09337d4818553a264b3ce405ce,OK
TRN_000575,AUDIO-CLIPS/negative_sounds/nishanth_negative_0157.wav,standardized/negative/negative_000168.wav,negative,UNKNOWN,.wav,natural,nishanth,clean,3.0,16000,1,16,96044,58aabcad2922e564a814c26f6b3d0b2ae2e2e6b091f1b10f694b675b4d1170a0,OK
TRN_000576,AUDIO-CLIPS/negative_sounds/nishanth_negative_0158.wav,standardized/negative/negative_000169.wav,negative,UNKNOWN,.wav,natural,nishanth,clean,3.0,16000,1,16,96044,08d5b834beb7d7c37bf3705d5b6928b25a3d2a2eb59cd048f180f9fd2feaf989,OK
TRN_000577,AUDIO-CLIPS/negative_sounds/nishanth_negative_0159.wav,standardized/negative/negative_000170.wav,negative,UNKNOWN,.wav,natural,nishanth,clean,3.0,16000,1,16,96044,f42f4b0d5951a2e7c3a1190cb941d10606d880bc616a4c15da27a0f85f416a2d,OK
TRN_000578,AUDIO-CLIPS/negative_sounds/nishanth_negative_0160.wav,standardized/negative/negative_000171.wav,negative,UNKNOWN,.wav,natural,nishanth,clean,3.0,16000,1,16,96044,eebffcc117d1743ddab4c98bf96b594376e5fa8d5e4ff15110332e3295cfc6a7,OK
TRN_000579,AUDIO-CLIPS/negative_sounds/nishanth_negative_0161.wav,standardized/negative/negative_000172.wav,negative,UNKNOWN,.wav,natural,nishanth,clean,3.0,16000,1,16,96044,6bf45bf590a990f0d394845195cd11bd3ef4838607282f8a9185982f64b521f1,OK
TRN_000580,AUDIO-CLIPS/negative_sounds/nishanth_negative_0162.wav,standardized/negative/negative_000173.wav,negative,UNKNOWN,.wav,natural,nishanth,clean,3.0,16000,1,16,96044,18345aafb79d096dae9d2d711700afcadf2e281659df6017c871c3229ad8067f,OK
TRN_000581,AUDIO-CLIPS/negative_sounds/nishanth_negative_0163.wav,standardized/negative/negative_000174.wav,negative,UNKNOWN,.wav,natural,nishanth,clean,3.0,16000,1,16,96044,efe0372e8013dccbd2c9dcc377a1bff5a43e90750e35fc08db764acf925b4986,OK
TRN_000582,AUDIO-CLIPS/negative_sounds/nishanth_negative_0164.wav,standardized/negative/negative_000175.wav,negative,UNKNOWN,.wav,natural,nishanth,clean,3.0,16000,1,16,96044,0b7630cf125a7f50b1289d79b1ae0e24a987fe4d3d6e7ada744e0b4f0598c9f3,OK
TRN_000583,AUDIO-CLIPS/negative_sounds/nishanth_negative_0165.wav,standardized/negative/negative_000176.wav,negative,UNKNOWN,.wav,natural,nishanth,clean,3.0,16000,1,16,96044,c965c4b4b12e6979d996faba4f081b9aad4229e9e858ee0ac2cae9a2a69793d2,OK
TRN_000584,AUDIO-CLIPS/negative_sounds/nishanth_negative_0166.wav,standardized/negative/negative_000177.wav,negative,UNKNOWN,.wav,natural,nishanth,clean,3.0,16000,1,16,96044,5f1499662b8cae666665d295319eb82afd6665093f01e497436d1fb6b5112d5f,OK
TRN_000585,AUDIO-CLIPS/negative_sounds/nishanth_negative_0167.wav,standardized/negative/negative_000178.wav,negative,UNKNOWN,.wav,natural,nishanth,clean,3.0,16000,1,16,96044,b581966b23ee6cb6d77bc8f760ee464554d4ed63e995d5b8fc940eef5aec659b,OK
TRN_000586,AUDIO-CLIPS/negative_sounds/nishanth_negative_0168.wav,standardized/negative/negative_000179.wav,negative,UNKNOWN,.wav,natural,nishanth,clean,3.0,16000,1,16,96044,086cf06fbe6a460a6658f4dfeb58cc220217a4593398acc12bf9443f7c08d602,OK
TRN_000587,AUDIO-CLIPS/negative_sounds/nishanth_negative_0169.wav,standardized/negative/negative_000180.wav,negative,UNKNOWN,.wav,natural,nishanth,clean,3.0,16000,1,16,96044,bc25ee3309ec738309383678982e26113efd078f1bfa47e674774b3a4d7cbed1,OK
TRN_000588,AUDIO-CLIPS/negative_sounds/nishanth_negative_0170.wav,standardized/negative/negative_000181.wav,negative,UNKNOWN,.wav,natural,nishanth,clean,3.0,16000,1,16,96044,d1e7f67473572a918ee65ebe2252f73911e0ab026b13637de2a83adf73665a8e,OK
TRN_000589,AUDIO-CLIPS/negative_sounds/nishanth_negative_0171.wav,standardized/negative/negative_000182.wav,negative,UNKNOWN,.wav,natural,nishanth,clean,3.0,16000,1,16,96044,3e9630b759e74bcb2490f2cf49678227b8431e8b24c5570e6155efcd9697372d,OK
TRN_000590,AUDIO-CLIPS/negative_sounds/nishanth_negative_0172.wav,standardized/negative/negative_000183.wav,negative,UNKNOWN,.wav,natural,nishanth,clean,3.0,16000,1,16,96044,6231490b053c1c4dba088cb1242b08cc36ebf9ac6500f3fae8fd3ee90bf7c355,OK
TRN_000591,AUDIO-CLIPS/negative_sounds/nishanth_negative_0173.wav,standardized/negative/negative_000184.wav,negative,UNKNOWN,.wav,natural,nishanth,clean,3.0,16000,1,16,96044,6342c3ac3d8e22b2335edd31b04501940ae28412c7a5aa89a05520dd0be58cea,OK
TRN_000592,AUDIO-CLIPS/negative_sounds/nishanth_negative_0174.wav,standardized/negative/negative_000185.wav,negative,UNKNOWN,.wav,natural,nishanth,clean,3.0,16000,1,16,96044,b569bbb61ca4584530a3ad1d06c8019d319a4a936f7a6c2892ca1ac4b3d49464,OK
TRN_000593,AUDIO-CLIPS/negative_sounds/nishanth_negative_0175.wav,standardized/negative/negative_000186.wav,negative,UNKNOWN,.wav,natural,nishanth,clean,3.0,16000,1,16,96044,c0687b289a5d601c7bd49331685b93632418fc33d25790fbfae4f96a62ffec89,OK
TRN_000594,AUDIO-CLIPS/negative_sounds/nishanth_negative_0176.wav,standardized/negative/negative_000187.wav,negative,UNKNOWN,.wav,natural,nishanth,clean,3.0,16000,1,16,96044,278ef4db3f6ce1aa71a5d5356be32608905accb49cd77bed11b8b19992216467,OK
TRN_000595,AUDIO-CLIPS/negative_sounds/nishanth_negative_0177.wav,standardized/negative/negative_000188.wav,negative,UNKNOWN,.wav,natural,nishanth,clean,3.0,16000,1,16,96044,76f4c28836e8d30a7d2e294434790b25e2341b2a7398b30ba47f46c2475dd0aa,OK
TRN_000596,AUDIO-CLIPS/negative_sounds/nishanth_negative_0178.wav,standardized/negative/negative_000189.wav,negative,UNKNOWN,.wav,natural,nishanth,clean,3.0,16000,1,16,96044,304945e4ca7ea3a309ab2b38c3731d6da3ccc0644e771ccd9c4f97addbcb7a95,WARNING
TRN_000597,AUDIO-CLIPS/negative_sounds/nishanth_negative_0179.wav,standardized/negative/negative_000190.wav,negative,UNKNOWN,.wav,natural,nishanth,clean,3.0,16000,1,16,96044,4fde67e3eedbe7fed33458c4ca8d06abaafc36df0093ecec581795439fc9cb80,OK
TRN_000598,AUDIO-CLIPS/negative_sounds/nishanth_negative_0180.wav,standardized/negative/negative_000191.wav,negative,UNKNOWN,.wav,natural,nishanth,clean,3.0,16000,1,16,96044,5f6c80a05ab5c9effd39556862be68aea3faff2c6b28fa64155844f5f832109a,OK
TRN_000599,AUDIO-CLIPS/negative_sounds/nishanth_negative_0181.wav,standardized/negative/negative_000192.wav,negative,UNKNOWN,.wav,natural,nishanth,clean,3.0,16000,1,16,96044,b8fb36e79c016bf5f66e5ba6bebf22a299093b26215c17b407d22db48e1f99dc,OK
TRN_000600,AUDIO-CLIPS/negative_sounds/nishanth_negative_0182.wav,standardized/negative/negative_000193.wav,negative,UNKNOWN,.wav,natural,nishanth,clean,3.0,16000,1,16,96044,3ad05a9f89d2b1b3dbc6743619f4fc149409e1f30917630634fe457e05207a9d,OK
TRN_000601,AUDIO-CLIPS/negative_sounds/nishanth_negative_0183.wav,standardized/negative/negative_000194.wav,negative,UNKNOWN,.wav,natural,nishanth,clean,3.0,16000,1,16,96044,b83793d695f3b04731044ef84dcdf1f10d674998601fc19038c94fb1b28c18ee,OK
TRN_000602,AUDIO-CLIPS/negative_sounds/nishanth_negative_0184.wav,standardized/negative/negative_000195.wav,negative,UNKNOWN,.wav,natural,nishanth,clean,3.0,16000,1,16,96044,c196475a2cbcf196997ab525c5a6a68b1594d2753f4f18fc83603b9b270bb985,OK
TRN_000603,AUDIO-CLIPS/negative_sounds/nishanth_negative_0185.wav,standardized/negative/negative_000196.wav,negative,UNKNOWN,.wav,natural,nishanth,clean,3.0,16000,1,16,96044,4bfb45cfb4362024fb696dfa4771e7301a5a44324df269864c9a580e12cae598,OK
TRN_000604,AUDIO-CLIPS/negative_sounds/nishanth_negative_0186.wav,standardized/negative/negative_000197.wav,negative,UNKNOWN,.wav,natural,nishanth,clean,3.0,16000,1,16,96044,93a9c39bbee1a85ea4aa9a5a51a59894b7d2f58ccbddb4b180ec9a8c01923f93,OK
TRN_000605,AUDIO-CLIPS/negative_sounds/nishanth_negative_0187.wav,standardized/negative/negative_000198.wav,negative,UNKNOWN,.wav,natural,nishanth,clean,3.0,16000,1,16,96044,6d20053f1e44fbdc47f7554c5031c9f78db122060a91a8dc545409b14dfebf14,OK
TRN_000606,AUDIO-CLIPS/negative_sounds/nishanth_negative_0188.wav,standardized/negative/negative_000199.wav,negative,UNKNOWN,.wav,natural,nishanth,clean,3.0,16000,1,16,96044,d0d5671d39210b1a24a2d26164aed5d6a9d0640cb12917f2921045632ee7d95a,OK
TRN_000607,AUDIO-CLIPS/negative_sounds/nishanth_negative_0189.wav,standardized/negative/negative_000200.wav,negative,UNKNOWN,.wav,natural,nishanth,clean,3.0,16000,1,16,96044,926c2742f06df50f4c8496197fa73c8ce6015b617b1ce51c3dfa74ae09780fbb,OK
TRN_000608,AUDIO-CLIPS/negative_sounds/nishanth_negative_0190.wav,standardized/negative/negative_000201.wav,negative,UNKNOWN,.wav,natural,nishanth,clean,3.0,16000,1,16,96044,eb482b7c7a17fce6a40a5647a9d75cd62a95858c368f7ddfb8e80532f03aa6a1,OK
TRN_000609,AUDIO-CLIPS/negative_sounds/nishanth_negative_0191.wav,standardized/negative/negative_000202.wav,negative,UNKNOWN,.wav,natural,nishanth,clean,3.0,16000,1,16,96044,506864da787cded2ed14a463eeb03a5e74d88ba2c0f0254a95514a6fd1f01b91,OK
TRN_000610,AUDIO-CLIPS/negative_sounds/nishanth_negative_0192.wav,standardized/negative/negative_000203.wav,negative,UNKNOWN,.wav,natural,nishanth,clean,3.0,16000,1,16,96044,7a96c0875ca98b8560537572f1af7b4dfae95a40822622be65cb090563435665,OK
TRN_000611,AUDIO-CLIPS/negative_sounds/nishanth_negative_0193.wav,standardized/negative/negative_000204.wav,negative,UNKNOWN,.wav,natural,nishanth,clean,3.0,16000,1,16,96044,dc5b969777f7fa83e2fd6d9272144c0a3343728b0ad063374ace0abd39754143,OK
TRN_000612,AUDIO-CLIPS/negative_sounds/nishanth_negative_0194.wav,standardized/negative/negative_000205.wav,negative,UNKNOWN,.wav,natural,nishanth,clean,3.0,16000,1,16,96044,3b0d4942c7d582b5a10a747c9ad9d00a8cd7e7aadb8967d80d1e456e7f637b0d,OK
TRN_000613,AUDIO-CLIPS/negative_sounds/nishanth_negative_0195.wav,standardized/negative/negative_000206.wav,negative,UNKNOWN,.wav,natural,nishanth,clean,3.0,16000,1,16,96044,7557962c4efa375aa8ef7aa6fd9ad3ee4f069c51669fea64ca34ee67ce5f8b91,OK
TRN_000614,AUDIO-CLIPS/negative_sounds/nishanth_negative_0196.wav,standardized/negative/negative_000207.wav,negative,UNKNOWN,.wav,natural,nishanth,clean,3.0,16000,1,16,96044,c42979c8e8b11088d06ff8119bc1be766c4669cb8f5ac3cfc1e313829c2934c3,OK
TRN_000615,AUDIO-CLIPS/negative_sounds/nishanth_negative_0197.wav,standardized/negative/negative_000208.wav,negative,UNKNOWN,.wav,natural,nishanth,clean,3.0,16000,1,16,96044,2c110be509eec0ded299e7c47b1365c29c87910163a9405c8bd191e0fcafd0d5,OK
TRN_000616,AUDIO-CLIPS/negative_sounds/nishanth_negative_0198.wav,standardized/negative/negative_000209.wav,negative,UNKNOWN,.wav,natural,nishanth,clean,3.0,16000,1,16,96044,831fd3f9b889de244d73332dc4ff9b42e4501b5a31e487b6c264267ae28592b4,OK
TRN_000617,AUDIO-CLIPS/negative_sounds/nishanth_negative_0199.wav,standardized/negative/negative_000210.wav,negative,UNKNOWN,.wav,natural,nishanth,clean,3.0,16000,1,16,96044,04160cc203536b2ef085aebc7e32497bcc6ff81462b6996754945bfe3b424eef,OK
TRN_000618,AUDIO-CLIPS/negative_sounds/nishanth_negative_0200.wav,standardized/negative/negative_000211.wav,negative,UNKNOWN,.wav,natural,nishanth,clean,3.0,16000,1,16,96044,1bdb7b11a1e5114720ce8deeb2a57bd1772cc030367ebce1b8f08bda0d9fa0ad,OK
TRN_000619,AUDIO-CLIPS/negative_sounds/nishanth_negative_0201.wav,standardized/negative/negative_000212.wav,negative,UNKNOWN,.wav,natural,nishanth,clean,3.0,16000,1,16,96044,74745f0ec47295192e226e10f1344ce5feb65a0400a9c26a2666c19095ab7c35,OK
TRN_000620,AUDIO-CLIPS/negative_sounds/nishanth_negative_0202.wav,standardized/negative/negative_000213.wav,negative,UNKNOWN,.wav,natural,nishanth,clean,3.0,16000,1,16,96044,9ba774c5dcb8998d865ed7fb31d3ed5ed420a8e532cc745c028d9c8f91eec84b,OK
TRN_000621,AUDIO-CLIPS/negative_sounds/nishanth_negative_0203.wav,standardized/negative/negative_000214.wav,negative,UNKNOWN,.wav,natural,nishanth,clean,3.0,16000,1,16,96044,21dd0b7460082232365b49653344a5eb860f12d1f8a347f6007caef3a9a22423,WARNING
TRN_000622,AUDIO-CLIPS/negative_sounds/nishanth_negative_0204.wav,standardized/negative/negative_000215.wav,negative,UNKNOWN,.wav,natural,nishanth,clean,3.0,16000,1,16,96044,7bab8b1c1bf93eaebf360646531a034ca5117e749cb8ccf572b889aa68480ab1,OK
TRN_000623,AUDIO-CLIPS/negative_sounds/nishanth_negative_0205.wav,standardized/negative/negative_000216.wav,negative,UNKNOWN,.wav,natural,nishanth,clean,3.0,16000,1,16,96044,5761e343359553373afbff55e5fa1e7af27923a3930173ef6b967d24e8c817f6,OK
TRN_000624,AUDIO-CLIPS/negative_sounds/nishanth_negative_0206.wav,standardized/negative/negative_000217.wav,negative,UNKNOWN,.wav,natural,nishanth,clean,3.0,16000,1,16,96044,438f1aace6f61e07c362f97438674642babb1ab86ad10795288ba3fea81b1c43,WARNING
TRN_000625,AUDIO-CLIPS/negative_sounds/nishanth_negative_0207.wav,standardized/negative/negative_000218.wav,negative,UNKNOWN,.wav,natural,nishanth,clean,3.0,16000,1,16,96044,0db4b4c96c8b42c3f5da40a8e6b02adce6437d5de406e5f13f4f2b216b8fcc4a,OK
TRN_000626,AUDIO-CLIPS/negative_sounds/nishanth_negative_0208.wav,standardized/negative/negative_000219.wav,negative,UNKNOWN,.wav,natural,nishanth,clean,3.0,16000,1,16,96044,f7c8adef7a0eb1d69329e47edc0a80556661d1c673a278bf42756a2c681d8857,OK
TRN_000627,AUDIO-CLIPS/negative_sounds/nishanth_negative_0209.wav,standardized/negative/negative_000220.wav,negative,UNKNOWN,.wav,natural,nishanth,clean,3.0,16000,1,16,96044,f16e26c84fcc8bea951b6f63d26ce006db7731b48a47a6054914e14a8ca469af,OK
TRN_000628,AUDIO-CLIPS/negative_sounds/nishanth_negative_0210.wav,standardized/negative/negative_000221.wav,negative,UNKNOWN,.wav,natural,nishanth,clean,3.0,16000,1,16,96044,1f65eae8f4c71f85fb067f3ad00044fee7edd695f9ace238be92786f69e49be9,OK
TRN_000629,AUDIO-CLIPS/negative_sounds/nishanth_negative_0211.wav,standardized/negative/negative_000222.wav,negative,UNKNOWN,.wav,natural,nishanth,clean,3.0,16000,1,16,96044,3173609c9ae219b578bfc4755785ced35e80bf406a6bd6024339e9b90c0f108f,OK
TRN_000630,AUDIO-CLIPS/negative_sounds/nishanth_negative_0212.wav,standardized/negative/negative_000223.wav,negative,UNKNOWN,.wav,natural,nishanth,clean,3.0,16000,1,16,96044,17784cdd83dba127fb42b0bd8393d69f29d3280d4d6683e30a7202b1938a9a98,OK
TRN_000631,AUDIO-CLIPS/negative_sounds/nishanth_negative_0213.wav,standardized/negative/negative_000224.wav,negative,UNKNOWN,.wav,natural,nishanth,clean,3.0,16000,1,16,96044,9b21c426b9061d1157996b036a0e3c2846d15cb0e143b14454524137f11de3ed,OK
TRN_000632,AUDIO-CLIPS/negative_sounds/nishanth_negative_0214.wav,standardized/negative/negative_000225.wav,negative,UNKNOWN,.wav,natural,nishanth,clean,3.0,16000,1,16,96044,79c11d788d5b6db668621b1fbad38effa303b3b6963c50aa006d0153e46038c2,OK
TRN_000633,AUDIO-CLIPS/negative_sounds/nishanth_negative_0215.wav,standardized/negative/negative_000226.wav,negative,UNKNOWN,.wav,natural,nishanth,clean,3.0,16000,1,16,96044,141eec29a23982d2a24842f60cff374902dcd0491572044a9cb76d4729d19a33,OK
TRN_000634,AUDIO-CLIPS/negative_sounds/nishanth_negative_0216.wav,standardized/negative/negative_000227.wav,negative,UNKNOWN,.wav,natural,nishanth,clean,3.0,16000,1,16,96044,1c4657041a550944c4ba970f4e0c3d9011cdc7d322ce69d13aeaa3a51d58a195,OK
TRN_000635,AUDIO-CLIPS/negative_sounds/nishanth_negative_0217.wav,standardized/negative/negative_000228.wav,negative,UNKNOWN,.wav,natural,nishanth,clean,3.0,16000,1,16,96044,59c7a4699f5724a3c1d8e0d31197578bfdf619ad5891a795691967e227751ebd,OK
TRN_000636,AUDIO-CLIPS/negative_sounds/nishanth_negative_0218.wav,standardized/negative/negative_000229.wav,negative,UNKNOWN,.wav,natural,nishanth,clean,3.0,16000,1,16,96044,f8daaf1588ffef7c0d331b96db3d9b2921468d17fbd566e74542f149b7117f93,OK
TRN_000637,AUDIO-CLIPS/negative_sounds/nishanth_negative_0219.wav,standardized/negative/negative_000230.wav,negative,UNKNOWN,.wav,natural,nishanth,clean,3.0,16000,1,16,96044,de4d8169f350829a2df7d39bf24ba3d08fedc5fe2b657451518393540f7c2555,OK
TRN_000638,AUDIO-CLIPS/negative_sounds/nishanth_negative_0220.wav,standardized/negative/negative_000231.wav,negative,UNKNOWN,.wav,natural,nishanth,clean,3.0,16000,1,16,96044,5ba0ac1a44dd91903161c4a714e00ee727c34c0d735c4bdc5990ab36a94523ea,OK
TRN_000639,AUDIO-CLIPS/negative_sounds/nishanth_negative_0221.wav,standardized/negative/negative_000232.wav,negative,UNKNOWN,.wav,natural,nishanth,clean,3.0,16000,1,16,96044,732adc340f8a289febd2a0bcbf4a4fc1597d725c5a1680c5b822b4ac4f3d5cfe,OK
TRN_000640,AUDIO-CLIPS/negative_sounds/nishanth_negative_0222.wav,standardized/negative/negative_000233.wav,negative,UNKNOWN,.wav,natural,nishanth,clean,3.0,16000,1,16,96044,6c0714606eb47c932bdf09e00dd7e5f003ec2b33fc9c2ccedcd23554e512e983,OK
TRN_000641,AUDIO-CLIPS/negative_sounds/nishanth_negative_0223.wav,standardized/negative/negative_000234.wav,negative,UNKNOWN,.wav,natural,nishanth,clean,3.0,16000,1,16,96044,9b75cb33bc8f3fd8f27b6d5fa29fd09621d98ed3b5af865862c5c2664a1dfc24,OK
TRN_000642,AUDIO-CLIPS/negative_sounds/nishanth_negative_0224.wav,standardized/negative/negative_000235.wav,negative,UNKNOWN,.wav,natural,nishanth,clean,3.0,16000,1,16,96044,ee26e7554b264620eedf1bec133aea0daf83204f8f01660110b2e7a736c2bc7f,OK
TRN_000643,AUDIO-CLIPS/negative_sounds/nishanth_negative_0225.wav,standardized/negative/negative_000236.wav,negative,UNKNOWN,.wav,natural,nishanth,clean,3.0,16000,1,16,96044,320bcf8fa57c587fff9f01f5961bbf84af54a94bcebe1803dd5d131dab4c0a57,OK
TRN_000644,AUDIO-CLIPS/negative_sounds/nishanth_negative_0226.wav,standardized/negative/negative_000237.wav,negative,UNKNOWN,.wav,natural,nishanth,clean,3.0,16000,1,16,96044,e3a346546db03bddbd67758c5373285a977c9cfec74d215852f2a4f070367423,OK
TRN_000645,AUDIO-CLIPS/negative_sounds/nishanth_negative_0227.wav,standardized/negative/negative_000238.wav,negative,UNKNOWN,.wav,natural,nishanth,clean,3.0,16000,1,16,96044,fa5764800431d6c9556cc992c5257932227537471f32b122240d3beb805707f1,OK
TRN_000646,AUDIO-CLIPS/negative_sounds/nishanth_negative_0228.wav,standardized/negative/negative_000239.wav,negative,UNKNOWN,.wav,natural,nishanth,clean,3.0,16000,1,16,96044,cbf13ec97e7097634e9388f863540277c32a98fa233fe5361ccd36103644998d,OK
TRN_000647,AUDIO-CLIPS/negative_sounds/nishanth_negative_0229.wav,standardized/negative/negative_000240.wav,negative,UNKNOWN,.wav,natural,nishanth,clean,3.0,16000,1,16,96044,45628b367792ee696d4975637f157e2bfb6fc72065d6e3ce1d13541afda3a997,OK
TRN_000648,AUDIO-CLIPS/negative_sounds/nishanth_negative_0230.wav,standardized/negative/negative_000241.wav,negative,UNKNOWN,.wav,natural,nishanth,clean,3.0,16000,1,16,96044,391b77a028019c41309ac833970a623524550c6a84fe3356779075803c39704b,OK
TRN_000649,AUDIO-CLIPS/negative_sounds/nishanth_negative_0231.wav,standardized/negative/negative_000242.wav,negative,UNKNOWN,.wav,natural,nishanth,clean,3.0,16000,1,16,96044,606a1e0f4a4b31fdffb85839680a6311b56b91f70c795b5f1fe5991adbc8d488,OK
TRN_000650,AUDIO-CLIPS/negative_sounds/nishanth_negative_0232.wav,standardized/negative/negative_000243.wav,negative,UNKNOWN,.wav,natural,nishanth,clean,3.0,16000,1,16,96044,668b8f569592bda9978c578d6af885fdc1dc5e7729c46666d72446b1ac37d9e0,OK
TRN_000651,AUDIO-CLIPS/negative_sounds/nishanth_negative_0233.wav,standardized/negative/negative_000244.wav,negative,UNKNOWN,.wav,natural,nishanth,clean,3.0,16000,1,16,96044,633898966bf15009c580bb15f3b06b446fcbf18287443f39017841fae28dd3ea,OK
TRN_000652,AUDIO-CLIPS/negative_sounds/nishanth_negative_0234.wav,standardized/negative/negative_000245.wav,negative,UNKNOWN,.wav,natural,nishanth,clean,3.0,16000,1,16,96044,db3bdb0795d36f78e2f839e292f31ff373fa76808de836f542a4d0edf29ce9a2,OK
TRN_000653,AUDIO-CLIPS/negative_sounds/nishanth_negative_0235.wav,standardized/negative/negative_000246.wav,negative,UNKNOWN,.wav,natural,nishanth,clean,3.0,16000,1,16,96044,0ffefa9e62285da0db82940a5a5e3f9114bd66e68583804927c297d4a870800a,OK
TRN_000654,AUDIO-CLIPS/negative_sounds/nishanth_negative_0236.wav,standardized/negative/negative_000247.wav,negative,UNKNOWN,.wav,natural,nishanth,clean,3.0,16000,1,16,96044,23fa4e12a1c14e4a1ceb4527be930dee0d42f0bbd5eabb6fa9de93d17534d541,OK
TRN_000655,AUDIO-CLIPS/negative_sounds/nishanth_negative_0237.wav,standardized/negative/negative_000248.wav,negative,UNKNOWN,.wav,natural,nishanth,clean,3.0,16000,1,16,96044,19e96bfb85f7b3facfaf36cf27226ea91120ceda8f4004f9198f19d70d0be249,OK
TRN_000656,AUDIO-CLIPS/negative_sounds/nishanth_negative_0238.wav,standardized/negative/negative_000249.wav,negative,UNKNOWN,.wav,natural,nishanth,clean,3.0,16000,1,16,96044,efb56ca9eea2a87b02ac4427484efd2174bc75a1fb87c3bfcfd65220ec3414be,OK
TRN_000657,AUDIO-CLIPS/negative_sounds/nishanth_negative_0239.wav,standardized/negative/negative_000250.wav,negative,UNKNOWN,.wav,natural,nishanth,clean,3.0,16000,1,16,96044,eb13d68a598365de32b7dff63716f7d5a1a8869a040fa3e0d35883a4641e3d5e,OK
TRN_000658,AUDIO-CLIPS/negative_sounds/nishanth_negative_0240.wav,standardized/negative/negative_000251.wav,negative,UNKNOWN,.wav,natural,nishanth,clean,3.0,16000,1,16,96044,3b724dc93640a5344cb2541d78cebd27cb4a986144b67009a1518338e7d3a554,OK
TRN_000659,AUDIO-CLIPS/negative_sounds/nishanth_negative_0241.wav,standardized/negative/negative_000252.wav,negative,UNKNOWN,.wav,natural,nishanth,clean,3.0,16000,1,16,96044,e96a9495873c4fca8d85f77c7cf6f3068fe65e9ce8cd15ab896508e71ecf8ace,OK
TRN_000660,AUDIO-CLIPS/negative_sounds/nishanth_negative_0242.wav,standardized/negative/negative_000253.wav,negative,UNKNOWN,.wav,natural,nishanth,clean,3.0,16000,1,16,96044,2221adb4ec1578ca681b7ad4605db084900debf17566e70171105bf8389bf8e3,OK
TRN_000661,AUDIO-CLIPS/negative_sounds/nishanth_negative_0243.wav,standardized/negative/negative_000254.wav,negative,UNKNOWN,.wav,natural,nishanth,clean,3.0,16000,1,16,96044,45e6dfdf0d0862a8e2479cf29b6e9c0ce2736ea7276db53cdaff9ff75c5454a6,OK
TRN_000662,AUDIO-CLIPS/negative_sounds/nishanth_negative_0244.wav,standardized/negative/negative_000255.wav,negative,UNKNOWN,.wav,natural,nishanth,clean,3.0,16000,1,16,96044,3b2612d787744e08cccbe749dcea1d7d6a63614808bc5a7cb4ba7aefa529b9e6,OK
TRN_000663,AUDIO-CLIPS/negative_sounds/nishanth_negative_0245.wav,standardized/negative/negative_000256.wav,negative,UNKNOWN,.wav,natural,nishanth,clean,3.0,16000,1,16,96044,cc799085005e75a5fc2bbee654ee7babcdf32b7639c62d315a2b977ab216e77c,OK
TRN_000664,AUDIO-CLIPS/negative_sounds/nishanth_negative_0246.wav,standardized/negative/negative_000257.wav,negative,UNKNOWN,.wav,natural,nishanth,clean,3.0,16000,1,16,96044,9b73712d1a23b94c7781d1c3073ec2ea28511cef2f891da9312ed9535104e409,WARNING
TRN_000665,AUDIO-CLIPS/negative_sounds/nishanth_negative_0247.wav,standardized/negative/negative_000258.wav,negative,UNKNOWN,.wav,natural,nishanth,clean,3.0,16000,1,16,96044,75525344f36c05960710f10540f49dff464068ac1da983cfbde6879b32924e15,WARNING
TRN_000666,AUDIO-CLIPS/negative_sounds/nishanth_negative_0248.wav,standardized/negative/negative_000259.wav,negative,UNKNOWN,.wav,natural,nishanth,clean,3.0,16000,1,16,96044,8845d148619319ae7f50f6f7e823b9fbc01e9b1cd82b1ed9534e532243814df9,WARNING
TRN_000667,AUDIO-CLIPS/negative_sounds/nishanth_negative_0249.wav,standardized/negative/negative_000260.wav,negative,UNKNOWN,.wav,natural,nishanth,clean,3.0,16000,1,16,96044,6025ec2222ada98d12ccb1aadefb44a803216a8a814743ecf286f43c15d07616,WARNING
TRN_000668,AUDIO-CLIPS/negative_sounds/nishanth_negative_0250.wav,standardized/negative/negative_000261.wav,negative,UNKNOWN,.wav,natural,nishanth,clean,3.0,16000,1,16,96044,17ad6a1048a654a7a8a729deb8d97caa668f04ba0984f0ba589c8ed20cc7eb44,WARNING
TRN_000669,AUDIO-CLIPS/negative_sounds/speaker_anush_negative_0001.wav,standardized/negative/negative_000262.wav,negative,UNKNOWN,.wav,natural,anush,clean,2.0,16000,1,16,64044,c6ac2826f05c12d2a020d02ec187e3056c3f2d2cc8473f5b21acdb7ecf1072b0,WARNING
TRN_000670,AUDIO-CLIPS/negative_sounds/speaker_anush_negative_0002.wav,standardized/negative/negative_000263.wav,negative,UNKNOWN,.wav,natural,anush,clean,2.0,16000,1,16,64044,8d5aab8b5a0ff064f71547e9e0eb3deea7e861eb4158dfcf4a534ea4e15e7dad,WARNING
TRN_000671,AUDIO-CLIPS/negative_sounds/speaker_anush_negative_0003.wav,standardized/negative/negative_000264.wav,negative,UNKNOWN,.wav,natural,anush,clean,2.0,16000,1,16,64044,a2feae49e1d7dcbc88e8055c8e65fedf49d058c917823f0eb1c4b9ececdbc300,OK
TRN_000672,AUDIO-CLIPS/negative_sounds/speaker_anush_negative_0004.wav,standardized/negative/negative_000265.wav,negative,UNKNOWN,.wav,natural,anush,clean,2.0,16000,1,16,64044,2b4bfbc0f829cb49d5b746e4a76448860693f24f596972b8ea9242abf19c68b0,OK
TRN_000673,AUDIO-CLIPS/negative_sounds/speaker_anush_negative_0005.wav,standardized/negative/negative_000266.wav,negative,UNKNOWN,.wav,natural,anush,clean,2.0,16000,1,16,64044,59dc8d98c609b31e7f8f4e0fb6e34ebd516541c7b23be54e7f2da1a68d5a615d,OK
TRN_000674,AUDIO-CLIPS/negative_sounds/speaker_anush_negative_0006.wav,standardized/negative/negative_000267.wav,negative,UNKNOWN,.wav,natural,anush,clean,2.0,16000,1,16,64044,b70e33377ec6c1e697ce3fe7c883584681cf6a7c10137dc573f9ebf939e6df1b,OK
TRN_000675,AUDIO-CLIPS/negative_sounds/speaker_anush_negative_0007.wav,standardized/negative/negative_000268.wav,negative,UNKNOWN,.wav,natural,anush,clean,2.0,16000,1,16,64044,b846dc5e3065e2334ac68fa647fde8f589a135055c09dfd7b7a3eb4f48cfbe10,OK
TRN_000676,AUDIO-CLIPS/negative_sounds/speaker_anush_negative_0008.wav,standardized/negative/negative_000269.wav,negative,UNKNOWN,.wav,natural,anush,clean,2.0,16000,1,16,64044,64d833532859d2bdabfe867c41358f5fe14cc5c2cf31cf72fa3a178ae7cb20ec,OK
TRN_000677,AUDIO-CLIPS/negative_sounds/speaker_anush_negative_0009.wav,standardized/negative/negative_000270.wav,negative,UNKNOWN,.wav,natural,anush,clean,2.0,16000,1,16,64044,b7ee6704559ebef8de99d490e504bcd4af4ffde9860d101865c515664e91a893,OK
TRN_000678,AUDIO-CLIPS/negative_sounds/speaker_anush_negative_0010.wav,standardized/negative/negative_000271.wav,negative,UNKNOWN,.wav,natural,anush,clean,2.0,16000,1,16,64044,ec80b525d8a7b7d750f63b35acd4c1d5affa27548f4218e1123ac0e7abcd217c,OK
TRN_000679,AUDIO-CLIPS/negative_sounds/speaker_anush_negative_0011.wav,standardized/negative/negative_000272.wav,negative,UNKNOWN,.wav,natural,anush,clean,2.0,16000,1,16,64044,e5ef20b90c0402c23284642f249ccdaf3df1713647c9d43805811e57711c9bb4,WARNING
TRN_000680,AUDIO-CLIPS/negative_sounds/speaker_anush_negative_0012.wav,standardized/negative/negative_000273.wav,negative,UNKNOWN,.wav,natural,anush,clean,2.0,16000,1,16,64044,4baf3225df9f3eae708da954919886e8e91dabae20da6d16881eafb9abdb7d81,WARNING
TRN_000681,AUDIO-CLIPS/negative_sounds/speaker_anush_negative_0013.wav,standardized/negative/negative_000274.wav,negative,UNKNOWN,.wav,natural,anush,clean,2.0,16000,1,16,64044,808e59e98dababaf514d8a7145784e73e0a4c8effda0c3e124949f1722a90b4a,OK
TRN_000682,AUDIO-CLIPS/negative_sounds/speaker_anush_negative_0014.wav,standardized/negative/negative_000275.wav,negative,UNKNOWN,.wav,natural,anush,clean,2.0,16000,1,16,64044,4b48d25bddb6ed154f81ed24cbac6db55bbdd63878d273e75d1fef0089a51452,OK
TRN_000683,AUDIO-CLIPS/negative_sounds/speaker_anush_negative_0015.wav,standardized/negative/negative_000276.wav,negative,UNKNOWN,.wav,natural,anush,clean,2.0,16000,1,16,64044,13807c04f1281f5c5c78052b16ce018f4adf70239454d8e89bc5430960b4384f,OK
TRN_000684,AUDIO-CLIPS/negative_sounds/speaker_anush_negative_0016.wav,standardized/negative/negative_000277.wav,negative,UNKNOWN,.wav,natural,anush,clean,2.0,16000,1,16,64044,1d97475d3bf94d114466779860f78733931b8167213dd796af306956a3678748,WARNING
TRN_000685,AUDIO-CLIPS/negative_sounds/speaker_anush_negative_0017.wav,standardized/negative/negative_000278.wav,negative,UNKNOWN,.wav,natural,anush,clean,2.0,16000,1,16,64044,e9d5612ddac16997aaf1e13fe94ca72f85e54c64c90587c8137030b2606299b5,OK
TRN_000686,AUDIO-CLIPS/negative_sounds/speaker_anush_negative_0018.wav,standardized/negative/negative_000279.wav,negative,UNKNOWN,.wav,natural,anush,clean,2.0,16000,1,16,64044,a7ce014014108fb336a1017538afd894586d6a208d349614366cc04c7b5afdaf,OK
TRN_000687,AUDIO-CLIPS/negative_sounds/speaker_anush_negative_0019.wav,standardized/negative/negative_000280.wav,negative,UNKNOWN,.wav,natural,anush,clean,2.0,16000,1,16,64044,1883cd346349d3485a6f8a0b6f70afedb664dc8888c0709403b77e2bd5abfaca,OK
TRN_000688,AUDIO-CLIPS/negative_sounds/speaker_anush_negative_0020.wav,standardized/negative/negative_000281.wav,negative,UNKNOWN,.wav,natural,anush,clean,2.0,16000,1,16,64044,c99a745e9d38251bbbae059350e6515b5906c93b1df121a545d798b3f99ffff5,OK
TRN_000689,AUDIO-CLIPS/negative_sounds/speaker_anush_negative_0021.wav,standardized/negative/negative_000282.wav,negative,UNKNOWN,.wav,natural,anush,clean,2.0,16000,1,16,64044,a2167ff6541360bea0aaa851313d015d4d94c8ff04341c7515a0e03728925857,WARNING
TRN_000690,AUDIO-CLIPS/negative_sounds/speaker_anush_negative_0022.wav,standardized/negative/negative_000283.wav,negative,UNKNOWN,.wav,natural,anush,clean,2.0,16000,1,16,64044,247054af843fbf1cbb011a9830c8a3ddc6bb25bdd387a8796650fdce2b787d21,WARNING
TRN_000691,AUDIO-CLIPS/negative_sounds/speaker_anush_negative_0023.wav,standardized/negative/negative_000284.wav,negative,UNKNOWN,.wav,natural,anush,clean,2.0,16000,1,16,64044,d38005c142c4341173dd14a4289d988e3875db45054b18e04ea06d1154bac603,WARNING
TRN_000692,AUDIO-CLIPS/negative_sounds/speaker_anush_negative_0024.wav,standardized/negative/negative_000285.wav,negative,UNKNOWN,.wav,natural,anush,clean,2.0,16000,1,16,64044,9f4692d20a867bd3431747d4e487fff5f54c3355b68a510986e0669a714f19fb,WARNING
TRN_000693,AUDIO-CLIPS/negative_sounds/speaker_anush_negative_0025.wav,standardized/negative/negative_000286.wav,negative,UNKNOWN,.wav,natural,anush,clean,2.0,16000,1,16,64044,6396b6e96353335361cbd92c0ea874114a8811c78b01a6ef882defe524bfc26d,WARNING
TRN_000694,AUDIO-CLIPS/negative_sounds/speaker_anush_negative_0026.wav,standardized/negative/negative_000287.wav,negative,UNKNOWN,.wav,natural,anush,clean,2.0,16000,1,16,64044,62ab2c5414698a7855e37a27342cf2b75adfc2d3beb4aaafbded54ac494287da,WARNING
TRN_000695,AUDIO-CLIPS/negative_sounds/speaker_anush_negative_0027.wav,standardized/negative/negative_000288.wav,negative,UNKNOWN,.wav,natural,anush,clean,2.0,16000,1,16,64044,af82ccb1a8c7a2f81ee1d36c39863694614a6bdc6e143a654fe6a863d34ddf0e,WARNING
TRN_000696,AUDIO-CLIPS/negative_sounds/speaker_anush_negative_0028.wav,standardized/negative/negative_000289.wav,negative,UNKNOWN,.wav,natural,anush,clean,2.0,16000,1,16,64044,db3c42088f4c2b3a1f1416373fde36e71cd0033e778263f52615b168ef9416d0,WARNING
TRN_000697,AUDIO-CLIPS/negative_sounds/speaker_anush_negative_0029.wav,standardized/negative/negative_000290.wav,negative,UNKNOWN,.wav,natural,anush,clean,2.0,16000,1,16,64044,a4a38dbd3fa33fb00b4ef93d050a02374916cc789c5e1aaf04d509096ba94801,WARNING
TRN_000698,AUDIO-CLIPS/negative_sounds/speaker_anush_negative_0030.wav,standardized/negative/negative_000291.wav,negative,UNKNOWN,.wav,natural,anush,clean,2.0,16000,1,16,64044,caebae76586a3061f537407db3c5ea1d5571e98341c490983d498f59b00a4109,WARNING
TRN_000699,AUDIO-CLIPS/negative_sounds/speaker_anush_negative_0031.wav,standardized/negative/negative_000292.wav,negative,UNKNOWN,.wav,natural,anush,clean,2.0,16000,1,16,64044,bc8be54b8ca816eea7d73bbdfd62c99f9c76ce33cc8864ded6da6a52357b8601,WARNING
TRN_000700,AUDIO-CLIPS/negative_sounds/speaker_anush_negative_0032.wav,standardized/negative/negative_000293.wav,negative,UNKNOWN,.wav,natural,anush,clean,2.0,16000,1,16,64044,1ed54343c07f91511b94bf6e7e88e4212f16fb59acccf02db220f82a8a7853cd,WARNING
TRN_000701,AUDIO-CLIPS/negative_sounds/speaker_anush_negative_0033.wav,standardized/negative/negative_000294.wav,negative,UNKNOWN,.wav,natural,anush,clean,2.0,16000,1,16,64044,b4ca634c474e89fcb329aeb640b708afb0c4f685ccef82d8a503f972b392143a,WARNING
TRN_000702,AUDIO-CLIPS/negative_sounds/speaker_anush_negative_0034.wav,standardized/negative/negative_000295.wav,negative,UNKNOWN,.wav,natural,anush,clean,2.0,16000,1,16,64044,fe90d7b521a60e22f42a36e786f32587b1572aaaa87bdfedf6405e6420bfe53a,WARNING
TRN_000703,AUDIO-CLIPS/negative_sounds/speaker_anush_negative_0035.wav,standardized/negative/negative_000296.wav,negative,UNKNOWN,.wav,natural,anush,clean,2.0,16000,1,16,64044,fa720cc0dbf55823e25c6d951ea7428c120b2853c69bbc790753d346d8d7976e,WARNING
TRN_000704,AUDIO-CLIPS/negative_sounds/speaker_anush_negative_0036.wav,standardized/negative/negative_000297.wav,negative,UNKNOWN,.wav,natural,anush,clean,2.0,16000,1,16,64044,066bb413c5f369e1e56a682d3c7d3d52a732c5ac4d54a7c7d9ffb2a57f4f1f79,WARNING
TRN_000705,AUDIO-CLIPS/negative_sounds/speaker_anush_negative_0037.wav,standardized/negative/negative_000298.wav,negative,UNKNOWN,.wav,natural,anush,clean,2.0,16000,1,16,64044,86d302cbe656ee2fe5b5cecdac8ea5664a34075b4052ac979be4e87eac8bc4dd,WARNING
TRN_000706,AUDIO-CLIPS/negative_sounds/speaker_anush_negative_0038.wav,standardized/negative/negative_000299.wav,negative,UNKNOWN,.wav,natural,anush,clean,2.0,16000,1,16,64044,f672f763ee92986b20dcd88b00076e2d09f15f6ab671c16d37bf3c17f0571585,OK
TRN_000707,AUDIO-CLIPS/negative_sounds/speaker_anush_negative_0039.wav,standardized/negative/negative_000300.wav,negative,UNKNOWN,.wav,natural,anush,clean,2.0,16000,1,16,64044,8b30754e62da38e12f97693b9fcb98dbc15c92a16e3e71821d024c1e9e901097,WARNING
TRN_000708,AUDIO-CLIPS/negative_sounds/speaker_anush_negative_0040.wav,standardized/negative/negative_000301.wav,negative,UNKNOWN,.wav,natural,anush,clean,2.0,16000,1,16,64044,5c325d365f6a2791e8c08b64e6ec41afed9ab4ddfe60f87d088618021b3c9b61,WARNING
TRN_000709,AUDIO-CLIPS/negative_sounds/speaker_anush_negative_0041.wav,standardized/negative/negative_000302.wav,negative,UNKNOWN,.wav,natural,anush,clean,2.0,16000,1,16,64044,a18398e6ccb5ef44b1a33d830bb638b987710d4d1025cb14c62e703b1db3cf17,WARNING
TRN_000710,AUDIO-CLIPS/negative_sounds/speaker_anush_negative_0042.wav,standardized/negative/negative_000303.wav,negative,UNKNOWN,.wav,natural,anush,clean,2.0,16000,1,16,64044,89c1a8359432d293cc66ee0f0ba760131ee0fdcdb5d2c8dc5942ef16a80d022e,WARNING
TRN_000711,AUDIO-CLIPS/negative_sounds/speaker_anush_negative_0043.wav,standardized/negative/negative_000304.wav,negative,UNKNOWN,.wav,natural,anush,clean,2.0,16000,1,16,64044,e8a115828ac984de818df9e6a96c69a78a844828561481f34e30ac9c053c19b0,WARNING
TRN_000712,AUDIO-CLIPS/negative_sounds/speaker_anush_negative_0044.wav,standardized/negative/negative_000305.wav,negative,UNKNOWN,.wav,natural,anush,clean,2.0,16000,1,16,64044,3ac5a59466c5d02e9c9812ab130138b7da80e0651f05cfbb93e517d958989a42,WARNING
TRN_000713,AUDIO-CLIPS/negative_sounds/speaker_anush_negative_0045.wav,standardized/negative/negative_000306.wav,negative,UNKNOWN,.wav,natural,anush,clean,2.0,16000,1,16,64044,610b51187f7f18dcd1a683fbc9946b3f378bbe5e5d29beb6ec9c7029e4c2c54e,WARNING
TRN_000714,AUDIO-CLIPS/negative_sounds/speaker_anush_negative_0046.wav,standardized/negative/negative_000307.wav,negative,UNKNOWN,.wav,natural,anush,clean,2.0,16000,1,16,64044,3d5569e67383c23706290070ecd42a6fc5b9245f96d9ffa9167f44612d4aae35,WARNING
TRN_000715,AUDIO-CLIPS/negative_sounds/speaker_anush_negative_0047.wav,standardized/negative/negative_000308.wav,negative,UNKNOWN,.wav,natural,anush,clean,2.0,16000,1,16,64044,9d92bb6cf9a4c2edb42821d6d07416cff6d24f7c4caa2b417c6c5f1161a659c2,WARNING
TRN_000716,AUDIO-CLIPS/negative_sounds/speaker_anush_negative_0048.wav,standardized/negative/negative_000309.wav,negative,UNKNOWN,.wav,natural,anush,clean,2.0,16000,1,16,64044,6eacbec9cb413ab34dfbdf09075c7407749f95f8ef8d1f29126f19981a210415,WARNING
TRN_000717,AUDIO-CLIPS/negative_sounds/speaker_anush_negative_0049.wav,standardized/negative/negative_000310.wav,negative,UNKNOWN,.wav,natural,anush,clean,2.0,16000,1,16,64044,6b2c8c3d9efde7a3ea5d53338c2e8c89bfcd432868d7693ce3b61a1975a1b9cd,WARNING
TRN_000718,AUDIO-CLIPS/negative_sounds/speaker_anush_negative_0050.wav,standardized/negative/negative_000311.wav,negative,UNKNOWN,.wav,natural,anush,clean,2.0,16000,1,16,64044,82c269ca07c905727cfc0c689937fda8549a34cc484cd6870c02d58c34d79d2c,WARNING
TRN_000719,AUDIO-CLIPS/negative_sounds/speaker_anush_negative_0051.wav,standardized/negative/negative_000312.wav,negative,UNKNOWN,.wav,natural,anush,clean,2.0,16000,1,16,64044,e3b207935f42eb22118838bd1a81da8ebc9e8e7b670450dbcbaec72880f02781,OK
TRN_000720,AUDIO-CLIPS/negative_sounds/speaker_anush_negative_0052.wav,standardized/negative/negative_000313.wav,negative,UNKNOWN,.wav,natural,anush,clean,2.0,16000,1,16,64044,629c4af7fa68420699b89871cbe9d3ec4f8d372df5cbcab760266508559408e4,OK
TRN_000721,AUDIO-CLIPS/negative_sounds/speaker_anush_negative_0053.wav,standardized/negative/negative_000314.wav,negative,UNKNOWN,.wav,natural,anush,clean,2.0,16000,1,16,64044,de744beebace80ee1d94115182dcbb56e1e57c60bd3d13153dd91c823a69e40e,OK
TRN_000722,AUDIO-CLIPS/negative_sounds/speaker_anush_negative_0054.wav,standardized/negative/negative_000315.wav,negative,UNKNOWN,.wav,natural,anush,clean,2.0,16000,1,16,64044,bc526b8b1a1563f6bb09682fe684241bc1f85342e48cf2f9f4dab02afa2431b8,WARNING
TRN_000723,AUDIO-CLIPS/negative_sounds/speaker_anush_negative_0055.wav,standardized/negative/negative_000316.wav,negative,UNKNOWN,.wav,natural,anush,clean,2.0,16000,1,16,64044,0d61c47ff36e68b17f1909f34baf7edb81703437211578428476c7985ca6b16e,WARNING
TRN_000724,AUDIO-CLIPS/positive_sounds/Road Number 1 170.m4a,standardized/positive/positive_000001.wav,positive,TRINETRA,.m4a,natural,unknown,clean,1.556,16000,1,16,49836,5bab7e64a13fc4a20582bb0a3f23d740dcb7535e5123e1a6028bd7b1068e79f8,OK
TRN_000725,AUDIO-CLIPS/positive_sounds/Road Number 1 171.m4a,standardized/positive/positive_000002.wav,positive,TRINETRA,.m4a,natural,unknown,clean,1.9827,16000,1,16,63490,6c8a528113d635287da535e84a19a02f2a25d78648d7dbe06e09c45e2ca4f126,OK
TRN_000726,AUDIO-CLIPS/positive_sounds/Road Number 1 172.m4a,standardized/positive/positive_000003.wav,positive,TRINETRA,.m4a,natural,unknown,clean,1.7267,16000,1,16,55298,0d3d2137bbd6c5079308732cd0ba590a768c53e9c1a38fe3952c799d44335814,OK
TRN_000727,AUDIO-CLIPS/positive_sounds/Road Number 1 173.m4a,standardized/positive/positive_000004.wav,positive,TRINETRA,.m4a,natural,unknown,clean,1.812,16000,1,16,58028,71edc878f20bb715a04b9705331d9a9a9daf4629ef0531175b225565cb7ed92b,OK
TRN_000728,AUDIO-CLIPS/positive_sounds/Road Number 1 174.m4a,standardized/positive/positive_000005.wav,positive,TRINETRA,.m4a,natural,unknown,clean,1.3,16000,1,16,41644,41871f986bbd83d5ba2350f6d8cd651f61cde98de9c200c38a64f87067afdffc,OK
TRN_000729,AUDIO-CLIPS/positive_sounds/Road Number 1 175.m4a,standardized/positive/positive_000006.wav,positive,TRINETRA,.m4a,natural,unknown,clean,1.2147,16000,1,16,38914,b244b1584b74f32aaa29b4eecee48e6a8186b0f2540947837ae3ccc19ac7757c,OK
TRN_000730,AUDIO-CLIPS/positive_sounds/Road Number 1 176.m4a,standardized/positive/positive_000007.wav,positive,TRINETRA,.m4a,natural,unknown,clean,1.812,16000,1,16,58028,303d40fd585ac6c5cb77800adbe9d937fec5256aea1f6e6c35524d729d3ecf97,OK
TRN_000731,AUDIO-CLIPS/positive_sounds/Road Number 1 177.m4a,standardized/positive/positive_000008.wav,positive,TRINETRA,.m4a,natural,unknown,clean,1.044,16000,1,16,33452,d37cc06fa760bd5f9c710a55c044828b3f6c13e0201d26f52c9d251555aa0b21,OK
TRN_000732,AUDIO-CLIPS/positive_sounds/Road Number 1 178.m4a,standardized/positive/positive_000009.wav,positive,TRINETRA,.m4a,natural,unknown,clean,2.2387,16000,1,16,71682,491e52bd5f3c2974e9b9b8b9492cde4c4da6052b1804962894c4556aa883f2ae,OK
TRN_000733,AUDIO-CLIPS/positive_sounds/Road Number 1 179.m4a,standardized/positive/positive_000010.wav,positive,TRINETRA,.m4a,natural,unknown,clean,1.1294,16000,1,16,36184,65e52be320a1d098b81b0761e19a6f071339bbc66217a49a09d451406d734ba3,OK
TRN_000734,AUDIO-CLIPS/positive_sounds/Road Number 1 180.m4a,standardized/positive/positive_000011.wav,positive,TRINETRA,.m4a,natural,unknown,clean,1.556,16000,1,16,49836,cfd4148f0e9dae23fa8927d643ea7254a8c1a6702c46688e097316c313a675fa,OK
TRN_000735,AUDIO-CLIPS/positive_sounds/Road Number 1 181.m4a,standardized/positive/positive_000012.wav,positive,TRINETRA,.m4a,natural,unknown,clean,1.812,16000,1,16,58028,8b1d826d0437f5eb1804a3b49e9585bd8837ba0e36917142e7e48065ca2b9d63,OK
TRN_000736,AUDIO-CLIPS/positive_sounds/Road Number 1 182.m4a,standardized/positive/positive_000013.wav,positive,TRINETRA,.m4a,natural,unknown,clean,1.8974,16000,1,16,60760,b568ed888ae941b15a37f8a5b32f1c275b8523fd5f9b3caa34b0db12c95d5200,OK
TRN_000737,AUDIO-CLIPS/positive_sounds/Road Number 1 183.m4a,standardized/positive/positive_000014.wav,positive,TRINETRA,.m4a,natural,unknown,clean,2.58,16000,1,16,82604,3191bba52698c6e7c3259fe90728b0256a58dbfb615636f46a7ac3759c635330,OK
TRN_000738,AUDIO-CLIPS/positive_sounds/Road Number 1 184.m4a,standardized/positive/positive_000015.wav,positive,TRINETRA,.m4a,natural,unknown,clean,1.9827,16000,1,16,63490,568176acfd0cf761b08d3cc951654d96e7f1ebf7561a61b7373bb5b27d19b0eb,OK
TRN_000739,AUDIO-CLIPS/positive_sounds/Road Number 1 185.m4a,standardized/positive/positive_000016.wav,positive,TRINETRA,.m4a,natural,unknown,clean,1.3,16000,1,16,41644,40b81523ebbb244abb9d1f027fae0956a0b1c253f110107a9a03ce9a6c5b0aff,OK
TRN_000740,AUDIO-CLIPS/positive_sounds/Road Number 1 186.m4a,standardized/positive/positive_000017.wav,positive,TRINETRA,.m4a,natural,unknown,clean,1.3854,16000,1,16,44376,ce49b5b035b574d7e42d6921350a30b8a1e7168b4f5540a659420b48e3f1857c,OK
TRN_000741,AUDIO-CLIPS/positive_sounds/Road Number 1 187.m4a,standardized/positive/positive_000018.wav,positive,TRINETRA,.m4a,natural,unknown,clean,2.324,16000,1,16,74412,aaef60ba62c8d214c0218dd892f45c8ddfa7fd92396401abd0111fcb134f8b7f,OK
TRN_000742,AUDIO-CLIPS/positive_sounds/Road Number 1 188.m4a,standardized/positive/positive_000019.wav,positive,TRINETRA,.m4a,natural,unknown,clean,1.9827,16000,1,16,63490,2fcba0c0f3c16d69f8aaaa81385522713f39dfd0eedfc125d8c74ea1a3c107ea,OK
TRN_000743,AUDIO-CLIPS/positive_sounds/Road Number 1 189.m4a,standardized/positive/positive_000020.wav,positive,TRINETRA,.m4a,natural,unknown,clean,1.3,16000,1,16,41644,e791dceb846b760a16f81c8e3d5c910ef2efd1eaf8c38b594bedf86d8520a03a,OK
TRN_000744,AUDIO-CLIPS/positive_sounds/Road Number 1 190.m4a,standardized/positive/positive_000021.wav,positive,TRINETRA,.m4a,natural,unknown,clean,0.788,16000,1,16,25260,385ccb8898825b21eef671de6eb46b67a3b9a79150415c66de6d7b757738b3d9,OK
TRN_000745,AUDIO-CLIPS/positive_sounds/Road Number 1 191.m4a,standardized/positive/positive_000022.wav,positive,TRINETRA,.m4a,natural,unknown,clean,1.812,16000,1,16,58028,5d7c91faca6a33f2ea942c199b8b413ab0f30347796664d465246b4591e09da7,OK
TRN_000746,AUDIO-CLIPS/positive_sounds/Road Number 1 192.m4a,standardized/positive/positive_000023.wav,positive,TRINETRA,.m4a,natural,unknown,clean,1.812,16000,1,16,58028,f4c621ea124791b07312d548052e9ed221d4d1d964cb7291da5b22150314bfee,OK
TRN_000747,AUDIO-CLIPS/positive_sounds/Road Number 1 193.m4a,standardized/positive/positive_000024.wav,positive,TRINETRA,.m4a,natural,unknown,clean,1.812,16000,1,16,58028,cf19a85f46ef7d509cdf1b622d4e0400123def4ffb64a506db3baa6f49f8c94f,OK
TRN_000748,AUDIO-CLIPS/positive_sounds/Road Number 1 194.m4a,standardized/positive/positive_000025.wav,positive,TRINETRA,.m4a,natural,unknown,clean,2.2387,16000,1,16,71682,1c6d31e119161f1f1920b47df8f5f2cd5cbc5c602da2d2eca655163061f4f1b8,OK
TRN_000749,AUDIO-CLIPS/positive_sounds/Road Number 1 195.m4a,standardized/positive/positive_000026.wav,positive,TRINETRA,.m4a,natural,unknown,clean,1.4707,16000,1,16,47106,4a152b0b1a7bc70b94d63aa521be5bc2757048d116c0efb5b55e76969b4b39f5,OK
TRN_000750,AUDIO-CLIPS/positive_sounds/Road Number 1 196.m4a,standardized/positive/positive_000027.wav,positive,TRINETRA,.m4a,natural,unknown,clean,1.556,16000,1,16,49836,516aa4e64685400f28e56a69c399a707622c04bae404c0a3d1cfe142cc43ea0c,OK
TRN_000751,AUDIO-CLIPS/positive_sounds/Road Number 1 197.m4a,standardized/positive/positive_000028.wav,positive,TRINETRA,.m4a,natural,unknown,clean,1.8974,16000,1,16,60760,a7b93c6fa91fb8b0705d26c60d3d02ae08a6e6a1dbd9aebcb7e5f44163cc960f,OK
TRN_000752,AUDIO-CLIPS/positive_sounds/Road Number 1 198.m4a,standardized/positive/positive_000029.wav,positive,TRINETRA,.m4a,natural,unknown,clean,1.812,16000,1,16,58028,317cedc7c8404635e8ffc0276eba48f849a9911b2192df5af3cb40c71df99a02,OK
TRN_000753,AUDIO-CLIPS/positive_sounds/Road Number 1 199.m4a,standardized/positive/positive_000030.wav,positive,TRINETRA,.m4a,natural,unknown,clean,1.8974,16000,1,16,60760,7159737dd7318f2300e44d54de42ce3a63c3768d89158beeffb9335d81becb39,OK
TRN_000754,AUDIO-CLIPS/positive_sounds/Road Number 1 200.m4a,standardized/positive/positive_000031.wav,positive,TRINETRA,.m4a,natural,unknown,clean,1.4707,16000,1,16,47106,aa6eaac9fbbcb7d232b3df16a89da8bb70622a177426476a7442decd18e545bd,OK
TRN_000755,AUDIO-CLIPS/positive_sounds/Road Number 1 201.m4a,standardized/positive/positive_000032.wav,positive,TRINETRA,.m4a,natural,unknown,clean,2.2387,16000,1,16,71682,057cf9c7c006b60d0b400d995a3dd1a5f7f1d47db68775323afe74cb66f7125b,OK
TRN_000756,AUDIO-CLIPS/positive_sounds/Road Number 1 202.m4a,standardized/positive/positive_000033.wav,positive,TRINETRA,.m4a,natural,unknown,clean,1.7267,16000,1,16,55298,40597955fd54833dd15a0f600d05ec9f0a5cf502ca8b75898c190bf6eb2adba7,OK
TRN_000757,AUDIO-CLIPS/positive_sounds/Road Number 1 203.m4a,standardized/positive/positive_000034.wav,positive,TRINETRA,.m4a,natural,unknown,clean,3.092,16000,1,16,98988,72085125d8cd53b3c84d8a6ceb226e138ac8ffcc87454038c170f01c3de0c3e4,OK
TRN_000758,AUDIO-CLIPS/positive_sounds/Road Number 1 204.m4a,standardized/positive/positive_000035.wav,positive,TRINETRA,.m4a,natural,unknown,clean,1.7267,16000,1,16,55298,9f1c313e1b4b8ad868d33eb6a0e17fb163af8ae904b03ae52d70123bee4c7c43,OK
TRN_000759,AUDIO-CLIPS/positive_sounds/Road Number 1 205.m4a,standardized/positive/positive_000036.wav,positive,TRINETRA,.m4a,natural,unknown,clean,2.068,16000,1,16,66220,67c2cdbbd89bc11ee39352fc594c187df9d0e3f6c7c51bb2f02061119f83fa23,OK
TRN_000760,AUDIO-CLIPS/positive_sounds/Road Number 1 206.m4a,standardized/positive/positive_000037.wav,positive,TRINETRA,.m4a,natural,unknown,clean,1.556,16000,1,16,49836,1b0ec909f9f95014fc23ddec52e9c0d71e7a4bc931789bb6a0d4a392087840f4,OK
TRN_000761,AUDIO-CLIPS/positive_sounds/Road Number 1 207.m4a,standardized/positive/positive_000038.wav,positive,TRINETRA,.m4a,natural,unknown,clean,1.556,16000,1,16,49836,4efcc7cd29b478aa232ecd9ae1b218078e7f269c5a31c36f38983b6da77cb7d8,OK
TRN_000762,AUDIO-CLIPS/positive_sounds/Road Number 1 208.m4a,standardized/positive/positive_000039.wav,positive,TRINETRA,.m4a,natural,unknown,clean,1.9827,16000,1,16,63490,ab8035d83108f976dc16d9cd74c429b0a9cd4e8cc452123c90b5f7ef9d45dd02,OK
TRN_000763,AUDIO-CLIPS/positive_sounds/Road Number 1 209.m4a,standardized/positive/positive_000040.wav,positive,TRINETRA,.m4a,natural,unknown,clean,1.3854,16000,1,16,44376,0c4e491dcfa9830dc0d5f00f2d86979952f5db77216f38f9752f311e6efaee59,OK
TRN_000764,AUDIO-CLIPS/positive_sounds/Road Number 1 210.m4a,standardized/positive/positive_000041.wav,positive,TRINETRA,.m4a,natural,unknown,clean,1.6414,16000,1,16,52568,2f924bec0f4ee3841a0010f9c621ce2fa09b532e3155782256e904ee40326ea7,OK
TRN_000765,AUDIO-CLIPS/positive_sounds/Road Number 1 211.m4a,standardized/positive/positive_000042.wav,positive,TRINETRA,.m4a,natural,unknown,clean,1.556,16000,1,16,49836,77f4252819454b216ebe18bb68819a5a1c7ab888ac45ae6a4b6f87956095c852,OK
TRN_000766,AUDIO-CLIPS/positive_sounds/Road Number 1 212.m4a,standardized/positive/positive_000043.wav,positive,TRINETRA,.m4a,natural,unknown,clean,1.7267,16000,1,16,55298,2a2df21b50f290a71da9d61346e14918eb3ba10996975d040f2de28d430e4bb0,OK
TRN_000767,AUDIO-CLIPS/positive_sounds/Road Number 1 213.m4a,standardized/positive/positive_000044.wav,positive,TRINETRA,.m4a,natural,unknown,clean,1.9827,16000,1,16,63490,abeca2b2e56e9e160748b3f80dee0a0e7450f58e123449ab09fa733e17c94653,OK
TRN_000768,AUDIO-CLIPS/positive_sounds/Road Number 1 214.m4a,standardized/positive/positive_000045.wav,positive,TRINETRA,.m4a,natural,unknown,clean,1.9827,16000,1,16,63490,50ea03f23f65b4d7c6dadf1be2dc5b016d6fd37a43319692670a1d4a01756e97,OK
TRN_000769,AUDIO-CLIPS/positive_sounds/Road Number 1 215.m4a,standardized/positive/positive_000046.wav,positive,TRINETRA,.m4a,natural,unknown,clean,1.556,16000,1,16,49836,5b7cacac4651bad516d4e42e1211ab1bb81c11979f0d557233f7092d9445d922,OK
TRN_000770,AUDIO-CLIPS/positive_sounds/Road Number 1 216.m4a,standardized/positive/positive_000047.wav,positive,TRINETRA,.m4a,natural,unknown,clean,2.4094,16000,1,16,77144,ed3397bc59aa54743bff513ef6e9f4ce5dbf7086b4ee867d74e61c73961ca608,OK
TRN_000771,AUDIO-CLIPS/positive_sounds/Road Number 1 217.m4a,standardized/positive/positive_000048.wav,positive,TRINETRA,.m4a,natural,unknown,clean,1.6414,16000,1,16,52568,c505afeb34fb002d640275128bca3451c461a4bb459dbee14ae340e9fa722bf4,OK
TRN_000772,AUDIO-CLIPS/positive_sounds/Road Number 1 218.m4a,standardized/positive/positive_000049.wav,positive,TRINETRA,.m4a,natural,unknown,clean,1.4707,16000,1,16,47106,c6b290ec85dab52316ddc040bbf985777e393dab489bd537dfb7d77efe9ddf5a,OK
TRN_000773,AUDIO-CLIPS/positive_sounds/Road Number 1 219.m4a,standardized/positive/positive_000050.wav,positive,TRINETRA,.m4a,natural,unknown,clean,2.58,16000,1,16,82604,570dea855b91b3d31284fd9b2e9cde0ead25ad1dfe66a1e1ac67f60dd686ddf1,OK
TRN_000774,AUDIO-CLIPS/positive_sounds/Road Number 1 220.m4a,standardized/positive/positive_000051.wav,positive,TRINETRA,.m4a,natural,unknown,clean,1.3,16000,1,16,41644,ec6aa11961cab6752727fdcb908659a89054f8cad2933eee1cc8ff953e83493e,OK
TRN_000775,AUDIO-CLIPS/positive_sounds/Road Number 1 221.m4a,standardized/positive/positive_000052.wav,positive,TRINETRA,.m4a,natural,unknown,clean,1.3,16000,1,16,41644,434071ed3fabc0ceeee2613f8f9629745509f6473bcc30e6441a9a4b52a0d50a,OK
TRN_000776,AUDIO-CLIPS/positive_sounds/Road Number 1 222.m4a,standardized/positive/positive_000053.wav,positive,TRINETRA,.m4a,natural,unknown,clean,1.812,16000,1,16,58028,13923397c39a48c25d0a243157f9d029637a75953beca39abe2aa7b029702de2,OK
TRN_000777,AUDIO-CLIPS/positive_sounds/Road Number 1 223.m4a,standardized/positive/positive_000054.wav,positive,TRINETRA,.m4a,natural,unknown,clean,1.556,16000,1,16,49836,81051c6790f1a8d73934342b2e191f7beec7c6cea376270a13f7e7ffd4b5d1e2,OK
TRN_000778,AUDIO-CLIPS/positive_sounds/Road Number 1 224.m4a,standardized/positive/positive_000055.wav,positive,TRINETRA,.m4a,natural,unknown,clean,2.1534,16000,1,16,68952,dfb10a204ef53ac80155a5ab3d76945eb2db52fc3915370b87a95c8bb91d5bbc,OK
TRN_000779,AUDIO-CLIPS/positive_sounds/Road Number 1 225.m4a,standardized/positive/positive_000056.wav,positive,TRINETRA,.m4a,natural,unknown,clean,1.556,16000,1,16,49836,683a4210ee6d37c35a2d2c18e2f1a4f8ba49a879762f7f47b0a917d09ca5ce64,OK
TRN_000780,AUDIO-CLIPS/positive_sounds/Road Number 1 226.m4a,standardized/positive/positive_000057.wav,positive,TRINETRA,.m4a,natural,unknown,clean,1.8974,16000,1,16,60760,7f0f0a12d5e220f6ed95f55e985962e164f87a511071b47ae8cbd97605e9db09,OK
TRN_000781,AUDIO-CLIPS/positive_sounds/Road Number 1 227.m4a,standardized/positive/positive_000058.wav,positive,TRINETRA,.m4a,natural,unknown,clean,1.812,16000,1,16,58028,043d2a77624bf118e7a9f0e38af0fd7e282f6e5e5ad5ad440330b39d04a79174,OK
TRN_000782,AUDIO-CLIPS/positive_sounds/Road Number 1 228.m4a,standardized/positive/positive_000059.wav,positive,TRINETRA,.m4a,natural,unknown,clean,1.6414,16000,1,16,52568,99b8d6feb0827f3343e8c2b528739b9d260e3603abc34fddc7d9f937158a19c9,OK
TRN_000783,AUDIO-CLIPS/positive_sounds/Road Number 1 229.m4a,standardized/positive/positive_000060.wav,positive,TRINETRA,.m4a,natural,unknown,clean,1.044,16000,1,16,33452,a426bfda4a1bacb88138abf5668a5071cb1458a584891682fd8b1687ce32ef22,OK
TRN_000784,AUDIO-CLIPS/positive_sounds/Road Number 1 230.m4a,standardized/positive/positive_000061.wav,positive,TRINETRA,.m4a,natural,unknown,clean,1.8974,16000,1,16,60760,09926ad13b4f4be1fb00e144eaa4f6d436f3ed0d3a52a2f552178bff73caaacb,OK
TRN_000785,AUDIO-CLIPS/positive_sounds/Road Number 1 231.m4a,standardized/positive/positive_000062.wav,positive,TRINETRA,.m4a,natural,unknown,clean,1.8974,16000,1,16,60760,92700177fa8f522733ed1d141dc86ab5acae5613267ad3e601e1044c0f33caaf,OK
TRN_000786,AUDIO-CLIPS/positive_sounds/Road Number 1 232.m4a,standardized/positive/positive_000063.wav,positive,TRINETRA,.m4a,natural,unknown,clean,1.2147,16000,1,16,38914,f4d117fdea8488417e1181d879112ecc09624df173023cef060287455a099c88,OK
TRN_000787,AUDIO-CLIPS/positive_sounds/Road Number 1 233.m4a,standardized/positive/positive_000064.wav,positive,TRINETRA,.m4a,natural,unknown,clean,1.3,16000,1,16,41644,7f9e835a8b07e30fe683ceeb77b86e068e6e34f6a383b34a36a4cf617945e507,OK
TRN_000788,AUDIO-CLIPS/positive_sounds/Road Number 1 234.m4a,standardized/positive/positive_000065.wav,positive,TRINETRA,.m4a,natural,unknown,clean,1.4707,16000,1,16,47106,cc6157dd8e8b9c06999754861c18d737e07c21bed48227012fdf37e526281b64,OK
TRN_000789,AUDIO-CLIPS/positive_sounds/Road Number 1 235.m4a,standardized/positive/positive_000066.wav,positive,TRINETRA,.m4a,natural,unknown,clean,1.7267,16000,1,16,55298,cf8d730ac730a7167c8d2b9441aed9938d8abd4fb02fcc9868bd4af4976d119d,OK
TRN_000790,AUDIO-CLIPS/positive_sounds/Road Number 1 236.m4a,standardized/positive/positive_000067.wav,positive,TRINETRA,.m4a,natural,unknown,clean,1.4707,16000,1,16,47106,4c97f9cd65d009ef711fbcbf3c15f39cfecdee27285734fc405f2af86a03eb1a,OK
TRN_000791,AUDIO-CLIPS/positive_sounds/Road Number 1 237.m4a,standardized/positive/positive_000068.wav,positive,TRINETRA,.m4a,natural,unknown,clean,1.3854,16000,1,16,44376,976e837a907b063797ac129f48d4830aca4e21170a0b6d9f38ac37ae06ca540b,OK
TRN_000792,AUDIO-CLIPS/positive_sounds/Road Number 1 238.m4a,standardized/positive/positive_000069.wav,positive,TRINETRA,.m4a,natural,unknown,clean,1.3854,16000,1,16,44376,6c7e239c060c681ec15215b8843b0a7224c754115b7357d9e43c62d21fea89d9,OK
TRN_000793,AUDIO-CLIPS/positive_sounds/Road Number 1 239.m4a,standardized/positive/positive_000070.wav,positive,TRINETRA,.m4a,natural,unknown,clean,1.3,16000,1,16,41644,3f0d02abc76bcdeeb80bbb5d7e520e7047bc4c0f12ae5f463f5d0946f9c09b1d,OK
TRN_000794,AUDIO-CLIPS/positive_sounds/Road Number 1 240.m4a,standardized/positive/positive_000071.wav,positive,TRINETRA,.m4a,natural,unknown,clean,1.556,16000,1,16,49836,e899f0fa4c861fdab16b6c57807c1f239629391ce334da2776ad50d2d143f8e4,OK
TRN_000795,AUDIO-CLIPS/positive_sounds/Road Number 1 241.m4a,standardized/positive/positive_000072.wav,positive,TRINETRA,.m4a,natural,unknown,clean,1.556,16000,1,16,49836,c9f4f91511de01cd6fa251aa50e3efc6b5ec6d5c030ac213b9bfee86271ce8e9,OK
TRN_000796,AUDIO-CLIPS/positive_sounds/Road Number 1 242.m4a,standardized/positive/positive_000073.wav,positive,TRINETRA,.m4a,natural,unknown,clean,1.6414,16000,1,16,52568,5bcd458d869a281daf0a5f3b4d09b79c6f27d3b65958bfb96258a4bf0796afbe,OK
TRN_000797,AUDIO-CLIPS/positive_sounds/Road Number 1 243.m4a,standardized/positive/positive_000074.wav,positive,TRINETRA,.m4a,natural,unknown,clean,1.3,16000,1,16,41644,e27ac9a1d84a29ea56c115b2b4eb46d7f9377019c087e753da4bc7f2028da950,OK
TRN_000798,AUDIO-CLIPS/positive_sounds/Road Number 1 244.m4a,standardized/positive/positive_000075.wav,positive,TRINETRA,.m4a,natural,unknown,clean,1.3854,16000,1,16,44376,271767da7aa0f919a67699fea3e561cc9194aee01f6eda6069a20f95e3b82c1d,OK
TRN_000799,AUDIO-CLIPS/positive_sounds/Road Number 1 245.m4a,standardized/positive/positive_000076.wav,positive,TRINETRA,.m4a,natural,unknown,clean,1.3,16000,1,16,41644,aa76785276226da6dac68ce8001ae9a8ad7dba3823ba410687c5b1a1a4c0d196,OK
TRN_000800,AUDIO-CLIPS/positive_sounds/Road Number 1 246.m4a,standardized/positive/positive_000077.wav,positive,TRINETRA,.m4a,natural,unknown,clean,1.2147,16000,1,16,38914,a63b2c96f9b41b53b107944a9b877e8065610bc40d753e4f352261670f74ffd1,OK
TRN_000801,AUDIO-CLIPS/positive_sounds/Road Number 1 247.m4a,standardized/positive/positive_000078.wav,positive,TRINETRA,.m4a,natural,unknown,clean,1.2147,16000,1,16,38914,28a1c2abe413a9c3e023b37affa4c179684771e879c7a6c3b64a90ca667716cb,OK
TRN_000802,AUDIO-CLIPS/positive_sounds/Road Number 1 248.m4a,standardized/positive/positive_000079.wav,positive,TRINETRA,.m4a,natural,unknown,clean,1.6414,16000,1,16,52568,3a46a8a0ffbcc27d3298c5b53dc471fa5ae131cd047f843604c5310b7fc49fcf,OK
TRN_000803,AUDIO-CLIPS/positive_sounds/Road Number 1 249.m4a,standardized/positive/positive_000080.wav,positive,TRINETRA,.m4a,natural,unknown,clean,1.556,16000,1,16,49836,a4e1550b3b2f189f00ea290ec7d00b75798eb5878cebbe9ea436821549340558,OK
TRN_000804,AUDIO-CLIPS/positive_sounds/Road Number 1 250.m4a,standardized/positive/positive_000081.wav,positive,TRINETRA,.m4a,natural,unknown,clean,1.1294,16000,1,16,36184,2c80930946e08b5e632e2d73074abc1a9551c2d94a1e5ee69a4952d878ef72ed,OK
TRN_000805,AUDIO-CLIPS/positive_sounds/Road Number 1 251.m4a,standardized/positive/positive_000082.wav,positive,TRINETRA,.m4a,natural,unknown,clean,1.3854,16000,1,16,44376,a67f73ea61dbbcc7f2962bea6663f4227cbde99779baeec1e745157315517579,OK
TRN_000806,AUDIO-CLIPS/positive_sounds/Road Number 1 252.m4a,standardized/positive/positive_000083.wav,positive,TRINETRA,.m4a,natural,unknown,clean,1.4707,16000,1,16,47106,28a75df5a5acf6748d46c200c67602656e3f6d725a6e36713c1789002a56fbdc,OK
TRN_000807,AUDIO-CLIPS/positive_sounds/Road Number 1 253.m4a,standardized/positive/positive_000084.wav,positive,TRINETRA,.m4a,natural,unknown,clean,1.4707,16000,1,16,47106,fc0ee6f10adc72cb7a14113818e7c2dc727957065cb76cf2bf003268a72aa6d4,OK
TRN_000808,AUDIO-CLIPS/positive_sounds/Road Number 1 254.m4a,standardized/positive/positive_000085.wav,positive,TRINETRA,.m4a,natural,unknown,clean,1.3854,16000,1,16,44376,ea2dbf25e15e520b8fd06f429098cd1c8333d2136979cda677b7ad0e892a6edd,OK
TRN_000809,AUDIO-CLIPS/positive_sounds/Road Number 1 255.m4a,standardized/positive/positive_000086.wav,positive,TRINETRA,.m4a,natural,unknown,clean,2.068,16000,1,16,66220,66e96b72201125abf3498f57e49fd894c5b4d708bec1b48050fda56a48d5d884,OK
TRN_000810,AUDIO-CLIPS/positive_sounds/Road Number 1 256.m4a,standardized/positive/positive_000087.wav,positive,TRINETRA,.m4a,natural,unknown,clean,1.556,16000,1,16,49836,1c55036afd85fbab9c6ec0df56f04af2f3071eb72c34efe225e7023ed79adfd7,OK
TRN_000811,AUDIO-CLIPS/positive_sounds/Road Number 1 257.m4a,standardized/positive/positive_000088.wav,positive,TRINETRA,.m4a,natural,unknown,clean,1.556,16000,1,16,49836,6c2db46289978241bbd3b58fe15eb064ee3bd22536a418adf17f0ee4d19a1943,OK
TRN_000812,AUDIO-CLIPS/positive_sounds/Road Number 1 258.m4a,standardized/positive/positive_000089.wav,positive,TRINETRA,.m4a,natural,unknown,clean,1.7267,16000,1,16,55298,ae671768f7c1eb5577330a1f483012267d9b9cbacb7de3cd92d28e5fbc7c3843,OK
TRN_000813,AUDIO-CLIPS/positive_sounds/Road Number 1 259.m4a,standardized/positive/positive_000090.wav,positive,TRINETRA,.m4a,natural,unknown,clean,1.6414,16000,1,16,52568,3c54005c2a044f85581964fa564d440c3702369657535974c6573f4526698896,OK
TRN_000814,AUDIO-CLIPS/positive_sounds/Road Number 1 260.m4a,standardized/positive/positive_000091.wav,positive,TRINETRA,.m4a,natural,unknown,clean,2.1534,16000,1,16,68952,4a58fdee403ba22b3a0b06df4f48662728ae6d2e3b880d95091076c40ff58ed7,OK
TRN_000815,AUDIO-CLIPS/positive_sounds/Road Number 1 261.m4a,standardized/positive/positive_000092.wav,positive,TRINETRA,.m4a,natural,unknown,clean,2.1534,16000,1,16,68952,5889c05fb7d6609dda5babd7baebefb91bca0c4e03074f35ed7a1b983839319e,OK
TRN_000816,AUDIO-CLIPS/positive_sounds/Road Number 1 262.m4a,standardized/positive/positive_000093.wav,positive,TRINETRA,.m4a,natural,unknown,clean,1.3,16000,1,16,41644,7218a3ff8729f68dd38ac9758f5990076d9a2c698699cd56451880db43b095ce,OK
TRN_000817,AUDIO-CLIPS/positive_sounds/Road Number 1 263.m4a,standardized/positive/positive_000094.wav,positive,TRINETRA,.m4a,natural,unknown,clean,0.8734,16000,1,16,27992,1f76cf1b338a8d72b54634ad0141d7e7b44ca833d22c7a9d0263ca522573763a,OK
TRN_000818,AUDIO-CLIPS/positive_sounds/Road Number 1 264.m4a,standardized/positive/positive_000095.wav,positive,TRINETRA,.m4a,natural,unknown,clean,1.3,16000,1,16,41644,30789b7b8b53a061902d9c4f02d481eb400c8dd61e9a8ba35f7c85e460a15add,OK
TRN_000819,AUDIO-CLIPS/positive_sounds/Road Number 1 265.m4a,standardized/positive/positive_000096.wav,positive,TRINETRA,.m4a,natural,unknown,clean,1.044,16000,1,16,33452,37de68eb25d37279bae5e07084244b8b54f99f597a5d8871ab462e7efc60622b,OK
TRN_000820,AUDIO-CLIPS/positive_sounds/Road Number 1 266.m4a,standardized/positive/positive_000097.wav,positive,TRINETRA,.m4a,natural,unknown,clean,0.9587,16000,1,16,30722,27300817db0cb241cda9cb1ca88986551f20dcf3589c2fa749f69c88ac44d841,OK
TRN_000821,AUDIO-CLIPS/positive_sounds/Road Number 1 267.m4a,standardized/positive/positive_000098.wav,positive,TRINETRA,.m4a,natural,unknown,clean,0.788,16000,1,16,25260,79134d9b44f89757dfcfebe2729bd5e3e40613a8f3a5f9035ad8dfb9e2ab1d3e,OK
TRN_000822,AUDIO-CLIPS/positive_sounds/Road Number 1 268.m4a,standardized/positive/positive_000099.wav,positive,TRINETRA,.m4a,natural,unknown,clean,1.2147,16000,1,16,38914,e2387e97eb6eb9f3ba1a4fe6463700abd01eafdb0beca31906a3f005a03faeda,OK
TRN_000823,AUDIO-CLIPS/positive_sounds/Road Number 1 269.m4a,standardized/positive/positive_000100.wav,positive,TRINETRA,.m4a,natural,unknown,clean,1.3,16000,1,16,41644,75f9482229907141d9669e6c72c9cf085c0307ef05fc1cf598ef33841c1c3faa,OK
TRN_000824,AUDIO-CLIPS/positive_sounds/Road Number 1 270.m4a,standardized/positive/positive_000101.wav,positive,TRINETRA,.m4a,natural,unknown,clean,1.9827,16000,1,16,63490,11aab2634990697498320b9053f6fcf16aab8918bb988c1fa6b6116c157496bd,OK
TRN_000825,AUDIO-CLIPS/positive_sounds/Road Number 1 271.m4a,standardized/positive/positive_000102.wav,positive,TRINETRA,.m4a,natural,unknown,clean,0.8734,16000,1,16,27992,ab9a387933ace28de241a017a0c639b7579a52136229ba05b838709400706d23,OK
TRN_000826,AUDIO-CLIPS/positive_sounds/Road Number 1 272.m4a,standardized/positive/positive_000103.wav,positive,TRINETRA,.m4a,natural,unknown,clean,1.6414,16000,1,16,52568,9a377f7cd671895847bb948e1e54b4c872f9ef8e46fe6950392d4c434933816f,OK
TRN_000827,AUDIO-CLIPS/positive_sounds/TRINETRA_synthetic_0001.wav,standardized/positive/positive_000104.wav,positive,TRINETRA,.wav,synthetic,unknown,clean,0.9989,16000,1,16,32008,e7afa0cd877bc577fe5d83e079067bbea703607d6b9ae9af9c14763480ab8143,OK
TRN_000828,AUDIO-CLIPS/positive_sounds/TRINETRA_synthetic_0002.wav,standardized/positive/positive_000105.wav,positive,TRINETRA,.wav,synthetic,unknown,clean,0.9811,16000,1,16,31440,17b18d9c0b3caa59f0ee1da1d644136be0ce61f4b9b643c993043df7b0a23ad6,OK
TRN_000829,AUDIO-CLIPS/positive_sounds/TRINETRA_synthetic_0003.wav,standardized/positive/positive_000106.wav,positive,TRINETRA,.wav,synthetic,unknown,clean,1.0448,16000,1,16,33476,dab0e4a969635cf0d647b8085418306beb888fa1e509b26361fda3054898f602,OK
TRN_000830,AUDIO-CLIPS/positive_sounds/TRINETRA_synthetic_0004.wav,standardized/positive/positive_000107.wav,positive,TRINETRA,.wav,synthetic,unknown,clean,1.0166,16000,1,16,32576,1267b257e0cb379a90191ad8663207e2d90a3a591e66ff6868111da0cecbfc48,OK
TRN_000831,AUDIO-CLIPS/positive_sounds/TRINETRA_synthetic_0005.wav,standardized/positive/positive_000108.wav,positive,TRINETRA,.wav,synthetic,unknown,clean,0.9378,16000,1,16,30054,5f3b593aef1a886a4a588375a4627589589c5b6c62b3585e5e26a70fb50caa89,OK
TRN_000832,AUDIO-CLIPS/positive_sounds/TRINETRA_synthetic_0006.wav,standardized/positive/positive_000109.wav,positive,TRINETRA,.wav,synthetic,unknown,clean,0.984,16000,1,16,31532,c095e22a8279b091125815af5cedc25fe560657e9fd23459b08e5852c908fc85,OK
TRN_000833,AUDIO-CLIPS/positive_sounds/TRINETRA_synthetic_0007.wav,standardized/positive/positive_000110.wav,positive,TRINETRA,.wav,synthetic,unknown,clean,1.0451,16000,1,16,33488,0d803b09e333dd365b04364c9f1c836c624e1749366deb8744a7790df1e5b365,OK
TRN_000834,AUDIO-CLIPS/positive_sounds/TRINETRA_synthetic_0008.wav,standardized/positive/positive_000111.wav,positive,TRINETRA,.wav,synthetic,unknown,clean,1.0478,16000,1,16,33574,619f7df307fb35cb14f3cda529ee593db5db3946fb7bac1b78188709d4e17323,OK
TRN_000835,AUDIO-CLIPS/positive_sounds/TRINETRA_synthetic_0009.wav,standardized/positive/positive_000112.wav,positive,TRINETRA,.wav,synthetic,unknown,clean,0.9456,16000,1,16,30302,1a213cd2a92cf2bfe01108388eced45a1d099eb803ff192d627cc5b39802bff4,OK
TRN_000836,AUDIO-CLIPS/positive_sounds/TRINETRA_synthetic_0010.wav,standardized/positive/positive_000113.wav,positive,TRINETRA,.wav,synthetic,unknown,clean,1.0515,16000,1,16,33692,c7b9ce7e3ebcff5c760a10557321fc43a1d3632d007381cb0495641fe0430b36,OK
TRN_000837,AUDIO-CLIPS/positive_sounds/TRINETRA_synthetic_0011.wav,standardized/positive/positive_000114.wav,positive,TRINETRA,.wav,synthetic,unknown,clean,1.0094,16000,1,16,32344,31aac29b363eda46946f7dafd937db8b614634f7e805ae854596a9ab899479b7,OK
TRN_000838,AUDIO-CLIPS/positive_sounds/TRINETRA_synthetic_0012.wav,standardized/positive/positive_000115.wav,positive,TRINETRA,.wav,synthetic,unknown,clean,0.9796,16000,1,16,31392,da177866452f1478b6de8d6f3c31f711b68ad6b71893360c93a3840a868469dd,OK
TRN_000839,AUDIO-CLIPS/positive_sounds/TRINETRA_synthetic_0013.wav,standardized/positive/positive_000116.wav,positive,TRINETRA,.wav,synthetic,unknown,clean,1.0468,16000,1,16,33540,8f0dfa1103e8042cf6bddc26ebba294cc2538310d61c79ac9933f5c953be92ff,OK
TRN_000840,AUDIO-CLIPS/positive_sounds/TRINETRA_synthetic_0014.wav,standardized/positive/positive_000117.wav,positive,TRINETRA,.wav,synthetic,unknown,clean,1.0664,16000,1,16,34170,99b682757549b6479804992627d02388d4c7d298135b00941224db1c746ad51b,OK
TRN_000841,AUDIO-CLIPS/positive_sounds/TRINETRA_synthetic_0015.wav,standardized/positive/positive_000118.wav,positive,TRINETRA,.wav,synthetic,unknown,clean,0.9617,16000,1,16,30818,a63181451f1fd505f21dd3219aa6e74359c594436109ca738c0bf11504bba6ea,OK
TRN_000842,AUDIO-CLIPS/positive_sounds/TRINETRA_synthetic_0016.wav,standardized/positive/positive_000119.wav,positive,TRINETRA,.wav,synthetic,unknown,clean,1.0288,16000,1,16,32964,ed395b33b2b49cc7af5aeed11feca442bc2ca955d5b05b2444e803d95f23558a,OK
TRN_000843,AUDIO-CLIPS/positive_sounds/TRINETRA_synthetic_0017.wav,standardized/positive/positive_000120.wav,positive,TRINETRA,.wav,synthetic,unknown,clean,0.9724,16000,1,16,31160,13010de414bf181700ac6a76725c5074e5f38b315c52f9478076103c9d2f4091,OK
TRN_000844,AUDIO-CLIPS/positive_sounds/TRINETRA_synthetic_0018.wav,standardized/positive/positive_000121.wav,positive,TRINETRA,.wav,synthetic,unknown,clean,1.1635,16000,1,16,37276,66d0d124be95f2079f2cdf2d0666230e6174218dfc288ba793c05ff3cd234325,OK
TRN_000845,AUDIO-CLIPS/positive_sounds/TRINETRA_synthetic_0019.wav,standardized/positive/positive_000122.wav,positive,TRINETRA,.wav,synthetic,unknown,clean,0.9177,16000,1,16,29410,a2efbf877c4581a8e703aa64a152f417762d63e610d6d715bf4767c917527155,OK
TRN_000846,AUDIO-CLIPS/positive_sounds/TRINETRA_synthetic_0020.wav,standardized/positive/positive_000123.wav,positive,TRINETRA,.wav,synthetic,unknown,clean,1.0251,16000,1,16,32846,672c817778f8e85a3848c91e77ad89eca23e86fd6e78e7cfb857dca928cf5d71,OK
TRN_000847,AUDIO-CLIPS/positive_sounds/TRINETRA_synthetic_0021.wav,standardized/positive/positive_000124.wav,positive,TRINETRA,.wav,synthetic,unknown,clean,1.0144,16000,1,16,32506,14f4da3280b6686ea317613e98d8a7a3c158e8394db9e1d139384cd6450242f9,OK
TRN_000848,AUDIO-CLIPS/positive_sounds/TRINETRA_synthetic_0022.wav,standardized/positive/positive_000125.wav,positive,TRINETRA,.wav,synthetic,unknown,clean,0.9962,16000,1,16,31924,e60f49b58d903fcb74391252ff64cda53d2d89d7c94d323c5e7dd278c7afc0a2,OK
TRN_000849,AUDIO-CLIPS/positive_sounds/TRINETRA_synthetic_0023.wav,standardized/positive/positive_000126.wav,positive,TRINETRA,.wav,synthetic,unknown,clean,0.9561,16000,1,16,30638,6f4468ca689568e3785b991da0155da3e678a2aaab4a2b1edb904ceb7ceaebef,OK
TRN_000850,AUDIO-CLIPS/positive_sounds/TRINETRA_synthetic_0024.wav,standardized/positive/positive_000127.wav,positive,TRINETRA,.wav,synthetic,unknown,clean,1.0766,16000,1,16,34496,237bf2eb0cc2bcdc6eccfc9adb58930560b44077f39239ffc7b9e405b86ac305,OK
TRN_000851,AUDIO-CLIPS/positive_sounds/TRINETRA_synthetic_0025.wav,standardized/positive/positive_000128.wav,positive,TRINETRA,.wav,synthetic,unknown,clean,0.9423,16000,1,16,30196,f8757f1e5774d759a81b4bc1e361c4d44ef3d05890f3125495eb4c5922e5836f,OK
TRN_000852,AUDIO-CLIPS/positive_sounds/TRINETRA_synthetic_0026.wav,standardized/positive/positive_000129.wav,positive,TRINETRA,.wav,synthetic,unknown,clean,1.0437,16000,1,16,33444,f037cab09d785ab89c74a5591a5a3d42a73893532a47b8ab43e1bd258b5863e7,OK
TRN_000853,AUDIO-CLIPS/positive_sounds/TRINETRA_synthetic_0027.wav,standardized/positive/positive_000130.wav,positive,TRINETRA,.wav,synthetic,unknown,clean,1.1038,16000,1,16,35364,66a2c733a0081bd30de5cb3c8d5d515a44c55b559f72ec7ff601b19133e0b029,OK
TRN_000854,AUDIO-CLIPS/positive_sounds/TRINETRA_synthetic_0028.wav,standardized/positive/positive_000131.wav,positive,TRINETRA,.wav,synthetic,unknown,clean,1.0575,16000,1,16,33884,036c6f3cd0ff76a4be2b30e2aee218724746a5eacbde4fca80c1320ca6dbdfd3,OK
TRN_000855,AUDIO-CLIPS/positive_sounds/TRINETRA_synthetic_0029.wav,standardized/positive/positive_000132.wav,positive,TRINETRA,.wav,synthetic,unknown,clean,1.0217,16000,1,16,32738,4845448ef686532971b4971adcb3027b53af89eaf97c3dd9e83f23a1c632a1f7,OK
TRN_000856,AUDIO-CLIPS/positive_sounds/TRINETRA_synthetic_0030.wav,standardized/positive/positive_000133.wav,positive,TRINETRA,.wav,synthetic,unknown,clean,1.038,16000,1,16,33260,96d110aafbd4e88a3c10280bb6593f922a9023910ddaea09b8304d55e9fc1112,OK
TRN_000857,AUDIO-CLIPS/positive_sounds/TRINETRA_synthetic_0031.wav,standardized/positive/positive_000134.wav,positive,TRINETRA,.wav,synthetic,unknown,clean,1.1003,16000,1,16,35254,210316f2764b645bc75e296ba042313f8f188715ce5784b62c9f01b85999173c,OK
TRN_000858,AUDIO-CLIPS/positive_sounds/TRINETRA_synthetic_0032.wav,standardized/positive/positive_000135.wav,positive,TRINETRA,.wav,synthetic,unknown,clean,1.0857,16000,1,16,34788,c84e6efd69bd67cb564d85cb939e627a818aeef344e147acf60eb19031aafc8c,OK
TRN_000859,AUDIO-CLIPS/positive_sounds/TRINETRA_synthetic_0033.wav,standardized/positive/positive_000136.wav,positive,TRINETRA,.wav,synthetic,unknown,clean,1.1536,16000,1,16,36960,3cb0fd6c3d82eb053d9abefa6832be78ed8a312e129aceb1eca509cbe0b7b065,OK
TRN_000860,AUDIO-CLIPS/positive_sounds/TRINETRA_synthetic_0034.wav,standardized/positive/positive_000137.wav,positive,TRINETRA,.wav,synthetic,unknown,clean,1.1989,16000,1,16,38408,213f395240f237ea5aa8ade7475f9a812097be3ad87ac946be2aaa81a4b03e44,OK
TRN_000861,AUDIO-CLIPS/positive_sounds/TRINETRA_synthetic_0035.wav,standardized/positive/positive_000138.wav,positive,TRINETRA,.wav,synthetic,unknown,clean,1.1911,16000,1,16,38160,0fd67defb9b10f3328d22cdd45ec760488e69861b665849ef914a47f43b76a6c,OK
TRN_000862,AUDIO-CLIPS/positive_sounds/TRINETRA_synthetic_0036.wav,standardized/positive/positive_000139.wav,positive,TRINETRA,.wav,synthetic,unknown,clean,1.0528,16000,1,16,33732,4734b3d36ad7ada9f52e7c47a9c451cb92017268fe4557b1aac45e2b328b85c5,OK
TRN_000863,AUDIO-CLIPS/positive_sounds/TRINETRA_synthetic_0037.wav,standardized/positive/positive_000140.wav,positive,TRINETRA,.wav,synthetic,unknown,clean,1.0992,16000,1,16,35218,582cbda582dc0e23119b50835154570902c368b4e73f6615570696884b4ff108,OK
TRN_000864,AUDIO-CLIPS/positive_sounds/TRINETRA_synthetic_0038.wav,standardized/positive/positive_000141.wav,positive,TRINETRA,.wav,synthetic,unknown,clean,1.1877,16000,1,16,38050,24a2889c8ca18f43506c1356b378f11e3d79f7036bac39417cc1567204a18025,OK
TRN_000865,AUDIO-CLIPS/positive_sounds/TRINETRA_synthetic_0039.wav,standardized/positive/positive_000142.wav,positive,TRINETRA,.wav,synthetic,unknown,clean,1.1036,16000,1,16,35358,e43fcb27e3bf05a79864a481c6429e30a4c3251f14700893fb5dbd3e4b8a537b,OK
TRN_000866,AUDIO-CLIPS/positive_sounds/TRINETRA_synthetic_0040.wav,standardized/positive/positive_000143.wav,positive,TRINETRA,.wav,synthetic,unknown,clean,1.0801,16000,1,16,34606,14bac7c9e64fc609219619fbb15af6c25c59e6da5d04bdc147aaa608c3d7ed9f,OK
TRN_000867,AUDIO-CLIPS/positive_sounds/TRINETRA_synthetic_0041.wav,standardized/positive/positive_000144.wav,positive,TRINETRA,.wav,synthetic,unknown,clean,1.2098,16000,1,16,38756,381ffb32924ef498ee0bbc9943d6528140ccf1776d85ac34632b47ab45b425f4,OK
TRN_000868,AUDIO-CLIPS/positive_sounds/TRINETRA_synthetic_0042.wav,standardized/positive/positive_000145.wav,positive,TRINETRA,.wav,synthetic,unknown,clean,1.1424,16000,1,16,36602,3d1929dec09f52c401c5a2fe4d75cb551ebdffe257800a1e832efdc0785cbda3,OK
TRN_000869,AUDIO-CLIPS/positive_sounds/TRINETRA_synthetic_0043.wav,standardized/positive/positive_000146.wav,positive,TRINETRA,.wav,synthetic,unknown,clean,1.0706,16000,1,16,34304,4c02c79a7e3734eff5255ed38d6a2599ff768921dff8635d0295b320298632ad,OK
TRN_000870,AUDIO-CLIPS/positive_sounds/TRINETRA_synthetic_0044.wav,standardized/positive/positive_000147.wav,positive,TRINETRA,.wav,synthetic,unknown,clean,1.1592,16000,1,16,37140,b9d8b1fd351171e06645498af54a3362f2bec805a746718295737baf0d9038f0,OK
TRN_000871,AUDIO-CLIPS/positive_sounds/TRINETRA_synthetic_0045.wav,standardized/positive/positive_000148.wav,positive,TRINETRA,.wav,synthetic,unknown,clean,1.1363,16000,1,16,36406,e788e00928beacaa84a8adf0b10610db408a2d5a767da5d806a97af9d3207b12,OK
TRN_000872,AUDIO-CLIPS/positive_sounds/TRINETRA_synthetic_0046.wav,standardized/positive/positive_000149.wav,positive,TRINETRA,.wav,synthetic,unknown,clean,1.2784,16000,1,16,40954,834b09e90cc96529ef9b83bb97d598ba051a4c355452ccf27db39efba5a508e5,OK
TRN_000873,AUDIO-CLIPS/positive_sounds/TRINETRA_synthetic_0047.wav,standardized/positive/positive_000150.wav,positive,TRINETRA,.wav,synthetic,unknown,clean,1.2164,16000,1,16,38968,0cb334245af755d2fa644649117231076c3c11cb375ccdd0adb8624bee958a57,OK
TRN_000874,AUDIO-CLIPS/positive_sounds/TRINETRA_synthetic_0048.wav,standardized/positive/positive_000151.wav,positive,TRINETRA,.wav,synthetic,unknown,clean,1.2369,16000,1,16,39624,16896a0ed05a0898d2295f477ddcdda1db7cc8e4a3714e3311dccb7a77846f30,OK
TRN_000875,AUDIO-CLIPS/positive_sounds/TRINETRA_synthetic_0049.wav,standardized/positive/positive_000152.wav,positive,TRINETRA,.wav,synthetic,unknown,clean,1.2008,16000,1,16,38470,128f3118e54847c4b0ebb17c3ae74c02c3e259779a2eaccf5fdec55def54fe15,OK
TRN_000876,AUDIO-CLIPS/positive_sounds/TRINETRA_synthetic_0050.wav,standardized/positive/positive_000153.wav,positive,TRINETRA,.wav,synthetic,unknown,clean,1.2061,16000,1,16,38638,4ccf3046c1091bf908cc9d846ca28e4828f79ba502e292535c845ed0115e5076,OK
TRN_000877,AUDIO-CLIPS/positive_sounds/TRINETRA_synthetic_0051.wav,standardized/positive/positive_000154.wav,positive,TRINETRA,.wav,synthetic,unknown,clean,1.2324,16000,1,16,39482,d2f64be7c09691cac448ae15f320c3803637f318cdc05fa7587e0a66f525a87f,OK
TRN_000878,AUDIO-CLIPS/positive_sounds/TRINETRA_synthetic_0052.wav,standardized/positive/positive_000155.wav,positive,TRINETRA,.wav,synthetic,unknown,clean,1.2314,16000,1,16,39448,9b97edc49a555161e19d83a571e20a1044d143c875115f5db6c0cc7247dd0d1f,OK
TRN_000879,AUDIO-CLIPS/positive_sounds/TRINETRA_synthetic_0053.wav,standardized/positive/positive_000156.wav,positive,TRINETRA,.wav,synthetic,unknown,clean,1.1744,16000,1,16,37624,ed836a31ce89adf8c890753b96c878b05c59e4314ea6137f9c21a8ccc280b8f4,OK
TRN_000880,AUDIO-CLIPS/positive_sounds/TRINETRA_synthetic_0054.wav,standardized/positive/positive_000157.wav,positive,TRINETRA,.wav,synthetic,unknown,clean,1.2313,16000,1,16,39446,4d51043ab6b657d694a025499b74e1163fffcb2bf48f0cf75bef4f47e16e15c0,OK
TRN_000881,AUDIO-CLIPS/positive_sounds/TRINETRA_synthetic_0055.wav,standardized/positive/positive_000158.wav,positive,TRINETRA,.wav,synthetic,unknown,clean,1.1121,16000,1,16,35630,94a02ea11ffb5046184963855a48532b3d72e9ce1c2d5b867e6ac76ec2c26fa5,OK
TRN_000882,AUDIO-CLIPS/positive_sounds/TRINETRA_synthetic_0056.wav,standardized/positive/positive_000159.wav,positive,TRINETRA,.wav,synthetic,unknown,clean,1.249,16000,1,16,40012,4459e19dca9c855a5afa46d784c74a50361a8a177158a921169ba6c7324743d1,OK
TRN_000883,AUDIO-CLIPS/positive_sounds/TRINETRA_synthetic_0057.wav,standardized/positive/positive_000160.wav,positive,TRINETRA,.wav,synthetic,unknown,clean,1.1597,16000,1,16,37154,b72103a56f3ce481fef080790732b74e67b11b758a1fe08d4343a4ebbb62d718,OK
TRN_000884,AUDIO-CLIPS/positive_sounds/TRINETRA_synthetic_0058.wav,standardized/positive/positive_000161.wav,positive,TRINETRA,.wav,synthetic,unknown,clean,1.1827,16000,1,16,37892,cb9355df82c63b6c5ff8b8c59c95ee3812db7d35510e59222f1c86c2c635830b,OK
TRN_000885,AUDIO-CLIPS/positive_sounds/TRINETRA_synthetic_0059.wav,standardized/positive/positive_000162.wav,positive,TRINETRA,.wav,synthetic,unknown,clean,1.1489,16000,1,16,36810,d6f4e5777a85ed7c33d33df60d2af3472a9039bbcebf42347aa4a3515b4dbef0,OK
TRN_000886,AUDIO-CLIPS/positive_sounds/TRINETRA_synthetic_0060.wav,standardized/positive/positive_000163.wav,positive,TRINETRA,.wav,synthetic,unknown,clean,1.2353,16000,1,16,39574,2cca25d2a1a2cdef4bec1d079fc63996333e43f022025070f5b8539614c330cd,OK
TRN_000887,AUDIO-CLIPS/positive_sounds/TRINETRA_synthetic_0061.wav,standardized/positive/positive_000164.wav,positive,TRINETRA,.wav,synthetic,unknown,clean,1.2405,16000,1,16,39740,19acba423b45db96be479b99d811e04590ed9be349ef8c088238f950ef066a88,OK
TRN_000888,AUDIO-CLIPS/positive_sounds/TRINETRA_synthetic_0062.wav,standardized/positive/positive_000165.wav,positive,TRINETRA,.wav,synthetic,unknown,clean,1.2353,16000,1,16,39574,430b3e144d20795a9007474b68a113a6153a298bc66d47dbd50318ff74e959e7,OK
TRN_000889,AUDIO-CLIPS/positive_sounds/TRINETRA_synthetic_0063.wav,standardized/positive/positive_000166.wav,positive,TRINETRA,.wav,synthetic,unknown,clean,1.1919,16000,1,16,38184,710384182aee6d24cb144d92d97329ea07583856889bd5e58c1a0da5c70cef1c,OK
TRN_000890,AUDIO-CLIPS/positive_sounds/TRINETRA_synthetic_0064.wav,standardized/positive/positive_000167.wav,positive,TRINETRA,.wav,synthetic,unknown,clean,1.1786,16000,1,16,37758,6acf33c4ac0968a6f6f05f3987eeb00b3acc81ed74075bfc753ab7c931805387,OK
TRN_000891,AUDIO-CLIPS/positive_sounds/TRINETRA_synthetic_0065.wav,standardized/positive/positive_000168.wav,positive,TRINETRA,.wav,synthetic,unknown,clean,1.1971,16000,1,16,38350,10402b955ec36972deb29a135ec547c2314909ddc14bb51b765ffb60aff1eebf,OK
TRN_000892,AUDIO-CLIPS/positive_sounds/TRINETRA_synthetic_0066.wav,standardized/positive/positive_000169.wav,positive,TRINETRA,.wav,synthetic,unknown,clean,1.2388,16000,1,16,39684,2686171cb88bbe9a33832933ade77f2b3aac4e41130ccdb7eee1fca1cc639076,OK
TRN_000893,AUDIO-CLIPS/positive_sounds/TRINETRA_synthetic_0067.wav,standardized/positive/positive_000170.wav,positive,TRINETRA,.wav,synthetic,unknown,clean,1.2389,16000,1,16,39690,3fddddcb9aee22b64157e7f0fcdbf274fa9410217a8c9d0c80933025788b494d,OK
TRN_000894,AUDIO-CLIPS/positive_sounds/TRINETRA_synthetic_0068.wav,standardized/positive/positive_000171.wav,positive,TRINETRA,.wav,synthetic,unknown,clean,1.2621,16000,1,16,40430,fb05599132c58933444269b3772d21c11ddce8a5be74b93b2450237e28b28ebe,OK
TRN_000895,AUDIO-CLIPS/positive_sounds/TRINETRA_synthetic_0069.wav,standardized/positive/positive_000172.wav,positive,TRINETRA,.wav,synthetic,unknown,clean,1.2459,16000,1,16,39912,e134e110a72e5a3fe0576e7c927be0cc148d23ea36beaeb2e4d84b82d545b3df,OK
TRN_000896,AUDIO-CLIPS/positive_sounds/TRINETRA_synthetic_0070.wav,standardized/positive/positive_000173.wav,positive,TRINETRA,.wav,synthetic,unknown,clean,1.1672,16000,1,16,37394,f7320bc3223de2c7b82081dd0597c16f6beb5ff4e0f394e7a6cf4940dac48879,OK
TRN_000897,AUDIO-CLIPS/positive_sounds/TRINETRA_synthetic_0071.wav,standardized/positive/positive_000174.wav,positive,TRINETRA,.wav,synthetic,unknown,clean,1.3082,16000,1,16,41908,24f7ffa5f7fed6f360542454eb90b020d19d41aef7319b34dfdb944c02fdf265,OK
TRN_000898,AUDIO-CLIPS/positive_sounds/TRINETRA_synthetic_0072.wav,standardized/positive/positive_000175.wav,positive,TRINETRA,.wav,synthetic,unknown,clean,1.1168,16000,1,16,35782,ddd877eeebc9b7f8d1fd1007e5f9741c48f222e475794e7ea8b68dc2de38db71,OK
TRN_000899,AUDIO-CLIPS/positive_sounds/TRINETRA_synthetic_0073.wav,standardized/positive/positive_000176.wav,positive,TRINETRA,.wav,synthetic,unknown,clean,1.2302,16000,1,16,39410,9ae4dfb6f4d7cd6d4e647ba09595c44611ef24cb31529af4a7ac63fff3983838,OK
TRN_000900,AUDIO-CLIPS/positive_sounds/TRINETRA_synthetic_0074.wav,standardized/positive/positive_000177.wav,positive,TRINETRA,.wav,synthetic,unknown,clean,1.2564,16000,1,16,40248,8bfa43f5ed8d2d01dfe3f835579529823c1e602458f712adbb54fc9e3f8f72c4,OK
TRN_000901,AUDIO-CLIPS/positive_sounds/TRINETRA_synthetic_0075.wav,standardized/positive/positive_000178.wav,positive,TRINETRA,.wav,synthetic,unknown,clean,1.2132,16000,1,16,38866,5db262746d767498ce28710ee47e4c33c1130b5f03a7153d5371b5c10a41206d,OK
TRN_000902,AUDIO-CLIPS/positive_sounds/TRINETRA_synthetic_0076.wav,standardized/positive/positive_000179.wav,positive,TRINETRA,.wav,synthetic,unknown,clean,1.1024,16000,1,16,35322,3e0fd9c50085feae8f1fb4617a91c108e58b090c668a5bc37b73e31cf1a5a456,OK
TRN_000903,AUDIO-CLIPS/positive_sounds/TRINETRA_synthetic_0077.wav,standardized/positive/positive_000180.wav,positive,TRINETRA,.wav,synthetic,unknown,clean,1.0175,16000,1,16,32604,09ca6c0886360b68ad691ab3cfc350bf5b6db917206a2adda5df22e6820080f9,OK
TRN_000904,AUDIO-CLIPS/positive_sounds/TRINETRA_synthetic_0078.wav,standardized/positive/positive_000181.wav,positive,TRINETRA,.wav,synthetic,unknown,clean,0.9747,16000,1,16,31234,117ba90a33db683dbf02730bed4fdc37ff47580e0a18a92a8ebee22a32aff0a0,OK
TRN_000905,AUDIO-CLIPS/positive_sounds/TRINETRA_synthetic_0079.wav,standardized/positive/positive_000182.wav,positive,TRINETRA,.wav,synthetic,unknown,clean,0.9301,16000,1,16,29806,71d1737778a816b084f97d0e184a1fe48a7589afcbd0712f73d3673ebe0a256b,OK
TRN_000906,AUDIO-CLIPS/positive_sounds/TRINETRA_synthetic_0080.wav,standardized/positive/positive_000183.wav,positive,TRINETRA,.wav,synthetic,unknown,clean,1.0257,16000,1,16,32868,ca0d799ef46273975c2ddf1d98fb4cd96577c66d74ad4c73461fd2827ebc59b9,OK
TRN_000907,AUDIO-CLIPS/positive_sounds/TRINETRA_synthetic_0081.wav,standardized/positive/positive_000184.wav,positive,TRINETRA,.wav,synthetic,unknown,clean,1.0312,16000,1,16,33042,6499491b2359db5c43636c04a66c68f6b59bdd6a01b0d03fd58593df54300edd,OK
TRN_000908,AUDIO-CLIPS/positive_sounds/TRINETRA_synthetic_0082.wav,standardized/positive/positive_000185.wav,positive,TRINETRA,.wav,synthetic,unknown,clean,0.9413,16000,1,16,30164,a68bc7d77c8f0290e8ba368b2f8fc3105210d8b5b3c36a98deba4f0fdeb30608,OK
TRN_000909,AUDIO-CLIPS/positive_sounds/TRINETRA_synthetic_0083.wav,standardized/positive/positive_000186.wav,positive,TRINETRA,.wav,synthetic,unknown,clean,1.017,16000,1,16,32588,8a5be5aef38d0a66255b7494d4294e5d0f5303d655c84404222f34eb2392e890,OK
TRN_000910,AUDIO-CLIPS/positive_sounds/TRINETRA_synthetic_0084.wav,standardized/positive/positive_000187.wav,positive,TRINETRA,.wav,synthetic,unknown,clean,0.9401,16000,1,16,30126,20c8e2dd3c4fd14a3ffae1974f3f746096ca5bdd61ac600f7ba0c445da539107,OK
TRN_000911,AUDIO-CLIPS/positive_sounds/TRINETRA_synthetic_0085.wav,standardized/positive/positive_000188.wav,positive,TRINETRA,.wav,synthetic,unknown,clean,0.9029,16000,1,16,28938,8175a55d37b9f452640caf8bbf7af74ef723a0ac98105e70d8493ce6cc1bab79,OK
TRN_000912,AUDIO-CLIPS/positive_sounds/TRINETRA_synthetic_0086.wav,standardized/positive/positive_000189.wav,positive,TRINETRA,.wav,synthetic,unknown,clean,1.0768,16000,1,16,34500,5c14c51cf0202163373e8f8b55d05d4f7aa94f4584fcfa4410d5868dcd0091fa,OK
TRN_000913,AUDIO-CLIPS/positive_sounds/TRINETRA_synthetic_0087.wav,standardized/positive/positive_000190.wav,positive,TRINETRA,.wav,synthetic,unknown,clean,0.9958,16000,1,16,31908,53cfe69341c52e7115e35820ff8d7d99256405827f6b251bc233c072162ff39b,OK
TRN_000914,AUDIO-CLIPS/positive_sounds/TRINETRA_synthetic_0088.wav,standardized/positive/positive_000191.wav,positive,TRINETRA,.wav,synthetic,unknown,clean,1.0908,16000,1,16,34950,984ca6ae9ee737871f6d1b264c1be9234bb1475c4b43eb0191d82792e5e939e6,OK
TRN_000915,AUDIO-CLIPS/positive_sounds/TRINETRA_synthetic_0089.wav,standardized/positive/positive_000192.wav,positive,TRINETRA,.wav,synthetic,unknown,clean,0.9596,16000,1,16,30752,8acbb4ed1d2322d4df51db43fe1cfd2bf60cef9cdc9fd8f2c6777fe018e47715,OK
TRN_000916,AUDIO-CLIPS/positive_sounds/TRINETRA_synthetic_0090.wav,standardized/positive/positive_000193.wav,positive,TRINETRA,.wav,synthetic,unknown,clean,0.9659,16000,1,16,30954,88f8d5b1f41fcdc914233c8ee3485df34e50f5a4fdf8afcdc1e1908b91febb41,OK
TRN_000917,AUDIO-CLIPS/positive_sounds/TRINETRA_synthetic_0091.wav,standardized/positive/positive_000194.wav,positive,TRINETRA,.wav,synthetic,unknown,clean,1.2156,16000,1,16,38942,198b7b893e3da8f0e7a00394c51452198415fde26b6b3df71c3392a129f50258,OK
TRN_000918,AUDIO-CLIPS/positive_sounds/TRINETRA_synthetic_0092.wav,standardized/positive/positive_000195.wav,positive,TRINETRA,.wav,synthetic,unknown,clean,1.2724,16000,1,16,40760,bf7810dc9302692b004294ef4e7a012ef4f1d5a255b7d270e41feb35c4a03309,OK
TRN_000919,AUDIO-CLIPS/positive_sounds/TRINETRA_synthetic_0093.wav,standardized/positive/positive_000196.wav,positive,TRINETRA,.wav,synthetic,unknown,clean,1.2611,16000,1,16,40400,491ca37626fd5801c1b787ebd014c68b20646da58c2c735bcdc1d475e7db0270,OK
TRN_000920,AUDIO-CLIPS/positive_sounds/TRINETRA_synthetic_0094.wav,standardized/positive/positive_000197.wav,positive,TRINETRA,.wav,synthetic,unknown,clean,1.2386,16000,1,16,39680,0b438740eb6a48b32c4d1c460f80f298c26d007d5d74956669604eda48101c0d,OK
TRN_000921,AUDIO-CLIPS/positive_sounds/TRINETRA_synthetic_0095.wav,standardized/positive/positive_000198.wav,positive,TRINETRA,.wav,synthetic,unknown,clean,1.1313,16000,1,16,36246,c2238df0dcbf07d15884804b1cce12f7a95a81a72627ebefbb2bd7e9052ae667,OK
TRN_000922,AUDIO-CLIPS/positive_sounds/TRINETRA_synthetic_0096.wav,standardized/positive/positive_000199.wav,positive,TRINETRA,.wav,synthetic,unknown,clean,1.2343,16000,1,16,39542,da9bc86dd2539ccd6ee9ea8cd5c071f9abed0707fcf3bb6f7b06d5be3e051460,OK
TRN_000923,AUDIO-CLIPS/positive_sounds/TRINETRA_synthetic_0097.wav,standardized/positive/positive_000200.wav,positive,TRINETRA,.wav,synthetic,unknown,clean,1.2578,16000,1,16,40294,84af2aba7136216f2949852c3d25fb059a53899a5f42f60bfea8e9616a2b9eba,OK
TRN_000924,AUDIO-CLIPS/positive_sounds/TRINETRA_synthetic_0098.wav,standardized/positive/positive_000201.wav,positive,TRINETRA,.wav,synthetic,unknown,clean,1.2584,16000,1,16,40314,f9c64e9c94af933f65b19433cdab378a906b7d5239ae7911268d1e0d632c9fee,OK
TRN_000925,AUDIO-CLIPS/positive_sounds/TRINETRA_synthetic_0099.wav,standardized/positive/positive_000202.wav,positive,TRINETRA,.wav,synthetic,unknown,clean,1.2504,16000,1,16,40056,b930dd16cd092d70a65980cd2407266dfe1b2098d88045eb2e9bc9a891fa8517,OK
TRN_000926,AUDIO-CLIPS/positive_sounds/TRINETRA_synthetic_0100.wav,standardized/positive/positive_000203.wav,positive,TRINETRA,.wav,synthetic,unknown,clean,1.3324,16000,1,16,42682,74d40959b28c6cf582d07cdf0ba50b170b0c6565869c40538eef5480e1183e6b,OK
TRN_000927,AUDIO-CLIPS/positive_sounds/TRINETRA_synthetic_0101.wav,standardized/positive/positive_000204.wav,positive,TRINETRA,.wav,synthetic,unknown,clean,1.2661,16000,1,16,40560,7b4bb078e2bdf2bb9aff72ecd8346c82f3d90b239ddb28bed182ad58816d9c9d,OK
TRN_000928,AUDIO-CLIPS/positive_sounds/TRINETRA_synthetic_0102.wav,standardized/positive/positive_000205.wav,positive,TRINETRA,.wav,synthetic,unknown,clean,1.1369,16000,1,16,36424,17985a91a70ce91ce3b2349258cd622ca4618c67ee94e0265c38f2d8b2f050d3,OK
TRN_000929,AUDIO-CLIPS/positive_sounds/TRINETRA_synthetic_0103.wav,standardized/positive/positive_000206.wav,positive,TRINETRA,.wav,synthetic,unknown,clean,1.1479,16000,1,16,36778,72144c4b1e12261170a1f5ca9dcf4ef1b2204247922578631c02d8341840488d,OK
TRN_000930,AUDIO-CLIPS/positive_sounds/TRINETRA_synthetic_0104.wav,standardized/positive/positive_000207.wav,positive,TRINETRA,.wav,synthetic,unknown,clean,1.2906,16000,1,16,41342,136aa1af655c3cc9242adbeeb254d6cc18d3e86d03bad1187d264f80bc4347ce,OK
TRN_000931,AUDIO-CLIPS/positive_sounds/TRINETRA_synthetic_0105.wav,standardized/positive/positive_000208.wav,positive,TRINETRA,.wav,synthetic,unknown,clean,1.2879,16000,1,16,41256,9fa75decfe32bb844b32ce22b7ec1283621a16f208b21daea9bd80a0a9b2cc81,OK
TRN_000932,AUDIO-CLIPS/positive_sounds/TRINETRA_synthetic_0106.wav,standardized/positive/positive_000209.wav,positive,TRINETRA,.wav,synthetic,unknown,clean,0.9974,16000,1,16,31960,7cf2feff178c5594cb278bc0435af604c1e3d772a7a7627ca0a247a6c1b9064d,OK
TRN_000933,AUDIO-CLIPS/positive_sounds/TRINETRA_synthetic_0107.wav,standardized/positive/positive_000210.wav,positive,TRINETRA,.wav,synthetic,unknown,clean,0.8875,16000,1,16,28444,18a38c04885ee76f3e6b0614d44958df8dcf2b351de558fb3ff0ce3ae059b1d5,OK
TRN_000934,AUDIO-CLIPS/positive_sounds/TRINETRA_synthetic_0108.wav,standardized/positive/positive_000211.wav,positive,TRINETRA,.wav,synthetic,unknown,clean,0.8568,16000,1,16,27462,482fa6fee49464dce0cfd3fc633785a47c661de091fbb98701b5311fa6308529,OK
TRN_000935,AUDIO-CLIPS/positive_sounds/TRINETRA_synthetic_0109.wav,standardized/positive/positive_000212.wav,positive,TRINETRA,.wav,synthetic,unknown,clean,0.8943,16000,1,16,28662,cd880ecf4e3948ff7316b692896a4477f4e744065a8dcb099dbf9401343f6775,OK
TRN_000936,AUDIO-CLIPS/positive_sounds/TRINETRA_synthetic_0110.wav,standardized/positive/positive_000213.wav,positive,TRINETRA,.wav,synthetic,unknown,clean,0.9299,16000,1,16,29800,4bb42d959b8005234134dccdbf47b2ae1b861f0f80dd13771c67c6069d4e16d5,OK
TRN_000937,AUDIO-CLIPS/positive_sounds/TRINETRA_synthetic_0111.wav,standardized/positive/positive_000214.wav,positive,TRINETRA,.wav,synthetic,unknown,clean,0.8692,16000,1,16,27860,f48b6896e21b51470d51ad5701b9ba31ab8c45912cabc8346da624f31a9e15da,OK
TRN_000938,AUDIO-CLIPS/positive_sounds/TRINETRA_synthetic_0112.wav,standardized/positive/positive_000215.wav,positive,TRINETRA,.wav,synthetic,unknown,clean,1.0086,16000,1,16,32318,16c721864b3bd98bb24083e123a2344771a44fd6d9b9f0b5b162b8566689cbaa,OK
TRN_000939,AUDIO-CLIPS/positive_sounds/TRINETRA_synthetic_0113.wav,standardized/positive/positive_000216.wav,positive,TRINETRA,.wav,synthetic,unknown,clean,0.9071,16000,1,16,29072,481a8d6a3cf341cc79160387820b86e221c8bc48613d22bcfc69bf6e071f8862,OK
TRN_000940,AUDIO-CLIPS/positive_sounds/TRINETRA_synthetic_0114.wav,standardized/positive/positive_000217.wav,positive,TRINETRA,.wav,synthetic,unknown,clean,0.9249,16000,1,16,29642,b3e2b029279fa4d2b36c35351c6337a48180fd859d74e31899acc1c23357e38c,OK
TRN_000941,AUDIO-CLIPS/positive_sounds/TRINETRA_synthetic_0115.wav,standardized/positive/positive_000218.wav,positive,TRINETRA,.wav,synthetic,unknown,clean,0.8112,16000,1,16,26002,4ae05a7f7b8d7286b6d2a3c357eefac8a2acd3a1075de4098190faa5f930212c,OK
TRN_000942,AUDIO-CLIPS/positive_sounds/TRINETRA_synthetic_0116.wav,standardized/positive/positive_000219.wav,positive,TRINETRA,.wav,synthetic,unknown,clean,0.9154,16000,1,16,29338,aa3775d4e7cbf830dd2248d71b8af736765c50924313ba8a463123dd30643347,OK
TRN_000943,AUDIO-CLIPS/positive_sounds/TRINETRA_synthetic_0117.wav,standardized/positive/positive_000220.wav,positive,TRINETRA,.wav,synthetic,unknown,clean,0.9649,16000,1,16,30920,f9644d2cfe565ea811fdb121993ef158fd82b0e5a687cca58076bc6e291cbb60,OK
TRN_000944,AUDIO-CLIPS/positive_sounds/TRINETRA_synthetic_0118.wav,standardized/positive/positive_000221.wav,positive,TRINETRA,.wav,synthetic,unknown,clean,0.8872,16000,1,16,28436,9b25fdb22ea1c836e9ecace7dae4d9172df3d16502e5d7efbea94ded3338d1f6,OK
TRN_000945,AUDIO-CLIPS/positive_sounds/TRINETRA_synthetic_0119.wav,standardized/positive/positive_000222.wav,positive,TRINETRA,.wav,synthetic,unknown,clean,0.9143,16000,1,16,29302,f6cd733eab87ee7c33e05cad5fc279a5458e06bd0c7b8489adf09f83615a02b8,OK
TRN_000946,AUDIO-CLIPS/positive_sounds/TRINETRA_synthetic_0120.wav,standardized/positive/positive_000223.wav,positive,TRINETRA,.wav,synthetic,unknown,clean,0.9348,16000,1,16,29958,107dafee4296c5cf1140dd4a8481c6336784408ab8d1914052f9a7c3dc22dae4,OK
TRN_000947,AUDIO-CLIPS/positive_sounds/TRINETRA_synthetic_0121.wav,standardized/positive/positive_000224.wav,positive,TRINETRA,.wav,synthetic,unknown,clean,0.9732,16000,1,16,31186,662334abfedd077cb2703e4193dcb9e580d964cb29f087ce0097aca9c482a3d9,OK
TRN_000948,AUDIO-CLIPS/positive_sounds/TRINETRA_synthetic_0122.wav,standardized/positive/positive_000225.wav,positive,TRINETRA,.wav,synthetic,unknown,clean,0.814,16000,1,16,26092,467b242e5f70d24043d448fa070737dfa78eab89559b66a2b37360d39ec654af,OK
TRN_000949,AUDIO-CLIPS/positive_sounds/TRINETRA_synthetic_0123.wav,standardized/positive/positive_000226.wav,positive,TRINETRA,.wav,synthetic,unknown,clean,0.9768,16000,1,16,31300,72f9858775131ad0add87e2fc7acafaffe26a8b4af6576665b230202d1d702da,OK
TRN_000950,AUDIO-CLIPS/positive_sounds/TRINETRA_synthetic_0124.wav,standardized/positive/positive_000227.wav,positive,TRINETRA,.wav,synthetic,unknown,clean,0.9447,16000,1,16,30276,338848248af094967c5015049b899ce5beabc5ae5e7649829b206f2990e5d017,OK
TRN_000951,AUDIO-CLIPS/positive_sounds/TRINETRA_synthetic_0125.wav,standardized/positive/positive_000228.wav,positive,TRINETRA,.wav,synthetic,unknown,clean,0.8862,16000,1,16,28402,469d8aa951f6db9c0254f734e8eacad89c421a41e2e13d272bfb6984d11840fd,OK
TRN_000952,AUDIO-CLIPS/positive_sounds/TRINETRA_synthetic_0126.wav,standardized/positive/positive_000229.wav,positive,TRINETRA,.wav,synthetic,unknown,clean,0.8267,16000,1,16,26498,ac04f89dc95e33d0d74900c8f73e25cd677fe0994ab7e0272d33f6fa0d66a573,OK
TRN_000953,AUDIO-CLIPS/positive_sounds/TRINETRA_synthetic_0127.wav,standardized/positive/positive_000230.wav,positive,TRINETRA,.wav,synthetic,unknown,clean,0.8721,16000,1,16,27952,f320d60e5ba775c962447a2c116404542ce3e6426da26fb213ce4a2722fd64ac,OK
TRN_000954,AUDIO-CLIPS/positive_sounds/TRINETRA_synthetic_0128.wav,standardized/positive/positive_000231.wav,positive,TRINETRA,.wav,synthetic,unknown,clean,0.8956,16000,1,16,28702,25ef983818ab43b8a0425eebe353683d45e39b83dfb374386393430593676ce9,OK
TRN_000955,AUDIO-CLIPS/positive_sounds/TRINETRA_synthetic_0129.wav,standardized/positive/positive_000232.wav,positive,TRINETRA,.wav,synthetic,unknown,clean,0.9066,16000,1,16,29054,b08cbba93f1f8c0e0d3155174ca51bf285e6449dfa603bf24f388796302b242f,OK
TRN_000956,AUDIO-CLIPS/positive_sounds/TRINETRA_synthetic_0130.wav,standardized/positive/positive_000233.wav,positive,TRINETRA,.wav,synthetic,unknown,clean,0.9171,16000,1,16,29392,5d3b9fb103d160cddeea11b7b9533b138bba97b3e93a9608db4594e0d25ac564,OK
TRN_000957,AUDIO-CLIPS/positive_sounds/TRINETRA_synthetic_0131.wav,standardized/positive/positive_000234.wav,positive,TRINETRA,.wav,synthetic,unknown,clean,0.8914,16000,1,16,28570,11e827d33342fe4e068703b07ab286ea5fd504ee0b32dccccad141f5e7fb5251,OK
TRN_000958,AUDIO-CLIPS/positive_sounds/TRINETRA_synthetic_0132.wav,standardized/positive/positive_000235.wav,positive,TRINETRA,.wav,synthetic,unknown,clean,0.9811,16000,1,16,31440,bf7c318bbcf51c4f3641ee1c069105f1bef9a81fa4cc63bb796da375bab35531,OK
TRN_000959,AUDIO-CLIPS/positive_sounds/TRINETRA_synthetic_0133.wav,standardized/positive/positive_000236.wav,positive,TRINETRA,.wav,synthetic,unknown,clean,0.9615,16000,1,16,30812,54e52b5c9938f01448eaea9c7dd8c054e1ad9392d58288fad8e27fc9ea9fe342,OK
TRN_000960,AUDIO-CLIPS/positive_sounds/TRINETRA_synthetic_0134.wav,standardized/positive/positive_000237.wav,positive,TRINETRA,.wav,synthetic,unknown,clean,0.9427,16000,1,16,30210,09402377110fe13673118162fbc89baa2097361eb1d2ca52cae4ca1a31389772,OK
TRN_000961,AUDIO-CLIPS/positive_sounds/TRINETRA_synthetic_0135.wav,standardized/positive/positive_000238.wav,positive,TRINETRA,.wav,synthetic,unknown,clean,0.8898,16000,1,16,28518,a6a7f4de7879769a7ef8961047d26e0a3351ff0c23a22b110d3d88e52d589e5d,OK
TRN_000962,AUDIO-CLIPS/positive_sounds/TRINETRA_synthetic_0136.wav,standardized/positive/positive_000239.wav,positive,TRINETRA,.wav,synthetic,unknown,clean,1.0086,16000,1,16,32318,326519265f7bc731d80d6763801efcf577da27ec35772ee990f7e86114e41a86,OK
TRN_000963,AUDIO-CLIPS/positive_sounds/TRINETRA_synthetic_0137.wav,standardized/positive/positive_000240.wav,positive,TRINETRA,.wav,synthetic,unknown,clean,0.9218,16000,1,16,29542,122cf522ecc4b7b76b507d7e8c295281ba64985f1f6ef6fca697ab6598198d6d,OK
TRN_000964,AUDIO-CLIPS/positive_sounds/TRINETRA_synthetic_0138.wav,standardized/positive/positive_000241.wav,positive,TRINETRA,.wav,synthetic,unknown,clean,1.0449,16000,1,16,33480,1839808c79155adc68c141ee6b037d310ad84edeb25edf8641cd6884a3ff104d,OK
TRN_000965,AUDIO-CLIPS/positive_sounds/TRINETRA_synthetic_0139.wav,standardized/positive/positive_000242.wav,positive,TRINETRA,.wav,synthetic,unknown,clean,0.9532,16000,1,16,30546,9997f4cca03ff0049586e4793fce8c99bc686b7e2bc68832d023d9bd22273bba,OK
TRN_000966,AUDIO-CLIPS/positive_sounds/TRINETRA_synthetic_0140.wav,standardized/positive/positive_000243.wav,positive,TRINETRA,.wav,synthetic,unknown,clean,1.0573,16000,1,16,33878,2cbb2f67cbc727c15b2d581e191930385f017a348341f0f431fcbbdff53c3ea7,OK
TRN_000967,AUDIO-CLIPS/positive_sounds/TRINETRA_synthetic_0141.wav,standardized/positive/positive_000244.wav,positive,TRINETRA,.wav,synthetic,unknown,clean,0.9169,16000,1,16,29384,9b4daf5c7a9909f161089e7c777d95335e706592d528f11d96cce69286b557ff,OK
TRN_000968,AUDIO-CLIPS/positive_sounds/TRINETRA_synthetic_0142.wav,standardized/positive/positive_000245.wav,positive,TRINETRA,.wav,synthetic,unknown,clean,0.9563,16000,1,16,30644,fc3383bdd2ac48af0eb4ac8aa9936e6a26b789ce0f3d9a7fc6ae61ac6ed62907,OK
TRN_000969,AUDIO-CLIPS/positive_sounds/TRINETRA_synthetic_0143.wav,standardized/positive/positive_000246.wav,positive,TRINETRA,.wav,synthetic,unknown,clean,0.9991,16000,1,16,32014,4dd45b449c35ca21c3fba5dd50adaa5001263aebd839785fe1e99f733654cd23,OK
TRN_000970,AUDIO-CLIPS/positive_sounds/TRINETRA_synthetic_0144.wav,standardized/positive/positive_000247.wav,positive,TRINETRA,.wav,synthetic,unknown,clean,0.9363,16000,1,16,30006,a3a96fec95700e7a123814f6094bfd5ba0cb26cf34b7010a5175dbb0263f4252,OK
TRN_000971,AUDIO-CLIPS/positive_sounds/TRINETRA_synthetic_0145.wav,standardized/positive/positive_000248.wav,positive,TRINETRA,.wav,synthetic,unknown,clean,1.0241,16000,1,16,32814,898b97779c10bc283122e8ba7513c72e80e22460b2a41dde893f0aa9155d8494,OK
TRN_000972,AUDIO-CLIPS/positive_sounds/TRINETRA_synthetic_0146.wav,standardized/positive/positive_000249.wav,positive,TRINETRA,.wav,synthetic,unknown,clean,1.0705,16000,1,16,34300,bdb71563a9a53191ed87ac6de5969e5322d6b897dbf58776f932b7cc59b1435f,OK
TRN_000973,AUDIO-CLIPS/positive_sounds/TRINETRA_synthetic_0147.wav,standardized/positive/positive_000250.wav,positive,TRINETRA,.wav,synthetic,unknown,clean,1.028,16000,1,16,32940,7a81652a5ec515c937cc54d1803288f8ddb74cc8b5f071ee1aca4487109501c1,OK
TRN_000974,AUDIO-CLIPS/positive_sounds/TRINETRA_synthetic_0148.wav,standardized/positive/positive_000251.wav,positive,TRINETRA,.wav,synthetic,unknown,clean,0.9387,16000,1,16,30082,868a6c5b91edd088707ce3ae90a0f7698f0ae420d48ba80a7626d6535cb667f8,OK
TRN_000975,AUDIO-CLIPS/positive_sounds/TRINETRA_synthetic_0149.wav,standardized/positive/positive_000252.wav,positive,TRINETRA,.wav,synthetic,unknown,clean,1.0641,16000,1,16,34096,58df3a6a7e1371002031339a5fc127c1d1d4b1de89ce9fb697d25952ac5b699c,OK
TRN_000976,AUDIO-CLIPS/positive_sounds/TRINETRA_synthetic_0150.wav,standardized/positive/positive_000253.wav,positive,TRINETRA,.wav,synthetic,unknown,clean,0.9646,16000,1,16,30912,2ee1938bb7566949ad381c0bc5d4cedd97c54233a4242be201263eda704e1e1d,OK
TRN_000977,AUDIO-CLIPS/positive_sounds/TRINETRA_synthetic_0151.wav,standardized/positive/positive_000254.wav,positive,TRINETRA,.wav,synthetic,unknown,clean,0.7924,16000,1,16,25402,d2ff6d6c808686acff77fe733e77b05d70698cecfce44930b452cd7f83be60f1,OK
TRN_000978,AUDIO-CLIPS/positive_sounds/TRINETRA_synthetic_0152.wav,standardized/positive/positive_000255.wav,positive,TRINETRA,.wav,synthetic,unknown,clean,0.8699,16000,1,16,27880,37885e9de072c947e1dc04700193d0966a37933adbbc8cd6ecdede2572eb993a,OK
TRN_000979,AUDIO-CLIPS/positive_sounds/TRINETRA_synthetic_0153.wav,standardized/positive/positive_000256.wav,positive,TRINETRA,.wav,synthetic,unknown,clean,0.9674,16000,1,16,31000,97d7dc793aac5b8831225065b68cc7a7597256e90773c1cedad513bddec7240f,OK
TRN_000980,AUDIO-CLIPS/positive_sounds/TRINETRA_synthetic_0154.wav,standardized/positive/positive_000257.wav,positive,TRINETRA,.wav,synthetic,unknown,clean,0.9249,16000,1,16,29642,e5e1404a571446613234e8a151b87e2d4ce89b495d384cec283324b05ec8c3a9,OK
TRN_000981,AUDIO-CLIPS/positive_sounds/TRINETRA_synthetic_0155.wav,standardized/positive/positive_000258.wav,positive,TRINETRA,.wav,synthetic,unknown,clean,0.897,16000,1,16,28748,94a108c29aed3a33d2b4fdd98106cf9f4d6ce9ba3d70e4a3c89449d2688e9673,OK
TRN_000982,AUDIO-CLIPS/positive_sounds/TRINETRA_synthetic_0156.wav,standardized/positive/positive_000259.wav,positive,TRINETRA,.wav,synthetic,unknown,clean,0.9289,16000,1,16,29770,5ff7f98db8f63dee86e38d72d278eaf27b6e4b7df7656c7feb1587849546e526,OK
TRN_000983,AUDIO-CLIPS/positive_sounds/TRINETRA_synthetic_0157.wav,standardized/positive/positive_000260.wav,positive,TRINETRA,.wav,synthetic,unknown,clean,0.8778,16000,1,16,28134,fd262c181ebb8122a51c195fd923edbd29ab2d57dacf4d7941654e94a7950cc9,OK
TRN_000984,AUDIO-CLIPS/positive_sounds/TRINETRA_synthetic_0158.wav,standardized/positive/positive_000261.wav,positive,TRINETRA,.wav,synthetic,unknown,clean,0.8413,16000,1,16,26964,b1f4cf539c3a57df4a562e022b42a882070137f1206fb191d83d9c886d7531dd,OK
TRN_000985,AUDIO-CLIPS/positive_sounds/TRINETRA_synthetic_0159.wav,standardized/positive/positive_000262.wav,positive,TRINETRA,.wav,synthetic,unknown,clean,0.8677,16000,1,16,27810,fe6f67de5e37658697574f5d538894a6f3bef017086c143d0efb00e9d89e0dd3,OK
TRN_000986,AUDIO-CLIPS/positive_sounds/TRINETRA_synthetic_0160.wav,standardized/positive/positive_000263.wav,positive,TRINETRA,.wav,synthetic,unknown,clean,0.9567,16000,1,16,30660,847edf7e1a0c3918a309a2fad004c6cb1a71d1c92ad42a523a05a78d98e00c78,OK
TRN_000987,AUDIO-CLIPS/positive_sounds/TRINETRA_synthetic_0161.wav,standardized/positive/positive_000264.wav,positive,TRINETRA,.wav,synthetic,unknown,clean,0.9895,16000,1,16,31708,12c8ffa935815b0f2de238521c0f64050dd7ec19f2ab2ab37491e70f3debfa76,OK
TRN_000988,AUDIO-CLIPS/positive_sounds/TRINETRA_synthetic_0162.wav,standardized/positive/positive_000265.wav,positive,TRINETRA,.wav,synthetic,unknown,clean,0.8832,16000,1,16,28308,83e9c2c252ac49c989c4813894256e3699492dae02a897f5df5b43e958f5d6c7,OK
TRN_000989,AUDIO-CLIPS/positive_sounds/TRINETRA_synthetic_0163.wav,standardized/positive/positive_000266.wav,positive,TRINETRA,.wav,synthetic,unknown,clean,0.8616,16000,1,16,27616,6d80f2e819673a4374105d08a395994b074a174a34e044fd3044ffff90f202be,OK
TRN_000990,AUDIO-CLIPS/positive_sounds/TRINETRA_synthetic_0164.wav,standardized/positive/positive_000267.wav,positive,TRINETRA,.wav,synthetic,unknown,clean,0.8899,16000,1,16,28520,ff98b9ae8a27364ceb47571b9917ee9fd4ddd08f65be8fc972531667268fcf79,OK
TRN_000991,AUDIO-CLIPS/positive_sounds/TRINETRA_synthetic_0165.wav,standardized/positive/positive_000268.wav,positive,TRINETRA,.wav,synthetic,unknown,clean,0.8529,16000,1,16,27338,db42acfd92a21b811a767461f6a1ff689d255624659ce827ea7b6929f04da659,OK
TRN_000992,AUDIO-CLIPS/positive_sounds/TRINETRA_synthetic_0166.wav,standardized/positive/positive_000269.wav,positive,TRINETRA,.wav,synthetic,unknown,clean,1.2494,16000,1,16,40026,513bef8493e2c358f088ad75bbe0dbc7ae53fd0e7a58c250e169d0d36632dca8,OK
TRN_000993,AUDIO-CLIPS/positive_sounds/TRINETRA_synthetic_0167.wav,standardized/positive/positive_000270.wav,positive,TRINETRA,.wav,synthetic,unknown,clean,1.1836,16000,1,16,37920,0d0dea237156184693d600e8da58fbef1aa6b7c1a59914f23f5747d845215b36,OK
TRN_000994,AUDIO-CLIPS/positive_sounds/TRINETRA_synthetic_0168.wav,standardized/positive/positive_000271.wav,positive,TRINETRA,.wav,synthetic,unknown,clean,1.2392,16000,1,16,39700,7353659036b83eb1a64cdb14c88bc19e68cb89703f229fafbbcf1e02f7926533,OK
TRN_000995,AUDIO-CLIPS/positive_sounds/TRINETRA_synthetic_0169.wav,standardized/positive/positive_000272.wav,positive,TRINETRA,.wav,synthetic,unknown,clean,1.1388,16000,1,16,36486,50eb9a24c51ab665e2be0418766d741784c9626042bf0d7d931537376ee305fb,OK
TRN_000996,AUDIO-CLIPS/positive_sounds/TRINETRA_synthetic_0170.wav,standardized/positive/positive_000273.wav,positive,TRINETRA,.wav,synthetic,unknown,clean,1.2116,16000,1,16,38816,fe076c4646f44b5ddd6bf461d374895e6e89583bd11673f87588269437b4ac12,OK
TRN_000997,AUDIO-CLIPS/positive_sounds/TRINETRA_synthetic_0171.wav,standardized/positive/positive_000274.wav,positive,TRINETRA,.wav,synthetic,unknown,clean,1.1504,16000,1,16,36856,ced7d9acfda009ed6ffb747cdad3982c37c0a86a01226dd0ce98676f084774ea,OK
TRN_000998,AUDIO-CLIPS/positive_sounds/TRINETRA_synthetic_0172.wav,standardized/positive/positive_000275.wav,positive,TRINETRA,.wav,synthetic,unknown,clean,1.1559,16000,1,16,37032,3feb2f1df81b3f464f081184f9e87cae36e5726e0341096f769ca2c06739bcaf,OK
TRN_000999,AUDIO-CLIPS/positive_sounds/TRINETRA_synthetic_0173.wav,standardized/positive/positive_000276.wav,positive,TRINETRA,.wav,synthetic,unknown,clean,1.2794,16000,1,16,40984,fa1f8ac4ee7c59bdb2f588937cb1d1430b71d8efdea221a4801acd5052e9d90c,OK
TRN_001000,AUDIO-CLIPS/positive_sounds/TRINETRA_synthetic_0174.wav,standardized/positive/positive_000277.wav,positive,TRINETRA,.wav,synthetic,unknown,clean,1.2021,16000,1,16,38512,a38c3490eefde1d403fb5616174b7b4ed658b56b8756563d924f206344daa6cd,OK
TRN_001001,AUDIO-CLIPS/positive_sounds/TRINETRA_synthetic_0175.wav,standardized/positive/positive_000278.wav,positive,TRINETRA,.wav,synthetic,unknown,clean,1.2469,16000,1,16,39944,6d4ff7cdd0aefb7cd0e9752b08b64fcfa96546c4aeab38764346d79dff8437ea,OK
TRN_001002,AUDIO-CLIPS/positive_sounds/TRINETRA_synthetic_0176.wav,standardized/positive/positive_000279.wav,positive,TRINETRA,.wav,synthetic,unknown,clean,1.1681,16000,1,16,37424,11337631fe9ec9a82b1ad3e457bb677ceeff2f3c76c99227144e91a7e372e781,OK
TRN_001003,AUDIO-CLIPS/positive_sounds/TRINETRA_synthetic_0177.wav,standardized/positive/positive_000280.wav,positive,TRINETRA,.wav,synthetic,unknown,clean,1.3015,16000,1,16,41692,687e7c87acbc9e49654b431ea1e7fcf07383d5f27a5e55c4338a18dd9bf0d21f,OK
TRN_001004,AUDIO-CLIPS/positive_sounds/TRINETRA_synthetic_0178.wav,standardized/positive/positive_000281.wav,positive,TRINETRA,.wav,synthetic,unknown,clean,1.1922,16000,1,16,38194,06dc0af2a883617511561f07d14415023d3cf99d87fff0f8c096626013936551,OK
TRN_001005,AUDIO-CLIPS/positive_sounds/TRINETRA_synthetic_0179.wav,standardized/positive/positive_000282.wav,positive,TRINETRA,.wav,synthetic,unknown,clean,1.1664,16000,1,16,37370,9b1ec16fc340a33a28a539ff98b4d41702dbb3cc6530883df37657a9bb2683eb,OK
TRN_001006,AUDIO-CLIPS/positive_sounds/TRINETRA_synthetic_0180.wav,standardized/positive/positive_000283.wav,positive,TRINETRA,.wav,synthetic,unknown,clean,1.2303,16000,1,16,39412,5b90cdbc03322f08caec88bc6be7cc3bd1b8facd9d9f1e1c60f95374df38bd80,OK
TRN_001007,AUDIO-CLIPS/positive_sounds/TRINETRA_synthetic_0181.wav,standardized/positive/positive_000284.wav,positive,TRINETRA,.wav,synthetic,unknown,clean,0.9489,16000,1,16,30410,8c15c69438fa2bd837985af567b57217abe199c40a4434a03dba478048e162a3,OK
TRN_001008,AUDIO-CLIPS/positive_sounds/TRINETRA_synthetic_0182.wav,standardized/positive/positive_000285.wav,positive,TRINETRA,.wav,synthetic,unknown,clean,1.0059,16000,1,16,32232,e19674561a252ff9edd9a87adc779e36281182e54eb44706c48725bcb30b644c,OK
TRN_001009,AUDIO-CLIPS/positive_sounds/TRINETRA_synthetic_0183.wav,standardized/positive/positive_000286.wav,positive,TRINETRA,.wav,synthetic,unknown,clean,0.8727,16000,1,16,27970,4ad3ab0cfdd03ced0f4111153a25bbcdac5b7f48f099161140e8d00bfd2f8aeb,OK
TRN_001010,AUDIO-CLIPS/positive_sounds/TRINETRA_synthetic_0184.wav,standardized/positive/positive_000287.wav,positive,TRINETRA,.wav,synthetic,unknown,clean,1.0264,16000,1,16,32888,1d6f9b88653d1dc57b3df0867c5940bb025c8ebf59c57019513e79472451429d,OK
TRN_001011,AUDIO-CLIPS/positive_sounds/TRINETRA_synthetic_0185.wav,standardized/positive/positive_000288.wav,positive,TRINETRA,.wav,synthetic,unknown,clean,0.8717,16000,1,16,27938,4deefdd1d9e3b54704ef0fcdc4efdd435e13675a4479055027833bee39e74e58,OK
TRN_001012,AUDIO-CLIPS/positive_sounds/TRINETRA_synthetic_0186.wav,standardized/positive/positive_000289.wav,positive,TRINETRA,.wav,synthetic,unknown,clean,1.0108,16000,1,16,32388,6ff33d5512e2b778af1545cc13f228c69c8d4ea186702da9cb2438eaa56bc9d3,OK
TRN_001013,AUDIO-CLIPS/positive_sounds/TRINETRA_synthetic_0187.wav,standardized/positive/positive_000290.wav,positive,TRINETRA,.wav,synthetic,unknown,clean,1.0253,16000,1,16,32854,c0bb13a9449e89c617a98ac66045b9338ee817996ed00f0237d4b587f965ddf7,OK
TRN_001014,AUDIO-CLIPS/positive_sounds/TRINETRA_synthetic_0188.wav,standardized/positive/positive_000291.wav,positive,TRINETRA,.wav,synthetic,unknown,clean,0.9469,16000,1,16,30346,d80a6e25230a2158c018c88f6113da27a37d8384e32ff21da398a5decbdc18a2,OK
TRN_001015,AUDIO-CLIPS/positive_sounds/TRINETRA_synthetic_0189.wav,standardized/positive/positive_000292.wav,positive,TRINETRA,.wav,synthetic,unknown,clean,0.9811,16000,1,16,31440,35fd6ad715b9632fcb47b9d195e34ae8671681765dbee6bdac2811c4aa4a4eae,OK
TRN_001016,AUDIO-CLIPS/positive_sounds/TRINETRA_synthetic_0190.wav,standardized/positive/positive_000293.wav,positive,TRINETRA,.wav,synthetic,unknown,clean,0.8762,16000,1,16,28084,42e9578088d5b4d8c67d724807dd0e6c17c7aa275cf6e3cdeff7da4121e513be,OK
TRN_001017,AUDIO-CLIPS/positive_sounds/TRINETRA_synthetic_0191.wav,standardized/positive/positive_000294.wav,positive,TRINETRA,.wav,synthetic,unknown,clean,0.8486,16000,1,16,27200,b052a04d1d2b41d0416f3ecee11343e27d7d495e44f5d2db0c1b9bb8a4c5ecc8,OK
TRN_001018,AUDIO-CLIPS/positive_sounds/TRINETRA_synthetic_0192.wav,standardized/positive/positive_000295.wav,positive,TRINETRA,.wav,synthetic,unknown,clean,0.9014,16000,1,16,28890,94720a42b677234e2267ba70030ec92613e95352a83df2ed5a2e09b40701d596,OK
TRN_001019,AUDIO-CLIPS/positive_sounds/TRINETRA_synthetic_0193.wav,standardized/positive/positive_000296.wav,positive,TRINETRA,.wav,synthetic,unknown,clean,1.0151,16000,1,16,32526,3d04561ca799b39273c6ad15a5c6e34dc55592ccef1c9e1be5a5eef3fdbee4c2,OK
TRN_001020,AUDIO-CLIPS/positive_sounds/TRINETRA_synthetic_0194.wav,standardized/positive/positive_000297.wav,positive,TRINETRA,.wav,synthetic,unknown,clean,1.0541,16000,1,16,33774,32b2d8657f58234654e90f6b788c25422bb7317a0c6e8e79f5970dcf05f7298a,OK
TRN_001021,AUDIO-CLIPS/positive_sounds/TRINETRA_synthetic_0195.wav,standardized/positive/positive_000298.wav,positive,TRINETRA,.wav,synthetic,unknown,clean,0.9393,16000,1,16,30102,a95ec58686a689d60b92f584e7d1b08333f94aeb0f09635b47f4cb60275849f4,OK
TRN_001022,AUDIO-CLIPS/positive_sounds/TRINETRA_synthetic_0196.wav,standardized/positive/positive_000299.wav,positive,TRINETRA,.wav,synthetic,unknown,clean,1.1407,16000,1,16,36546,d0c79fcfd89198926ad1164ebf5ab450a16b1098e5b76130ccee6612ab59e4de,OK
TRN_001023,AUDIO-CLIPS/positive_sounds/TRINETRA_synthetic_0197.wav,standardized/positive/positive_000300.wav,positive,TRINETRA,.wav,synthetic,unknown,clean,1.2066,16000,1,16,38656,16ccd31cc5878ad74808274e8429d8114b26ac17b79eb0ca2081ef8d4ee03085,OK
TRN_001024,AUDIO-CLIPS/positive_sounds/TRINETRA_synthetic_0198.wav,standardized/positive/positive_000301.wav,positive,TRINETRA,.wav,synthetic,unknown,clean,1.0426,16000,1,16,33408,bfcfb3322bc0e72cf3fb69b51c0488d4249d8633d2cde99007c13bec6eb0f32c,OK
TRN_001025,AUDIO-CLIPS/positive_sounds/TRINETRA_synthetic_0199.wav,standardized/positive/positive_000302.wav,positive,TRINETRA,.wav,synthetic,unknown,clean,1.1304,16000,1,16,36216,19591641f3293728c45f850f22e9a3c447c713d0e515a87ab987f225f0db543a,OK
TRN_001026,AUDIO-CLIPS/positive_sounds/TRINETRA_synthetic_0200.wav,standardized/positive/positive_000303.wav,positive,TRINETRA,.wav,synthetic,unknown,clean,1.063,16000,1,16,34060,5d689d6d5b277f206e6b699c379d0e8ee8728d1cdda5133a6c0fa37b006979a9,OK
TRN_001027,AUDIO-CLIPS/positive_sounds/TRINETRA_synthetic_0201.wav,standardized/positive/positive_000304.wav,positive,TRINETRA,.wav,synthetic,unknown,clean,1.0219,16000,1,16,32746,3197a82fba79c8f551ddec401ebee24944a897d997e88b802633396a2aa2028b,OK
TRN_001028,AUDIO-CLIPS/positive_sounds/TRINETRA_synthetic_0202.wav,standardized/positive/positive_000305.wav,positive,TRINETRA,.wav,synthetic,unknown,clean,1.0579,16000,1,16,33896,81bdc4371b2943a1f64710523d3728dbfbccce1af9efb2d214a7634ad256ce6a,OK
TRN_001029,AUDIO-CLIPS/positive_sounds/TRINETRA_synthetic_0203.wav,standardized/positive/positive_000306.wav,positive,TRINETRA,.wav,synthetic,unknown,clean,1.197,16000,1,16,38348,2d207fd54d526da752761381bbbfd8f121471f9b6a202948254122dad52d438d,OK
TRN_001030,AUDIO-CLIPS/positive_sounds/TRINETRA_synthetic_0204.wav,standardized/positive/positive_000307.wav,positive,TRINETRA,.wav,synthetic,unknown,clean,0.9971,16000,1,16,31952,7eed52d3d2ca2f85da720fc0c71c43990e39f1737128f1c6f3d75c8d406aec0a,OK
TRN_001031,AUDIO-CLIPS/positive_sounds/TRINETRA_synthetic_0205.wav,standardized/positive/positive_000308.wav,positive,TRINETRA,.wav,synthetic,unknown,clean,1.1537,16000,1,16,36962,6b2b3c53bd625d2bfdfd83d1020c1d1ab5d90cbe843ca5b5f66f37959d021fb3,OK
TRN_001032,AUDIO-CLIPS/positive_sounds/TRINETRA_synthetic_0206.wav,standardized/positive/positive_000309.wav,positive,TRINETRA,.wav,synthetic,unknown,clean,1.0346,16000,1,16,33152,8a368a5c6d40903caad057018c0e185d79e0100e03fa8c9238d216599c7d6df6,OK
TRN_001033,AUDIO-CLIPS/positive_sounds/TRINETRA_synthetic_0207.wav,standardized/positive/positive_000310.wav,positive,TRINETRA,.wav,synthetic,unknown,clean,1.0892,16000,1,16,34898,a44e1352ae83b72c49541d826152d4eecd3103fb2406ee80227a8369f9bedc08,OK
TRN_001034,AUDIO-CLIPS/positive_sounds/TRINETRA_synthetic_0208.wav,standardized/positive/positive_000311.wav,positive,TRINETRA,.wav,synthetic,unknown,clean,1.1291,16000,1,16,36176,6116d56ba48dea80f9dcf8d6851279f3cbb8e71c3cbe129acc74605d18e289a6,OK
TRN_001035,AUDIO-CLIPS/positive_sounds/TRINETRA_synthetic_0209.wav,standardized/positive/positive_000312.wav,positive,TRINETRA,.wav,synthetic,unknown,clean,1.1144,16000,1,16,35704,10f6a39c89402fac8615bc65a39b250092effdfb37061e4a205d0f0f2a2f2e81,OK
TRN_001036,AUDIO-CLIPS/positive_sounds/TRINETRA_synthetic_0210.wav,standardized/positive/positive_000313.wav,positive,TRINETRA,.wav,synthetic,unknown,clean,1.1176,16000,1,16,35806,a28db01e8784046a49dc81c530b5e2bd7b1b580b502d8fdb2102178f6c4ba963,OK
TRN_001037,AUDIO-CLIPS/positive_sounds/TRINETRA_synthetic_0211.wav,standardized/positive/positive_000314.wav,positive,TRINETRA,.wav,synthetic,unknown,clean,0.8751,16000,1,16,28048,b1492d38cde10151184c8ddac056aa2a08deea2c543ca4c48be5e1df84a16799,OK
TRN_001038,AUDIO-CLIPS/positive_sounds/TRINETRA_synthetic_0212.wav,standardized/positive/positive_000315.wav,positive,TRINETRA,.wav,synthetic,unknown,clean,1.0056,16000,1,16,32224,7dd66ba3dae7937a1abd948e4e77839ef63438709534766e6baf677fe77678eb,OK
TRN_001039,AUDIO-CLIPS/positive_sounds/TRINETRA_synthetic_0213.wav,standardized/positive/positive_000316.wav,positive,TRINETRA,.wav,synthetic,unknown,clean,0.8817,16000,1,16,28258,f5f42efdd1c42ab6082f976cb60c902e2de4f0f0f285156825236c126db68da7,OK
TRN_001040,AUDIO-CLIPS/positive_sounds/TRINETRA_synthetic_0214.wav,standardized/positive/positive_000317.wav,positive,TRINETRA,.wav,synthetic,unknown,clean,0.8822,16000,1,16,28276,5659ab2dfcf23d093f0fed22f7c777102e71efdff73d550240275cb5b4fc329b,OK
TRN_001041,AUDIO-CLIPS/positive_sounds/TRINETRA_synthetic_0215.wav,standardized/positive/positive_000318.wav,positive,TRINETRA,.wav,synthetic,unknown,clean,0.9236,16000,1,16,29598,16345718bcfb992bd50609f24cdbc04e7dc90c6e3c171ea2f9c9c8f7b692aca7,OK
TRN_001042,AUDIO-CLIPS/positive_sounds/TRINETRA_synthetic_0216.wav,standardized/positive/positive_000319.wav,positive,TRINETRA,.wav,synthetic,unknown,clean,0.9447,16000,1,16,30276,14c79704d4a65a7f572b69e54bbaa1e83bd6ac06a4ab8780c79dc9a8eef057cd,OK
TRN_001043,AUDIO-CLIPS/positive_sounds/TRINETRA_synthetic_0217.wav,standardized/positive/positive_000320.wav,positive,TRINETRA,.wav,synthetic,unknown,clean,0.9405,16000,1,16,30140,dae4128d07320a38d428fc5794cf273183ab7489bb4a6035fc7bcf8fa1c4f1ab,OK
TRN_001044,AUDIO-CLIPS/positive_sounds/TRINETRA_synthetic_0218.wav,standardized/positive/positive_000321.wav,positive,TRINETRA,.wav,synthetic,unknown,clean,0.9565,16000,1,16,30652,da9e1cc1cc2f66e8de22e3df13c1938d5868327ebd24b581a630500059082a9c,OK
TRN_001045,AUDIO-CLIPS/positive_sounds/TRINETRA_synthetic_0219.wav,standardized/positive/positive_000322.wav,positive,TRINETRA,.wav,synthetic,unknown,clean,0.8803,16000,1,16,28214,c7648cc8b31f605329547cb1ec4dff9bd38b135d6a3318282b6564d5ed8a10bb,OK
TRN_001046,AUDIO-CLIPS/positive_sounds/TRINETRA_synthetic_0220.wav,standardized/positive/positive_000323.wav,positive,TRINETRA,.wav,synthetic,unknown,clean,0.959,16000,1,16,30732,9d6cfbf3f71e5f86f09883723294728a4141b13adafb5ecdacd15b4bfeff7e37,OK
TRN_001047,AUDIO-CLIPS/positive_sounds/TRINETRA_synthetic_0221.wav,standardized/positive/positive_000324.wav,positive,TRINETRA,.wav,synthetic,unknown,clean,0.9377,16000,1,16,30050,8477f0aab2740adc379ad9d2965d2d092438f2ad0a6a60b57d62b6deb10be721,OK
TRN_001048,AUDIO-CLIPS/positive_sounds/TRINETRA_synthetic_0222.wav,standardized/positive/positive_000325.wav,positive,TRINETRA,.wav,synthetic,unknown,clean,0.9349,16000,1,16,29962,193a867114068928e1fde179eff93bff0aebaf5ad3fdc88bd53f5bfddf4606de,OK
TRN_001049,AUDIO-CLIPS/positive_sounds/TRINETRA_synthetic_0223.wav,standardized/positive/positive_000326.wav,positive,TRINETRA,.wav,synthetic,unknown,clean,0.9266,16000,1,16,29696,734d1547072d58adf9fdb9b19af9d16d58137fa28ea37fc85e0ff4cfeef646b4,OK
TRN_001050,AUDIO-CLIPS/positive_sounds/TRINETRA_synthetic_0224.wav,standardized/positive/positive_000327.wav,positive,TRINETRA,.wav,synthetic,unknown,clean,0.9735,16000,1,16,31196,ac22fab2ffcc65f1d3a906b84f2f3ea90cf584d4c3f5b74acff131e6964f6628,OK
TRN_001051,AUDIO-CLIPS/positive_sounds/TRINETRA_synthetic_0225.wav,standardized/positive/positive_000328.wav,positive,TRINETRA,.wav,synthetic,unknown,clean,0.9242,16000,1,16,29618,4bcef5777d147a0dde5ee061f9495a57c7c81929d1e634daa970f2ece1b2faa3,OK
TRN_001052,AUDIO-CLIPS/positive_sounds/TRINETRA_synthetic_0226.wav,standardized/positive/positive_000329.wav,positive,TRINETRA,.wav,synthetic,unknown,clean,1.0493,16000,1,16,33620,f5357ff7e5fa88cdea1e9d172f390e6ff0f7ad52526b26401b7791d7420d6449,OK
TRN_001053,AUDIO-CLIPS/positive_sounds/TRINETRA_synthetic_0227.wav,standardized/positive/positive_000330.wav,positive,TRINETRA,.wav,synthetic,unknown,clean,0.9542,16000,1,16,30578,bd6d7bb0476dc31c9c9b738fe5e101ff55b179796e0adf0a51a57e4d7fb5e83b,OK
TRN_001054,AUDIO-CLIPS/positive_sounds/TRINETRA_synthetic_0228.wav,standardized/positive/positive_000331.wav,positive,TRINETRA,.wav,synthetic,unknown,clean,0.9738,16000,1,16,31206,c0b2da507614a8b42b356d7fc74cb15fa2c6ed0e3936359f154df5fadb5c7f8e,OK
TRN_001055,AUDIO-CLIPS/positive_sounds/TRINETRA_synthetic_0229.wav,standardized/positive/positive_000332.wav,positive,TRINETRA,.wav,synthetic,unknown,clean,1.0144,16000,1,16,32506,c5e42004838934cb10b12868345112884d7275fc9ccbe9a602f6029179feaefc,OK
TRN_001056,AUDIO-CLIPS/positive_sounds/TRINETRA_synthetic_0230.wav,standardized/positive/positive_000333.wav,positive,TRINETRA,.wav,synthetic,unknown,clean,1.0143,16000,1,16,32502,23cfdd71e365511ecfe518d7162c12b2487a323cc098f7840ae106c153e21011,OK
TRN_001057,AUDIO-CLIPS/positive_sounds/TRINETRA_synthetic_0231.wav,standardized/positive/positive_000334.wav,positive,TRINETRA,.wav,synthetic,unknown,clean,1.0416,16000,1,16,33376,fdd60f1103ab41c48b8776e0a5805a1b74d610c9c757d144fa12f0043670034b,OK
TRN_001058,AUDIO-CLIPS/positive_sounds/TRINETRA_synthetic_0232.wav,standardized/positive/positive_000335.wav,positive,TRINETRA,.wav,synthetic,unknown,clean,0.9652,16000,1,16,30930,10fb3c1d951a0afafd0436c842583c66293a25b1776e794c38c5f68eef0b3de4,OK
TRN_001059,AUDIO-CLIPS/positive_sounds/TRINETRA_synthetic_0233.wav,standardized/positive/positive_000336.wav,positive,TRINETRA,.wav,synthetic,unknown,clean,1.0582,16000,1,16,33906,6cf181bae59965112da10b3d554ee467167e73aa5e5782623eb4ecc88d942a30,OK
TRN_001060,AUDIO-CLIPS/positive_sounds/TRINETRA_synthetic_0234.wav,standardized/positive/positive_000337.wav,positive,TRINETRA,.wav,synthetic,unknown,clean,1.0107,16000,1,16,32386,f9a4eb8096741fc52b9b944a1396d4c46f52a4cf6c0563ea6a01a24b8b1aa358,OK
TRN_001061,AUDIO-CLIPS/positive_sounds/TRINETRA_synthetic_0235.wav,standardized/positive/positive_000338.wav,positive,TRINETRA,.wav,synthetic,unknown,clean,1.0705,16000,1,16,34300,ad98ac79476fccd59a0cc4c7e76063fd7f6883588cefd57ef17fcd94423cab2e,OK
TRN_001062,AUDIO-CLIPS/positive_sounds/TRINETRA_synthetic_0236.wav,standardized/positive/positive_000339.wav,positive,TRINETRA,.wav,synthetic,unknown,clean,0.9678,16000,1,16,31014,57d2a4e0941977a70a7147f169fa1b338450b922a7b5b901df7253b52d3d5574,OK
TRN_001063,AUDIO-CLIPS/positive_sounds/TRINETRA_synthetic_0237.wav,standardized/positive/positive_000340.wav,positive,TRINETRA,.wav,synthetic,unknown,clean,1.0033,16000,1,16,32150,7f43b74cc9e54435ed43700288e7eff565beb6b2955855c20a4bd775f8e20d8e,OK
TRN_001064,AUDIO-CLIPS/positive_sounds/TRINETRA_synthetic_0238.wav,standardized/positive/positive_000341.wav,positive,TRINETRA,.wav,synthetic,unknown,clean,0.9617,16000,1,16,30818,31712682473a1f2848a3a6afb229c17fa0eff0feab3d08318c4a3899692ccd4e,OK
TRN_001065,AUDIO-CLIPS/positive_sounds/TRINETRA_synthetic_0239.wav,standardized/positive/positive_000342.wav,positive,TRINETRA,.wav,synthetic,unknown,clean,1.0454,16000,1,16,33498,4ae4c460c63cf4fb21782c8b9aafc3326d433b1ca8c5944a9437780ec7bf7962,OK
TRN_001066,AUDIO-CLIPS/positive_sounds/TRINETRA_synthetic_0240.wav,standardized/positive/positive_000343.wav,positive,TRINETRA,.wav,synthetic,unknown,clean,0.9992,16000,1,16,32020,37394948856481e713124f4da9d9a7d396ca454c3828bbc52009a0cce28a1eef,OK
TRN_001067,AUDIO-CLIPS/positive_sounds/TRINETRA_synthetic_0241.wav,standardized/positive/positive_000344.wav,positive,TRINETRA,.wav,synthetic,unknown,clean,1.2381,16000,1,16,39662,47231945e766509431aa8b825cad5f9c599171b9ca585979973c9897e7e62a66,OK
TRN_001068,AUDIO-CLIPS/positive_sounds/TRINETRA_synthetic_0242.wav,standardized/positive/positive_000345.wav,positive,TRINETRA,.wav,synthetic,unknown,clean,1.2714,16000,1,16,40728,6dc98f65d92fd5a714c0e044854b7ba1eed169e227cc65b3226686e3f672aca5,OK
TRN_001069,AUDIO-CLIPS/positive_sounds/TRINETRA_synthetic_0243.wav,standardized/positive/positive_000346.wav,positive,TRINETRA,.wav,synthetic,unknown,clean,1.1336,16000,1,16,36320,3b45ff865b315a12795674bdd6e8388f126e32d7c8911f466f9cc5a3d7b4ad44,OK
TRN_001070,AUDIO-CLIPS/positive_sounds/TRINETRA_synthetic_0244.wav,standardized/positive/positive_000347.wav,positive,TRINETRA,.wav,synthetic,unknown,clean,1.3112,16000,1,16,42002,b539b19a67af3c69ae469d09d4e61ae524406fb25717b70220dbcf3927129986,OK
TRN_001071,AUDIO-CLIPS/positive_sounds/TRINETRA_synthetic_0245.wav,standardized/positive/positive_000348.wav,positive,TRINETRA,.wav,synthetic,unknown,clean,1.2174,16000,1,16,39000,ab585b131cfd3e2bbe29465608bb3ada1effedf1e847ca248a9f793236f1e1fb,OK
TRN_001072,AUDIO-CLIPS/positive_sounds/TRINETRA_synthetic_0246.wav,standardized/positive/positive_000349.wav,positive,TRINETRA,.wav,synthetic,unknown,clean,1.2026,16000,1,16,38528,e725cfd77453467a05c88e3e56ffa8b6650e3eb9b88950af743eb3bcc8f6980f,OK
TRN_001073,AUDIO-CLIPS/positive_sounds/TRINETRA_synthetic_0247.wav,standardized/positive/positive_000350.wav,positive,TRINETRA,.wav,synthetic,unknown,clean,1.2439,16000,1,16,39848,de56042262414ffa133ba4b491b4729ef27af1996e3eb1359af42ecd2d066b5b,OK
TRN_001074,AUDIO-CLIPS/positive_sounds/TRINETRA_synthetic_0248.wav,standardized/positive/positive_000351.wav,positive,TRINETRA,.wav,synthetic,unknown,clean,1.2884,16000,1,16,41272,c723b988a64292158d60be6f7a2d4f88a08dc8d58c4bf8998362afb364d92e40,OK
TRN_001075,AUDIO-CLIPS/positive_sounds/TRINETRA_synthetic_0249.wav,standardized/positive/positive_000352.wav,positive,TRINETRA,.wav,synthetic,unknown,clean,1.2835,16000,1,16,41116,3551ff3dd1f7a60f89e3b9395d6243a26383ed93bdbc41ba54febee692c26d48,OK
TRN_001076,AUDIO-CLIPS/positive_sounds/TRINETRA_synthetic_0250.wav,standardized/positive/positive_000353.wav,positive,TRINETRA,.wav,synthetic,unknown,clean,1.3362,16000,1,16,42802,aa978aa7aeb8c92257f075d47c0fee57f347178a37d4c0edd5ff1d3dc433a798,OK
TRN_001077,AUDIO-CLIPS/positive_sounds/TRINETRA_synthetic_0251.wav,standardized/positive/positive_000354.wav,positive,TRINETRA,.wav,synthetic,unknown,clean,1.1827,16000,1,16,37892,bf650c8a30a6e6222ba804dd305c1ab8a79510d511732d121222bf07ff90ccce,OK
TRN_001078,AUDIO-CLIPS/positive_sounds/TRINETRA_synthetic_0252.wav,standardized/positive/positive_000355.wav,positive,TRINETRA,.wav,synthetic,unknown,clean,1.3002,16000,1,16,41652,228c6002f95081a4d4f9f91561c992386625bcf9b3149c4d09bdcf040cef4850,OK
TRN_001079,AUDIO-CLIPS/positive_sounds/TRINETRA_synthetic_0253.wav,standardized/positive/positive_000356.wav,positive,TRINETRA,.wav,synthetic,unknown,clean,1.3474,16000,1,16,43160,8db1b46aaa497fe7191ff744c85949474fcc96bbdee4e805c8a5386016c9e8a3,OK
TRN_001080,AUDIO-CLIPS/positive_sounds/TRINETRA_synthetic_0254.wav,standardized/positive/positive_000357.wav,positive,TRINETRA,.wav,synthetic,unknown,clean,1.3524,16000,1,16,43322,ffb3b35d33e5e1815d78aeb7d497860461917dff569b5f9c011e0f2004b7c4e1,OK
TRN_001081,AUDIO-CLIPS/positive_sounds/TRINETRA_synthetic_0255.wav,standardized/positive/positive_000358.wav,positive,TRINETRA,.wav,synthetic,unknown,clean,1.1948,16000,1,16,38278,77ccc0734ae9bdf93d45539ac6bb9241adb31fc1fca8cc3ff7cdb370877e6731,OK
TRN_001082,AUDIO-CLIPS/positive_sounds/TRINETRA_synthetic_0256.wav,standardized/positive/positive_000359.wav,positive,TRINETRA,.wav,synthetic,unknown,clean,0.9055,16000,1,16,29020,207f7f17e72027b6eea7085ab2eb2485413c5947fab66916772fc539db2735c4,OK
TRN_001083,AUDIO-CLIPS/positive_sounds/TRINETRA_synthetic_0257.wav,standardized/positive/positive_000360.wav,positive,TRINETRA,.wav,synthetic,unknown,clean,0.8972,16000,1,16,28756,2a840ed8a53ba13c3bc37b88eccb8b9a2a361c6c8d38ab26a3672c200a69a897,OK
TRN_001084,AUDIO-CLIPS/positive_sounds/TRINETRA_synthetic_0258.wav,standardized/positive/positive_000361.wav,positive,TRINETRA,.wav,synthetic,unknown,clean,0.9303,16000,1,16,29812,3778ed9444d2ad17db1ba107bd358f112f41b65316e48e0f6782088c46715d56,OK
TRN_001085,AUDIO-CLIPS/positive_sounds/TRINETRA_synthetic_0259.wav,standardized/positive/positive_000362.wav,positive,TRINETRA,.wav,synthetic,unknown,clean,0.9861,16000,1,16,31600,f21010d8a31d4f408287f3bb1c0ca2fc40510db55dab638c3b717b9f06ccca54,OK
TRN_001086,AUDIO-CLIPS/positive_sounds/TRINETRA_synthetic_0260.wav,standardized/positive/positive_000363.wav,positive,TRINETRA,.wav,synthetic,unknown,clean,0.9877,16000,1,16,31650,81a2f1a65cf4181e06ed49ad98b0bc56fcb95f2f178e22404b3db0cc8fd39be9,OK
TRN_001087,AUDIO-CLIPS/positive_sounds/TRINETRA_synthetic_0261.wav,standardized/positive/positive_000364.wav,positive,TRINETRA,.wav,synthetic,unknown,clean,0.9599,16000,1,16,30760,3befa3358131d9e61ffb710cad9f829212d93d6bceea6294257b90a27a00ff92,OK
TRN_001088,AUDIO-CLIPS/positive_sounds/TRINETRA_synthetic_0262.wav,standardized/positive/positive_000365.wav,positive,TRINETRA,.wav,synthetic,unknown,clean,0.8736,16000,1,16,27998,13c077a380f0b6fd6215697cf3d8f578361a63ae7c5465a8ea1d8c50b8e7bc30,OK
TRN_001089,AUDIO-CLIPS/positive_sounds/TRINETRA_synthetic_0263.wav,standardized/positive/positive_000366.wav,positive,TRINETRA,.wav,synthetic,unknown,clean,0.8889,16000,1,16,28488,39b984f8e352fd81f996ea6ac6b828b104b99a0d7bdb3e8bcd662adc48988856,OK
TRN_001090,AUDIO-CLIPS/positive_sounds/TRINETRA_synthetic_0264.wav,standardized/positive/positive_000367.wav,positive,TRINETRA,.wav,synthetic,unknown,clean,0.9932,16000,1,16,31828,7606fefec0a1a9dee6a45558bba4ee1213b55bc593f5d18e179c8f017d9b9b2e,OK
TRN_001091,AUDIO-CLIPS/positive_sounds/TRINETRA_synthetic_0265.wav,standardized/positive/positive_000368.wav,positive,TRINETRA,.wav,synthetic,unknown,clean,0.8845,16000,1,16,28348,b13cefe1859c53f68483e65ba82d11d2a9d6dabeb564767a383ac7553e9e6a50,OK
TRN_001092,AUDIO-CLIPS/positive_sounds/TRINETRA_synthetic_0266.wav,standardized/positive/positive_000369.wav,positive,TRINETRA,.wav,synthetic,unknown,clean,1.0037,16000,1,16,32164,125f7a1664b793c7bcac1d7c52ad98df47f57551ebdb52ae0b99e52d640fc9d0,OK
TRN_001093,AUDIO-CLIPS/positive_sounds/TRINETRA_synthetic_0267.wav,standardized/positive/positive_000370.wav,positive,TRINETRA,.wav,synthetic,unknown,clean,0.9366,16000,1,16,30016,b12d5603836ac0acca152aaae7f634f833a22b58afc84dbf21e942fd91c6f388,OK
TRN_001094,AUDIO-CLIPS/positive_sounds/TRINETRA_synthetic_0268.wav,standardized/positive/positive_000371.wav,positive,TRINETRA,.wav,synthetic,unknown,clean,0.9214,16000,1,16,29530,345e27fa99f9b12f8563022d6f2af5b4562078668e5b56dc7f545fa9db54b13e,OK
TRN_001095,AUDIO-CLIPS/positive_sounds/TRINETRA_synthetic_0269.wav,standardized/positive/positive_000372.wav,positive,TRINETRA,.wav,synthetic,unknown,clean,1.0226,16000,1,16,32766,6035ea24dd14852f13326949f133e13c917305a28e0621d934e10d5e98c14da0,OK
TRN_001096,AUDIO-CLIPS/positive_sounds/TRINETRA_synthetic_0270.wav,standardized/positive/positive_000373.wav,positive,TRINETRA,.wav,synthetic,unknown,clean,0.9487,16000,1,16,30402,3f31c28e1b81f66add1e679cb25aec594e1b8e28e23449f16ceef61151cbb690,OK
TRN_001097,AUDIO-CLIPS/positive_sounds/TRINETRA_synthetic_0271.wav,standardized/positive/positive_000374.wav,positive,TRINETRA,.wav,synthetic,unknown,clean,0.9433,16000,1,16,30230,199eda6595fcbc23ad3ea50dff206d174416c4250d587b4f36d3b24b5bcbbd67,OK
TRN_001098,AUDIO-CLIPS/positive_sounds/TRINETRA_synthetic_0272.wav,standardized/positive/positive_000375.wav,positive,TRINETRA,.wav,synthetic,unknown,clean,1.0211,16000,1,16,32720,feebb5c1304d66fef5ff7bc93efe6acfa814053458cf3ac928daebdd96c8a1d4,OK
TRN_001099,AUDIO-CLIPS/positive_sounds/TRINETRA_synthetic_0273.wav,standardized/positive/positive_000376.wav,positive,TRINETRA,.wav,synthetic,unknown,clean,1.0602,16000,1,16,33972,1fb4b3e349c1dca2fc635d65255ed970ae0dd13c8040ae6533878d29b26b0c2e,OK
TRN_001100,AUDIO-CLIPS/positive_sounds/TRINETRA_synthetic_0274.wav,standardized/positive/positive_000377.wav,positive,TRINETRA,.wav,synthetic,unknown,clean,0.9712,16000,1,16,31122,ba5b5a7529a1cd8438abb76c5214493770a1978a05863de1b635c58da9e91ed2,OK
TRN_001101,AUDIO-CLIPS/positive_sounds/TRINETRA_synthetic_0275.wav,standardized/positive/positive_000378.wav,positive,TRINETRA,.wav,synthetic,unknown,clean,1.0673,16000,1,16,34198,9cccc66d5521829a14f0360e5c3eee7df48d44e6d0844456d04941afd7163879,OK
TRN_001102,AUDIO-CLIPS/positive_sounds/TRINETRA_synthetic_0276.wav,standardized/positive/positive_000379.wav,positive,TRINETRA,.wav,synthetic,unknown,clean,0.9547,16000,1,16,30596,ebd6725e2b6f589d674f3788bd61b7d6ec6e2ec653e2eb897e735ba646c2a57b,OK
TRN_001103,AUDIO-CLIPS/positive_sounds/TRINETRA_synthetic_0277.wav,standardized/positive/positive_000380.wav,positive,TRINETRA,.wav,synthetic,unknown,clean,0.9677,16000,1,16,31012,535899d89d6d793af9a1d3183ef526bc26ed48a2d671fd49fcc8c258e0b2427c,OK
TRN_001104,AUDIO-CLIPS/positive_sounds/TRINETRA_synthetic_0278.wav,standardized/positive/positive_000381.wav,positive,TRINETRA,.wav,synthetic,unknown,clean,0.8548,16000,1,16,27396,4e7d874bf30e6e520b213e9dc6bd295fa9b6e0185f8221b9bb1838320d23dd10,OK
TRN_001105,AUDIO-CLIPS/positive_sounds/TRINETRA_synthetic_0279.wav,standardized/positive/positive_000382.wav,positive,TRINETRA,.wav,synthetic,unknown,clean,0.9896,16000,1,16,31712,64950698b2aa7706d9e30a38c605776b5d497c5c3469e4afade36437e65051c5,OK
TRN_001106,AUDIO-CLIPS/positive_sounds/TRINETRA_synthetic_0280.wav,standardized/positive/positive_000383.wav,positive,TRINETRA,.wav,synthetic,unknown,clean,0.912,16000,1,16,29228,141e99247b7546f2b67ad7de07c21114709e9776c614257a1a78dd8d4539ccda,OK
TRN_001107,AUDIO-CLIPS/positive_sounds/TRINETRA_synthetic_0281.wav,standardized/positive/positive_000384.wav,positive,TRINETRA,.wav,synthetic,unknown,clean,1.0497,16000,1,16,33636,ef7ce7c843324fe8e8b135a54a03c864ef641a5c9cb3d53d40a89e23be6c81d5,OK
TRN_001108,AUDIO-CLIPS/positive_sounds/TRINETRA_synthetic_0282.wav,standardized/positive/positive_000385.wav,positive,TRINETRA,.wav,synthetic,unknown,clean,1.0559,16000,1,16,33832,04bd6501d00e2e71f41d255eb71d4c048a11753de9e148e353060a9889d84660,OK
TRN_001109,AUDIO-CLIPS/positive_sounds/TRINETRA_synthetic_0283.wav,standardized/positive/positive_000386.wav,positive,TRINETRA,.wav,synthetic,unknown,clean,0.9677,16000,1,16,31012,cbd1fa8ec5fb318563596303ac6ba85b7c3079e1f85f29ea5b75f24896e25333,OK
TRN_001110,AUDIO-CLIPS/positive_sounds/TRINETRA_synthetic_0284.wav,standardized/positive/positive_000387.wav,positive,TRINETRA,.wav,synthetic,unknown,clean,0.9639,16000,1,16,30888,4e6bab5a128461bffa4db9b61a6c7ad99033537e51b691b6386170d31c66f7ea,OK
TRN_001111,AUDIO-CLIPS/positive_sounds/TRINETRA_synthetic_0285.wav,standardized/positive/positive_000388.wav,positive,TRINETRA,.wav,synthetic,unknown,clean,0.9381,16000,1,16,30062,7208b616cedab56f11257d697ddafc52849318f27c6e3bb21d023aeb8d4bb965,OK
TRN_001112,AUDIO-CLIPS/positive_sounds/TRINETRA_synthetic_0286.wav,standardized/positive/positive_000389.wav,positive,TRINETRA,.wav,synthetic,unknown,clean,0.9034,16000,1,16,28952,8675e225b3a013cc8d9f0754d77941920dafe2af73352eeec0c442881e835ddd,OK
TRN_001113,AUDIO-CLIPS/positive_sounds/TRINETRA_synthetic_0287.wav,standardized/positive/positive_000390.wav,positive,TRINETRA,.wav,synthetic,unknown,clean,1.0052,16000,1,16,32210,da8d75bd1c27ec13ebc90cc34fcbe11ed63ca9b53ffb554d123d7cd3b9931b7f,OK
TRN_001114,AUDIO-CLIPS/positive_sounds/TRINETRA_synthetic_0288.wav,standardized/positive/positive_000391.wav,positive,TRINETRA,.wav,synthetic,unknown,clean,1.0125,16000,1,16,32444,b9898a353b37d395c060d1ff82e6c1822d1e11ea1dcfc906cf4c14de3e3389ed,OK
TRN_001115,AUDIO-CLIPS/positive_sounds/TRINETRA_synthetic_0289.wav,standardized/positive/positive_000392.wav,positive,TRINETRA,.wav,synthetic,unknown,clean,0.9205,16000,1,16,29500,b1895a759d14557f9cc617403b580b499d2a52693c9354f2222772e34256033f,OK
TRN_001116,AUDIO-CLIPS/positive_sounds/TRINETRA_synthetic_0290.wav,standardized/positive/positive_000393.wav,positive,TRINETRA,.wav,synthetic,unknown,clean,0.9073,16000,1,16,29078,97ca612047c506a220a12d56bc01f3d55e2d8787b8e7a288f486e8063ed47d83,OK
TRN_001117,AUDIO-CLIPS/positive_sounds/TRINETRA_synthetic_0291.wav,standardized/positive/positive_000394.wav,positive,TRINETRA,.wav,synthetic,unknown,clean,0.9674,16000,1,16,31000,bef4aaef8c91504b8a9df3be200e0f7b1be829d2fcc3e133604c123aff7f7912,OK
TRN_001118,AUDIO-CLIPS/positive_sounds/TRINETRA_synthetic_0292.wav,standardized/positive/positive_000395.wav,positive,TRINETRA,.wav,synthetic,unknown,clean,1.0036,16000,1,16,32158,a9e362fc39256e11ea5bbdfbbfcefe33e677dcab0cbf4e47b014f241118f9649,OK
TRN_001119,AUDIO-CLIPS/positive_sounds/TRINETRA_synthetic_0293.wav,standardized/positive/positive_000396.wav,positive,TRINETRA,.wav,synthetic,unknown,clean,0.9507,16000,1,16,30468,481e4fdec1eb303737f79949ad4145bdcd432c8a802e54283c5c3cde5a8f5ba9,OK
TRN_001120,AUDIO-CLIPS/positive_sounds/TRINETRA_synthetic_0294.wav,standardized/positive/positive_000397.wav,positive,TRINETRA,.wav,synthetic,unknown,clean,0.9519,16000,1,16,30506,d65c5b63218e26afa80f08db7febb83893607f193adf22b6e5fade7ff6becf5e,OK
TRN_001121,AUDIO-CLIPS/positive_sounds/TRINETRA_synthetic_0295.wav,standardized/positive/positive_000398.wav,positive,TRINETRA,.wav,synthetic,unknown,clean,1.0357,16000,1,16,33186,5edc2c258acb22d3ee5f1b8f9f162066d7fe12912b440defd4e7f0af5fa6fc2e,OK
TRN_001122,AUDIO-CLIPS/positive_sounds/TRINETRA_synthetic_0296.wav,standardized/positive/positive_000399.wav,positive,TRINETRA,.wav,synthetic,unknown,clean,0.9451,16000,1,16,30288,eb3d860905e9600b921bd9993dc4023d3c51547939b53f7b8b83125dd94101bb,OK
TRN_001123,AUDIO-CLIPS/positive_sounds/TRINETRA_synthetic_0297.wav,standardized/positive/positive_000400.wav,positive,TRINETRA,.wav,synthetic,unknown,clean,1.0321,16000,1,16,33070,c31cef2bd78c4c45846c4b5d2aaca27a622a4e6219e5ddc5e2cf181b14a94131,OK
TRN_001124,AUDIO-CLIPS/positive_sounds/TRINETRA_synthetic_0298.wav,standardized/positive/positive_000401.wav,positive,TRINETRA,.wav,synthetic,unknown,clean,1.0164,16000,1,16,32570,2fd78c2508da490183b36e4ed12880225571416f7706c3773ed1bcd062b28c67,OK
TRN_001125,AUDIO-CLIPS/positive_sounds/TRINETRA_synthetic_0299.wav,standardized/positive/positive_000402.wav,positive,TRINETRA,.wav,synthetic,unknown,clean,0.9861,16000,1,16,31598,76151c165ffdd92d3e115055fa55f7664959139aa6e3bc9522f51ee9650cf85f,OK
TRN_001126,AUDIO-CLIPS/positive_sounds/TRINETRA_synthetic_0300.wav,standardized/positive/positive_000403.wav,positive,TRINETRA,.wav,synthetic,unknown,clean,0.9163,16000,1,16,29366,a37a7e66de671f28f4cae7d658c119fc30d064ce682a4798d54d5e6239e475e6,OK
TRN_001127,AUDIO-CLIPS/positive_sounds/WhatsApp Audio 2026-08-31 at 10.50.08 PM (1).mp4,standardized/positive/positive_000404.wav,positive,TRINETRA,.mp4,natural,unknown,clean,1.4397,16000,1,16,46114,895ad0197c091a1a3b6592eafcbde83d44ef112ac27d447dcbfdb3c96a421381,OK
TRN_001128,AUDIO-CLIPS/positive_sounds/WhatsApp Audio 2026-08-31 at 10.50.08 PM.mp4,standardized/positive/positive_000405.wav,positive,TRINETRA,.mp4,natural,unknown,clean,1.1378,16000,1,16,36454,a4edae979b015877c36c07336df749ae8f384cda9a1f8dd500fdabbabd57414e,OK
TRN_001129,AUDIO-CLIPS/positive_sounds/WhatsApp Audio 2026-08-31 at 10.50.09 PM (1).mp4,standardized/positive/positive_000406.wav,positive,TRINETRA,.mp4,natural,unknown,clean,1.4629,16000,1,16,46856,d1ada73067bd61fe5a71478271725ea39f582f5336464e441568f60f093510ce,OK
TRN_001130,AUDIO-CLIPS/positive_sounds/WhatsApp Audio 2026-08-31 at 10.50.09 PM (2).mp4,standardized/positive/positive_000407.wav,positive,TRINETRA,.mp4,natural,unknown,clean,1.37,16000,1,16,43884,c8fd40119f60fca60368840f6fc3481850701a702825a6daa10088252cb4c60f,OK
TRN_001131,AUDIO-CLIPS/positive_sounds/WhatsApp Audio 2026-08-31 at 10.50.09 PM (3).mp4,standardized/positive/positive_000408.wav,positive,TRINETRA,.mp4,natural,unknown,clean,1.0449,16000,1,16,33482,f591e133457fecf377f10781b31e4526f340e6931c963870d071f517bab181d8,OK
TRN_001132,AUDIO-CLIPS/positive_sounds/WhatsApp Audio 2026-08-31 at 10.50.09 PM.mp4,standardized/positive/positive_000409.wav,positive,TRINETRA,.mp4,natural,unknown,clean,2.0202,16000,1,16,64690,aee30f579b62fb45ccd0eb005b330441356f96a5686a73d47cc23d58ba0c3c93,OK
TRN_001133,AUDIO-CLIPS/positive_sounds/WhatsApp Audio 2026-08-31 at 10.50.10 PM (1).mp4,standardized/positive/positive_000410.wav,positive,TRINETRA,.mp4,natural,unknown,clean,1.6022,16000,1,16,51314,72bf90d881360f996a2849a3000985b21d880ea40eb3daf39023d8a3c957bf07,OK
TRN_001134,AUDIO-CLIPS/positive_sounds/WhatsApp Audio 2026-08-31 at 10.50.10 PM (2).mp4,standardized/positive/positive_000411.wav,positive,TRINETRA,.mp4,natural,unknown,clean,1.6022,16000,1,16,51314,72bf90d881360f996a2849a3000985b21d880ea40eb3daf39023d8a3c957bf07,OK
TRN_001135,AUDIO-CLIPS/positive_sounds/WhatsApp Audio 2026-08-31 at 10.50.10 PM (3).mp4,standardized/positive/positive_000412.wav,positive,TRINETRA,.mp4,natural,unknown,clean,2.0202,16000,1,16,64690,f61566c190427bfd46367258cb33e1ca7eb09b2da224e9e82b6b5db8232d7ad6,OK
TRN_001136,AUDIO-CLIPS/positive_sounds/WhatsApp Audio 2026-08-31 at 10.50.10 PM (4).mp4,standardized/positive/positive_000413.wav,positive,TRINETRA,.mp4,natural,unknown,clean,1.1378,16000,1,16,36454,07b67be5648c0e654ea5a1c7a41d004ec346bbd04f4235f38d0f077d18ded93e,OK
TRN_001137,AUDIO-CLIPS/positive_sounds/WhatsApp Audio 2026-08-31 at 10.50.10 PM.mp4,standardized/positive/positive_000414.wav,positive,TRINETRA,.mp4,natural,unknown,clean,1.5326,16000,1,16,49086,5e886a8b50041a54567d4daaec732e78978593c0c3e3b964c90ffa9be3885a88,OK
TRN_001138,AUDIO-CLIPS/positive_sounds/WhatsApp Audio 2026-08-31 at 10.50.11 PM (1).mp4,standardized/positive/positive_000415.wav,positive,TRINETRA,.mp4,natural,unknown,clean,1.6951,16000,1,16,54286,62ee6175eb7bdd42edecdb7ac4ffa152774f44f595ac538c42412d9b872c6ee6,OK
TRN_001139,AUDIO-CLIPS/positive_sounds/WhatsApp Audio 2026-08-31 at 10.50.11 PM.mp4,standardized/positive/positive_000416.wav,positive,TRINETRA,.mp4,natural,unknown,clean,1.7879,16000,1,16,57258,ae463341b09f5df541c8a6f80b00f85339ebf78d3185728e447974121a4e2507,OK
TRN_001140,AUDIO-CLIPS/positive_sounds/WhatsApp Audio 2026-08-31 at 10.50.12 PM (1).mp4,standardized/positive/positive_000417.wav,positive,TRINETRA,.mp4,natural,unknown,clean,1.1843,16000,1,16,37940,413c56a0221210fc82159d148a9b54f23765c3f7f365ff0164fabe5439b5acbb,OK
TRN_001141,AUDIO-CLIPS/positive_sounds/WhatsApp Audio 2026-08-31 at 10.50.12 PM (2).mp4,standardized/positive/positive_000418.wav,positive,TRINETRA,.mp4,natural,unknown,clean,1.1843,16000,1,16,37940,413c56a0221210fc82159d148a9b54f23765c3f7f365ff0164fabe5439b5acbb,OK
TRN_001142,AUDIO-CLIPS/positive_sounds/WhatsApp Audio 2026-08-31 at 10.50.12 PM (3).mp4,standardized/positive/positive_000419.wav,positive,TRINETRA,.mp4,natural,unknown,clean,1.1843,16000,1,16,37940,2adfee76a80ce76feca111f26483ec4e4f91070d891a6a41906717c321a4f992,OK
TRN_001143,AUDIO-CLIPS/positive_sounds/WhatsApp Audio 2026-08-31 at 10.50.12 PM (4).mp4,standardized/positive/positive_000420.wav,positive,TRINETRA,.mp4,natural,unknown,clean,1.4629,16000,1,16,46856,73f487e3b5b0eb21d4979057edb027a1d4ef413ea57709be0698134a6bc3bfd1,OK
TRN_001144,AUDIO-CLIPS/positive_sounds/WhatsApp Audio 2026-08-31 at 10.50.12 PM.mp4,standardized/positive/positive_000421.wav,positive,TRINETRA,.mp4,natural,unknown,clean,1.1843,16000,1,16,37940,413c56a0221210fc82159d148a9b54f23765c3f7f365ff0164fabe5439b5acbb,OK
TRN_001145,AUDIO-CLIPS/positive_sounds/WhatsApp Audio 2026-08-31 at 7.39.21 PM (1).mp4,standardized/positive/positive_000422.wav,positive,TRINETRA,.mp4,natural,unknown,clean,1.9627,16000,1,16,62850,20075e9e4c31de7bbc321f823249764c203764fa2402dc1a501f601d519d28b8,OK
TRN_001146,AUDIO-CLIPS/positive_sounds/WhatsApp Audio 2026-08-31 at 7.39.21 PM (2).mp4,standardized/positive/positive_000423.wav,positive,TRINETRA,.mp4,natural,unknown,clean,2.2187,16000,1,16,71042,2f9437528fe5af0c37950c1ed8a549173bd6a971e793b1853cc65db1fa9dbfc0,OK
TRN_001147,AUDIO-CLIPS/positive_sounds/WhatsApp Audio 2026-08-31 at 7.39.22 PM.mp4,standardized/positive/positive_000424.wav,positive,TRINETRA,.mp4,natural,unknown,clean,2.56,16000,1,16,81964,12422a309d30af93b2d213f8e7908b9df45eebaaf0b429534e9adc70c1db05c0,OK
TRN_001148,AUDIO-CLIPS/positive_sounds/WhatsApp Audio 2026-08-31 at 7.39.23 PM.mp4,standardized/positive/positive_000425.wav,positive,TRINETRA,.mp4,natural,unknown,clean,1.5574,16000,1,16,49880,41bdc0d418ade9711fa7a8c096f9c12a6df9cc566f709a7b209e547990c7ed1b,OK
TRN_001149,AUDIO-CLIPS/positive_sounds/WhatsApp Audio 2026-08-31 at 7.39.25 PM (1).mp4,standardized/positive/positive_000426.wav,positive,TRINETRA,.mp4,natural,unknown,clean,2.2187,16000,1,16,71042,18462ac1c171cd5d302a906443ab7f53daa54a196d705af8405617907934d8f7,OK
TRN_001150,AUDIO-CLIPS/positive_sounds/WhatsApp Audio 2026-08-31 at 7.39.25 PM.mp4,standardized/positive/positive_000427.wav,positive,TRINETRA,.mp4,natural,unknown,clean,2.2187,16000,1,16,71042,18462ac1c171cd5d302a906443ab7f53daa54a196d705af8405617907934d8f7,OK
TRN_001151,AUDIO-CLIPS/positive_sounds/WhatsApp Audio 2026-08-31 at 7.39.26 PM.mp4,standardized/positive/positive_000428.wav,positive,TRINETRA,.mp4,natural,unknown,clean,2.5174,16000,1,16,80600,8ca3777fdd314311bea749153bb5e8d608d9ee5c154e62a507ccd61e431d4864,OK
TRN_001152,AUDIO-CLIPS/positive_sounds/speaker_anush_positive_0001.wav,standardized/positive/positive_000429.wav,positive,TRINETRA,.wav,natural,anush,clean,2.0,16000,1,16,64044,b9119841d84e707e027e6228c7e181a2b8f409ffe7d17bbde2093ad0f0696b52,WARNING
TRN_001153,AUDIO-CLIPS/positive_sounds/speaker_anush_positive_0002.wav,standardized/positive/positive_000430.wav,positive,TRINETRA,.wav,natural,anush,clean,2.0,16000,1,16,64044,d3aa3f58c9c3d71f43f247259be9989d108a763f5363b26edfe5d5105aa7d6b1,WARNING
TRN_001154,AUDIO-CLIPS/positive_sounds/speaker_anush_positive_0003.wav,standardized/positive/positive_000431.wav,positive,TRINETRA,.wav,natural,anush,clean,2.0,16000,1,16,64044,c0c717e62bf3a5144df06e969d0def2642ad42970262e6248df6a97109116929,WARNING
TRN_001155,AUDIO-CLIPS/positive_sounds/speaker_anush_positive_0004.wav,standardized/positive/positive_000432.wav,positive,TRINETRA,.wav,natural,anush,clean,2.0,16000,1,16,64044,ecbca081b118506a1d0ba4df74ef92df50e85a81742424e67054263418ab72a2,OK
TRN_001156,AUDIO-CLIPS/positive_sounds/speaker_anush_positive_0005.wav,standardized/positive/positive_000433.wav,positive,TRINETRA,.wav,natural,anush,clean,2.0,16000,1,16,64044,f51abc4b6387d28714c5b15268de24d6b121438312585beb110b6875bbfa1251,OK
TRN_001157,AUDIO-CLIPS/positive_sounds/speaker_anush_positive_0006.wav,standardized/positive/positive_000434.wav,positive,TRINETRA,.wav,natural,anush,clean,2.0,16000,1,16,64044,aae60b0ba57477a566391d33e1ca8e54dd6e00c49995373ef073c043c0e8077b,WARNING
TRN_001158,AUDIO-CLIPS/positive_sounds/speaker_anush_positive_0007.wav,standardized/positive/positive_000435.wav,positive,TRINETRA,.wav,natural,anush,clean,2.0,16000,1,16,64044,796d5478bb73fb0268a8090400c5454f74b1aa4bbb2ad09f6163d588b72f274b,OK
TRN_001159,AUDIO-CLIPS/positive_sounds/speaker_anush_positive_0008.wav,standardized/positive/positive_000436.wav,positive,TRINETRA,.wav,natural,anush,clean,2.0,16000,1,16,64044,c0d940b05ab893d1b15b501f9ba0e7d6c9d20ee8618389b7710a1cf7bdce08f0,OK
TRN_001160,AUDIO-CLIPS/positive_sounds/speaker_anush_positive_0009.wav,standardized/positive/positive_000437.wav,positive,TRINETRA,.wav,natural,anush,clean,2.0,16000,1,16,64044,2712ffb3be43b02f42d1abe54af967efb8d868781fe3fc2f5bf94c4a29201aae,OK
TRN_001161,AUDIO-CLIPS/positive_sounds/speaker_anush_positive_0010.wav,standardized/positive/positive_000438.wav,positive,TRINETRA,.wav,natural,anush,clean,2.0,16000,1,16,64044,0bfac65a8c450ce778426c15bf709f85fcc9784db14d49c1482b5ab02100f4f7,OK
TRN_001162,AUDIO-CLIPS/positive_sounds/speaker_anush_positive_0011.wav,standardized/positive/positive_000439.wav,positive,TRINETRA,.wav,natural,anush,clean,2.0,16000,1,16,64044,ac31927d7a46e600da40a5c42e5885d65d5d2a42eed2ab0d9f843205a4a8765b,OK
TRN_001163,AUDIO-CLIPS/positive_sounds/speaker_anush_positive_0012.wav,standardized/positive/positive_000440.wav,positive,TRINETRA,.wav,natural,anush,clean,2.0,16000,1,16,64044,ac9f8d4162d94996cb14a8fa19e59a3c4ab8aff426313cf47bcd145837519153,OK
TRN_001164,AUDIO-CLIPS/positive_sounds/speaker_anush_positive_0013.wav,standardized/positive/positive_000441.wav,positive,TRINETRA,.wav,natural,anush,clean,2.0,16000,1,16,64044,a96a1d3991a5cf71d3d1941c296d3da63ac67e77265dad798b4d75fa90a51e91,WARNING
TRN_001165,AUDIO-CLIPS/positive_sounds/speaker_anush_positive_0014.wav,standardized/positive/positive_000442.wav,positive,TRINETRA,.wav,natural,anush,clean,2.0,16000,1,16,64044,84c050d06f53828cc3424e6c22f7b92765c03ad79f643b22dc9f2137e2cc6290,WARNING
TRN_001166,AUDIO-CLIPS/positive_sounds/speaker_anush_positive_0015.wav,standardized/positive/positive_000443.wav,positive,TRINETRA,.wav,natural,anush,clean,2.0,16000,1,16,64044,a1dd9ebbef008f3ba8d327dc2c7c6f6c8366f6b31f9ee3898dd398466abff671,OK
TRN_001167,AUDIO-CLIPS/positive_sounds/speaker_anush_positive_0016.wav,standardized/positive/positive_000444.wav,positive,TRINETRA,.wav,natural,anush,clean,2.0,16000,1,16,64044,4cf1860cf5378c8e0720a812f21708cc059ec94be7c274f1b7f8f00bc0dffed0,OK
TRN_001168,AUDIO-CLIPS/positive_sounds/speaker_anush_positive_0017.wav,standardized/positive/positive_000445.wav,positive,TRINETRA,.wav,natural,anush,clean,2.0,16000,1,16,64044,fd83583eff10f9976dfa23ebc4122dc0bf88fdf3febb6053bd799b234b5c0cc6,WARNING
TRN_001169,AUDIO-CLIPS/positive_sounds/speaker_anush_positive_0018.wav,standardized/positive/positive_000446.wav,positive,TRINETRA,.wav,natural,anush,clean,2.0,16000,1,16,64044,d7c88d6d898230de05ab6d559d77880375942378e10952a21df40ae5fb3df8e5,OK
TRN_001170,AUDIO-CLIPS/positive_sounds/speaker_anush_positive_0019.wav,standardized/positive/positive_000447.wav,positive,TRINETRA,.wav,natural,anush,clean,2.0,16000,1,16,64044,5e1629eb1b227dc9e12c5d0873bf50cfa9261b1be01a985d87f1479b76de323f,WARNING
TRN_001171,AUDIO-CLIPS/positive_sounds/speaker_anush_positive_0020.wav,standardized/positive/positive_000448.wav,positive,TRINETRA,.wav,natural,anush,clean,2.0,16000,1,16,64044,ef18b1faff3e3e4cfbef045a7cd5aa2f4d00849df08e0c49222fd331fb4060ac,WARNING
TRN_001172,AUDIO-CLIPS/positive_sounds/speaker_anush_positive_0021.wav,standardized/positive/positive_000449.wav,positive,TRINETRA,.wav,natural,anush,clean,2.0,16000,1,16,64044,7eb7ffac827836bd0d6ac962cbc8d9792a07e82936f63c91d7988f1854f9c18a,WARNING
TRN_001173,AUDIO-CLIPS/positive_sounds/speaker_anush_positive_0022.wav,standardized/positive/positive_000450.wav,positive,TRINETRA,.wav,natural,anush,clean,2.0,16000,1,16,64044,699628998b4d43b131d1b3635566af55e55bbb070bcf1993ea90c178cafaa8ff,OK
TRN_001174,AUDIO-CLIPS/positive_sounds/speaker_anush_positive_0023.wav,standardized/positive/positive_000451.wav,positive,TRINETRA,.wav,natural,anush,clean,2.0,16000,1,16,64044,ff039ae93f7ace0c092053d7ac40e697a04d3a3bd7ce16d309b3a8316f11fa53,WARNING
TRN_001175,AUDIO-CLIPS/positive_sounds/speaker_anush_positive_0024.wav,standardized/positive/positive_000452.wav,positive,TRINETRA,.wav,natural,anush,clean,2.0,16000,1,16,64044,b751346ba3676f7506c5da139c3218538781f22af546ff45da4151d2ad7636b6,OK
TRN_001176,AUDIO-CLIPS/positive_sounds/speaker_anush_positive_0025.wav,standardized/positive/positive_000453.wav,positive,TRINETRA,.wav,natural,anush,clean,2.0,16000,1,16,64044,e489dddcf6592856c055083169dc8c95fa2cde6ea508e2522c50139303fd9801,OK
TRN_001177,AUDIO-CLIPS/positive_sounds/speaker_anush_positive_0026.wav,standardized/positive/positive_000454.wav,positive,TRINETRA,.wav,natural,anush,clean,2.0,16000,1,16,64044,22884c149054698028dc627a359bd17ae95bbbd0b4a6e039f3303f15fca5c1b5,OK
TRN_001178,AUDIO-CLIPS/positive_sounds/speaker_anush_positive_0027.wav,standardized/positive/positive_000455.wav,positive,TRINETRA,.wav,natural,anush,clean,2.0,16000,1,16,64044,1eb5fa9c31a5e78a08aef5e1c807bdf2061f887f3196a4106f3cd4f7b58baaf2,OK
TRN_001179,AUDIO-CLIPS/positive_sounds/speaker_anush_positive_0028.wav,standardized/positive/positive_000456.wav,positive,TRINETRA,.wav,natural,anush,clean,2.0,16000,1,16,64044,339943ea7808cc4425729c701c79bbcdcfd1c601b7fe1c0826e27b0742504006,OK
TRN_001180,AUDIO-CLIPS/positive_sounds/speaker_anush_positive_0029.wav,standardized/positive/positive_000457.wav,positive,TRINETRA,.wav,natural,anush,clean,2.0,16000,1,16,64044,6863e3cc2c81abbad69f1f38896250f5e49ab76022c73b2aff4f673159b810aa,OK
TRN_001181,AUDIO-CLIPS/positive_sounds/speaker_anush_positive_0030.wav,standardized/positive/positive_000458.wav,positive,TRINETRA,.wav,natural,anush,clean,2.0,16000,1,16,64044,a2dc12049a7fade40c843a0f1d68a7f6f4cf11537467f183e30b3d0766f49d44,OK
TRN_001182,AUDIO-CLIPS/positive_sounds/speaker_anush_positive_0031.wav,standardized/positive/positive_000459.wav,positive,TRINETRA,.wav,natural,anush,clean,2.0,16000,1,16,64044,528dd0d687c814e99e74a9c07b97e0cf06f0978ca050028e3d436ab6fefe4f38,OK
TRN_001183,AUDIO-CLIPS/positive_sounds/speaker_anush_positive_0032.wav,standardized/positive/positive_000460.wav,positive,TRINETRA,.wav,natural,anush,clean,2.0,16000,1,16,64044,af416fa52ad5553d9bd012569fe54a372c67dc6863b63c8f93b1d2fe5f0c7255,WARNING
TRN_001184,AUDIO-CLIPS/positive_sounds/speaker_anush_positive_0033.wav,standardized/positive/positive_000461.wav,positive,TRINETRA,.wav,natural,anush,clean,2.0,16000,1,16,64044,e1bd4936572c195fdddf74f5387b8258bfe643eb89fe9c3438d4e4b5ce1bcfef,WARNING
TRN_001185,AUDIO-CLIPS/positive_sounds/speaker_anush_positive_0034.wav,standardized/positive/positive_000462.wav,positive,TRINETRA,.wav,natural,anush,clean,2.0,16000,1,16,64044,f6496f11c45e3455e06a8f8075791a3c223a2346696908355dd382924f338522,WARNING
TRN_001186,AUDIO-CLIPS/positive_sounds/speaker_anush_positive_0035.wav,standardized/positive/positive_000463.wav,positive,TRINETRA,.wav,natural,anush,clean,2.0,16000,1,16,64044,ffb7bca9f9f5f08ae0d33afa13969c42abd398e5c1d289701e99aebf7db338a0,OK
TRN_001187,AUDIO-CLIPS/positive_sounds/speaker_anush_positive_0036.wav,standardized/positive/positive_000464.wav,positive,TRINETRA,.wav,natural,anush,clean,2.0,16000,1,16,64044,10e4b66d8268d24ca66e2a64155b458377cda9d478570ade68a86ad18a99cd00,WARNING
TRN_001188,AUDIO-CLIPS/positive_sounds/speaker_anush_positive_0037.wav,standardized/positive/positive_000465.wav,positive,TRINETRA,.wav,natural,anush,clean,2.0,16000,1,16,64044,0eba78329f6f5b78d5e0b9b2af93f55b272b8ac421fbd783ebee4d1e2220c6c1,OK
TRN_001189,AUDIO-CLIPS/positive_sounds/speaker_anush_positive_0038.wav,standardized/positive/positive_000466.wav,positive,TRINETRA,.wav,natural,anush,clean,2.0,16000,1,16,64044,8a88cc74c74d4002371d996d5faa5c054f55c6534b635c370b18711b4da44162,WARNING
TRN_001190,AUDIO-CLIPS/positive_sounds/speaker_anush_positive_0039.wav,standardized/positive/positive_000467.wav,positive,TRINETRA,.wav,natural,anush,clean,2.0,16000,1,16,64044,9e483985f5e02eec17fb14e6249df51e18693ffe61625ae6b09de2fc5208963a,WARNING
TRN_001191,AUDIO-CLIPS/positive_sounds/speaker_anush_positive_0040.wav,standardized/positive/positive_000468.wav,positive,TRINETRA,.wav,natural,anush,clean,2.0,16000,1,16,64044,0a8e581bca7c799c2acef3aed66015f2f1ff21f885824595be25ff34a2b66c2e,WARNING
TRN_001192,AUDIO-CLIPS/positive_sounds/speaker_anush_positive_0041.wav,standardized/positive/positive_000469.wav,positive,TRINETRA,.wav,natural,anush,clean,2.0,16000,1,16,64044,cf991b5e5a229f9caaabeb6b4f1d6f34bbbf31bf132af2a9d85b4e125adb7e43,OK
TRN_001193,AUDIO-CLIPS/positive_sounds/speaker_anush_positive_0042.wav,standardized/positive/positive_000470.wav,positive,TRINETRA,.wav,natural,anush,clean,2.0,16000,1,16,64044,abc1f07990832b5c746b015f1cfd7007ac8e030658516819782a1ba9c6301f10,WARNING
TRN_001194,AUDIO-CLIPS/positive_sounds/speaker_anush_positive_0043.wav,standardized/positive/positive_000471.wav,positive,TRINETRA,.wav,natural,anush,clean,2.0,16000,1,16,64044,10294147858e76e38ad351bc240a62a7ae9cde02777644137961eafab71cffc0,WARNING
TRN_001195,AUDIO-CLIPS/positive_sounds/speaker_anush_positive_0044.wav,standardized/positive/positive_000472.wav,positive,TRINETRA,.wav,natural,anush,clean,2.0,16000,1,16,64044,2802d310c8f05c0228343d957d1478e5497561c99ee12ab06dce367183a92419,OK
TRN_001196,AUDIO-CLIPS/positive_sounds/speaker_anush_positive_0045.wav,standardized/positive/positive_000473.wav,positive,TRINETRA,.wav,natural,anush,clean,2.0,16000,1,16,64044,d5927a93832860b370a1593acae2a4ce8c2142b5f4eda737cea8bcbce698a1e2,OK
TRN_001197,AUDIO-CLIPS/positive_sounds/speaker_anush_positive_0046.wav,standardized/positive/positive_000474.wav,positive,TRINETRA,.wav,natural,anush,clean,2.0,16000,1,16,64044,eca098d605d75f038be92ad42043a5b1de48e61256f7e5238047c6d9cff9fb52,WARNING
TRN_001198,AUDIO-CLIPS/positive_sounds/speaker_anush_positive_0047.wav,standardized/positive/positive_000475.wav,positive,TRINETRA,.wav,natural,anush,clean,2.0,16000,1,16,64044,f3a7a2dc4d54e8559c91cbf862c649ecc5e3210a8aee56c8f5160e6716e8aedc,OK
TRN_001199,AUDIO-CLIPS/positive_sounds/speaker_anush_positive_0048.wav,standardized/positive/positive_000476.wav,positive,TRINETRA,.wav,natural,anush,clean,2.0,16000,1,16,64044,2855bfdfae6ee1739df8ef1778e1e70f9568bab68769dbcff8ae85d0b5123b0c,WARNING
TRN_001200,AUDIO-CLIPS/positive_sounds/speaker_anush_positive_0049.wav,standardized/positive/positive_000477.wav,positive,TRINETRA,.wav,natural,anush,clean,2.0,16000,1,16,64044,9b758ae536cf74daaefabfbe03e8e344a139e6d0ea8d343486721b9cbdfa8c5d,WARNING
TRN_001201,AUDIO-CLIPS/positive_sounds/speaker_anush_positive_0050.wav,standardized/positive/positive_000478.wav,positive,TRINETRA,.wav,natural,anush,clean,2.0,16000,1,16,64044,bbad3254abad49bc8b6ad084d5766127ac5c3e1d935f081ab6f0dcb925da259e,WARNING
TRN_001202,AUDIO-CLIPS/positive_sounds/speaker_anush_positive_0051.wav,standardized/positive/positive_000479.wav,positive,TRINETRA,.wav,natural,anush,clean,2.0,16000,1,16,64044,bd8c1d6300890c8876133d3dec0f21a973f8675ff789e5b7e0e99145b3f56582,WARNING
TRN_001203,AUDIO-CLIPS/positive_sounds/speaker_anush_positive_0052.wav,standardized/positive/positive_000480.wav,positive,TRINETRA,.wav,natural,anush,clean,2.0,16000,1,16,64044,0fd67bed29477305e26be573a2d10b4fde42d5feab012dd7cee5204345a72c15,WARNING
TRN_001204,AUDIO-CLIPS/positive_sounds/speaker_anush_positive_0053.wav,standardized/positive/positive_000481.wav,positive,TRINETRA,.wav,natural,anush,clean,2.0,16000,1,16,64044,d8ab455f87812b7dc38a91be2ee2b665d17eef1792d320128729dfedf008b311,WARNING
TRN_001205,AUDIO-CLIPS/positive_sounds/speaker_anush_positive_0054.wav,standardized/positive/positive_000482.wav,positive,TRINETRA,.wav,natural,anush,clean,2.0,16000,1,16,64044,aefad7b665d0136fdcd5e6dc75bd7033bbd5425ab118a98609e4e7bf57cd524e,WARNING
TRN_001206,AUDIO-CLIPS/positive_sounds/speaker_anush_positive_0055.wav,standardized/positive/positive_000483.wav,positive,TRINETRA,.wav,natural,anush,clean,2.0,16000,1,16,64044,15cc8828df5afa1b90abab446f6311c759b66c5ef0e3d87d9e467ea7d51e33b3,WARNING
TRN_001207,AUDIO-CLIPS/positive_sounds/speaker_anush_positive_0056.wav,standardized/positive/positive_000484.wav,positive,TRINETRA,.wav,natural,anush,clean,2.0,16000,1,16,64044,27acae3a86208a6d62c134a30c7ae54e0bae7210e6465278b1f99ee7cef6b810,OK
TRN_001208,AUDIO-CLIPS/positive_sounds/speaker_anush_positive_0057.wav,standardized/positive/positive_000485.wav,positive,TRINETRA,.wav,natural,anush,clean,2.0,16000,1,16,64044,54ccb0834392489cb41f3a36f529291e9fc0fe43d8ea2a343731930c28dc4a2b,OK
TRN_001209,AUDIO-CLIPS/positive_sounds/speaker_anush_positive_0058.wav,standardized/positive/positive_000486.wav,positive,TRINETRA,.wav,natural,anush,clean,2.0,16000,1,16,64044,99d9bebc82b8a34c0825c4dfb76d5c573a9d8b17bd745c5cd29ab1fd44dd5518,OK
TRN_001210,AUDIO-CLIPS/positive_sounds/speaker_anush_positive_0059.wav,standardized/positive/positive_000487.wav,positive,TRINETRA,.wav,natural,anush,clean,2.0,16000,1,16,64044,12b7c5682208d4b0a1f40f7dff6183fe94d69704ef50dbc14295fca00c37fa97,OK
TRN_001211,AUDIO-CLIPS/positive_sounds/speaker_anush_positive_0060.wav,standardized/positive/positive_000488.wav,positive,TRINETRA,.wav,natural,anush,clean,2.0,16000,1,16,64044,dddde14c023a429568670389789b9d8ad0eb16709f3a06efda7ed09765535309,OK
TRN_001212,AUDIO-CLIPS/positive_sounds/speaker_anush_positive_0061.wav,standardized/positive/positive_000489.wav,positive,TRINETRA,.wav,natural,anush,clean,2.0,16000,1,16,64044,2789b972b0910e812bdc32a10ec5e8408598a20cd9857f75be394a2a84e79125,WARNING
TRN_001213,AUDIO-CLIPS/positive_sounds/speaker_anush_positive_0062.wav,standardized/positive/positive_000490.wav,positive,TRINETRA,.wav,natural,anush,clean,2.0,16000,1,16,64044,ce48ac2e4397828d071719b098093e300c785bc03d8a6c2cf8f395477695f980,OK
TRN_001214,AUDIO-CLIPS/positive_sounds/speaker_anush_positive_0063.wav,standardized/positive/positive_000491.wav,positive,TRINETRA,.wav,natural,anush,clean,2.0,16000,1,16,64044,d448d7df878c9c845ed2021909071eb1b3f551b3d04bc5107c13a3f74499f5fc,WARNING
TRN_001215,AUDIO-CLIPS/positive_sounds/speaker_anush_positive_0064.wav,standardized/positive/positive_000492.wav,positive,TRINETRA,.wav,natural,anush,clean,2.0,16000,1,16,64044,db7de8fb497306dd5e8b5c37a825386b2fe2b4675942db6ac9b9d7b79d296ef3,WARNING
TRN_001216,AUDIO-CLIPS/positive_sounds/speaker_anush_positive_0065.wav,standardized/positive/positive_000493.wav,positive,TRINETRA,.wav,natural,anush,clean,2.0,16000,1,16,64044,fe6a1afc1c363aaa7513e3f642198494e7acfdd5729c3e126d103c5bf6775e7a,OK
TRN_001217,AUDIO-CLIPS/positive_sounds/speaker_anush_positive_0066.wav,standardized/positive/positive_000494.wav,positive,TRINETRA,.wav,natural,anush,clean,2.0,16000,1,16,64044,74424c0ad0060a5151fa98f5c31f983d3d0b99c5b2af36e4f109c09fc7927677,WARNING
TRN_001218,AUDIO-CLIPS/positive_sounds/speaker_anush_positive_0067.wav,standardized/positive/positive_000495.wav,positive,TRINETRA,.wav,natural,anush,clean,2.0,16000,1,16,64044,80dd01777d07e131a3dee6e96f0d1937b0bf464f871fb8bdb72bedab6d3948b6,WARNING
TRN_001219,AUDIO-CLIPS/positive_sounds/speaker_anush_positive_0068.wav,standardized/positive/positive_000496.wav,positive,TRINETRA,.wav,natural,anush,clean,2.0,16000,1,16,64044,7ec056e82f2fa52c3aaff8a75af6fbfef354ae7a7544eec042e63211012c535a,WARNING
TRN_001220,AUDIO-CLIPS/positive_sounds/speaker_anush_positive_0069.wav,standardized/positive/positive_000497.wav,positive,TRINETRA,.wav,natural,anush,clean,2.0,16000,1,16,64044,6058d7f5074092ba89d85ff76f57117f63b4b348d082890c29167925a6491d4b,OK
TRN_001221,AUDIO-CLIPS/positive_sounds/speaker_anush_positive_0070.wav,standardized/positive/positive_000498.wav,positive,TRINETRA,.wav,natural,anush,clean,2.0,16000,1,16,64044,bf1e25f3e453d90162e996818d4554968e51d7fced175d7f6be8da97a3f1cd42,OK
TRN_001222,AUDIO-CLIPS/positive_sounds/speaker_anush_positive_0071.wav,standardized/positive/positive_000499.wav,positive,TRINETRA,.wav,natural,anush,clean,2.0,16000,1,16,64044,fff02041b912ffb3a99884b23b5f93a95c01c3d776d804a1f1722a900d5d5668,OK
TRN_001223,AUDIO-CLIPS/positive_sounds/speaker_anush_positive_0072.wav,standardized/positive/positive_000500.wav,positive,TRINETRA,.wav,natural,anush,clean,2.0,16000,1,16,64044,e87df39c977b7f5de1f916587a810ce31b35773e55701d6d9b227f474b26bfac,OK
TRN_001224,AUDIO-CLIPS/positive_sounds/speaker_anush_positive_0073.wav,standardized/positive/positive_000501.wav,positive,TRINETRA,.wav,natural,anush,clean,2.0,16000,1,16,64044,2bf0be1a6c6aeec69be1675c3aa1ef4e8ffe3d9295b207f3647466f44a922743,OK
TRN_001225,AUDIO-CLIPS/positive_sounds/speaker_anush_positive_0074.wav,standardized/positive/positive_000502.wav,positive,TRINETRA,.wav,natural,anush,clean,2.0,16000,1,16,64044,b90cbc39212e535e457961c9be7e25d7ecdf5b0e4c897de5e59b95ddaf20fbdf,OK
TRN_001226,AUDIO-CLIPS/positive_sounds/speaker_bhagya_positive_0001.wav,standardized/positive/positive_000503.wav,positive,TRINETRA,.wav,natural,bhagya,clean,2.0,16000,1,16,64044,4474ae654ef3ff094896fcd46b2b4d124c048c259cec4184725a7b6ce555a9bf,OK
TRN_001227,AUDIO-CLIPS/positive_sounds/speaker_bhagya_positive_0002.wav,standardized/positive/positive_000504.wav,positive,TRINETRA,.wav,natural,bhagya,clean,2.0,16000,1,16,64044,f71756e7758d88c5ec50c26ed0107db4b270afe7721965d45613d975d66d2e0d,WARNING
TRN_001228,AUDIO-CLIPS/positive_sounds/speaker_bhagya_positive_0003.wav,standardized/positive/positive_000505.wav,positive,TRINETRA,.wav,natural,bhagya,clean,2.0,16000,1,16,64044,069603fea17816c887ec726d28f4b6ad0cee228b981d817304cc54a2fab485bb,OK
TRN_001229,AUDIO-CLIPS/positive_sounds/speaker_bhagya_positive_0004.wav,standardized/positive/positive_000506.wav,positive,TRINETRA,.wav,natural,bhagya,clean,2.0,16000,1,16,64044,24a9acb59c1f8b7ae7f96564157a7062dd2de3c575058050bfbdc25e32f47db1,OK
TRN_001230,AUDIO-CLIPS/positive_sounds/speaker_bhagya_positive_0005.wav,standardized/positive/positive_000507.wav,positive,TRINETRA,.wav,natural,bhagya,clean,2.0,16000,1,16,64044,f3384385f2040bbf6a67afa59367cc32a5c0bdbeb1f06d62a4862b39cb799784,OK
TRN_001231,AUDIO-CLIPS/positive_sounds/speaker_bhagya_positive_0006.wav,standardized/positive/positive_000508.wav,positive,TRINETRA,.wav,natural,bhagya,clean,2.0,16000,1,16,64044,8cc18b1d5ba8a167a687793bd369736522c92283c0a88a5d2a2b7c71ea8ce198,OK
TRN_001232,AUDIO-CLIPS/positive_sounds/speaker_bhagya_positive_0007.wav,standardized/positive/positive_000509.wav,positive,TRINETRA,.wav,natural,bhagya,clean,2.0,16000,1,16,64044,2513b3807917a34ac23022a86ae21d8162c793100b4fbbf9c82dcbeb1c0a2b65,OK
TRN_001233,AUDIO-CLIPS/positive_sounds/speaker_bhagya_positive_0008.wav,standardized/positive/positive_000510.wav,positive,TRINETRA,.wav,natural,bhagya,clean,2.0,16000,1,16,64044,84e37f9de9ae30f83857eced51130e4c8aecb7400cf1582848159fa9021c6429,OK
TRN_001234,AUDIO-CLIPS/positive_sounds/speaker_bhagya_positive_0009.wav,standardized/positive/positive_000511.wav,positive,TRINETRA,.wav,natural,bhagya,clean,2.0,16000,1,16,64044,d6efe901cd6f8b819c3cec651f843afd07bd0aecd0131640e9a442c61a95121c,OK
TRN_001235,AUDIO-CLIPS/positive_sounds/speaker_bhagya_positive_0010.wav,standardized/positive/positive_000512.wav,positive,TRINETRA,.wav,natural,bhagya,clean,2.0,16000,1,16,64044,f4808110cc901e30c44a62872e6b6395c0dd688b2766882b92f2f7754eab5431,OK
TRN_001236,AUDIO-CLIPS/positive_sounds/speaker_srinivas_positive_0001.wav,standardized/positive/positive_000513.wav,positive,TRINETRA,.wav,natural,srinivas,clean,2.0,16000,1,16,64044,7e59eba483490efcea0fc6a7c1032e29a39d2eb075f5e76b10901ea8a2dc3c84,WARNING
TRN_001237,AUDIO-CLIPS/positive_sounds/speaker_srinivas_positive_0002.wav,standardized/positive/positive_000514.wav,positive,TRINETRA,.wav,natural,srinivas,clean,2.0,16000,1,16,64044,4940bd94d3832d79c773517b90bd4d632d0e36e045dab103aeb2366a1efaca97,OK
TRN_001238,AUDIO-CLIPS/positive_sounds/speaker_srinivas_positive_0003.wav,standardized/positive/positive_000515.wav,positive,TRINETRA,.wav,natural,srinivas,clean,2.0,16000,1,16,64044,0890514df479f50f4779904d3a39d743b41990fd549f65962e27a2c2d34f2e87,OK
TRN_001239,AUDIO-CLIPS/positive_sounds/speaker_srinivas_positive_0004.wav,standardized/positive/positive_000516.wav,positive,TRINETRA,.wav,natural,srinivas,clean,2.0,16000,1,16,64044,d57c9fa6595d0a94082cfab30dc86f5269d4171ec8bb7cd1634bf01eaddb3d22,OK
TRN_001240,AUDIO-CLIPS/positive_sounds/speaker_srinivas_positive_0005.wav,standardized/positive/positive_000517.wav,positive,TRINETRA,.wav,natural,srinivas,clean,2.0,16000,1,16,64044,387b42c37222b05dd4d1b56aea01fcfe46a486355589add01526a7799ec42e9e,OK
TRN_001241,AUDIO-CLIPS/positive_sounds/speaker_srinivas_positive_0006.wav,standardized/positive/positive_000518.wav,positive,TRINETRA,.wav,natural,srinivas,clean,2.0,16000,1,16,64044,91afead8b2acc14be99da575825a28e76a7bab83457a1181c03ed283bc0d15f1,OK
TRN_001242,AUDIO-CLIPS/positive_sounds/speaker_srinivas_positive_0007.wav,standardized/positive/positive_000519.wav,positive,TRINETRA,.wav,natural,srinivas,clean,2.0,16000,1,16,64044,a6f3a3193ffc3b483ea41fa7c605247db9ef60fa93f8db7c8712611db24c93cf,OK
TRN_001243,AUDIO-CLIPS/positive_sounds/speaker_srinivas_positive_0008.wav,standardized/positive/positive_000520.wav,positive,TRINETRA,.wav,natural,srinivas,clean,2.0,16000,1,16,64044,b52bba7350f4d2637bc9603d86611a452d72e2c856a074a7f68474b62680b30c,OK
TRN_001244,AUDIO-CLIPS/positive_sounds/speaker_srinivas_positive_0009.wav,standardized/positive/positive_000521.wav,positive,TRINETRA,.wav,natural,srinivas,clean,2.0,16000,1,16,64044,b10534c3047ee5c744a733dc156eed831a79b719c010e6b712ed0224d2f95f2f,OK
TRN_001245,AUDIO-CLIPS/positive_sounds/speaker_srinivas_positive_0010.wav,standardized/positive/positive_000522.wav,positive,TRINETRA,.wav,natural,srinivas,clean,2.0,16000,1,16,64044,c61132daf4ece3d9bbef2d1a60269f5e1ccbcde51f42d72c526ae962b718b820,WARNING
TRN_001246,AUDIO-CLIPS/positive_sounds/speaker_srinivas_positive_0011.wav,standardized/positive/positive_000523.wav,positive,TRINETRA,.wav,natural,srinivas,clean,2.0,16000,1,16,64044,06121490f07ed29da304cf81877cadb3b417fc987c564ad467f97bd9a1091f84,OK
TRN_001247,AUDIO-CLIPS/positive_sounds/speaker_srinivas_positive_0012.wav,standardized/positive/positive_000524.wav,positive,TRINETRA,.wav,natural,srinivas,clean,2.0,16000,1,16,64044,929f324430a024979311822e1d43621f8c0127414255bcd80bcd6269c75050b6,OK
TRN_001248,AUDIO-CLIPS/positive_sounds/speaker_srinivas_positive_0013.wav,standardized/positive/positive_000525.wav,positive,TRINETRA,.wav,natural,srinivas,clean,2.0,16000,1,16,64044,555cc5ffab731ccfb9495808465fec31509b62e27e4841ea46300c8e7dd65f48,OK
TRN_001249,AUDIO-CLIPS/positive_sounds/speaker_srinivas_positive_0014.wav,standardized/positive/positive_000526.wav,positive,TRINETRA,.wav,natural,srinivas,clean,2.0,16000,1,16,64044,50df5801dfb4d6fed8a2bab5bcbf26c682d6993d18757c7662fae3b04157179d,OK
TRN_001250,AUDIO-CLIPS/positive_sounds/speaker_srinivas_positive_0015.wav,standardized/positive/positive_000527.wav,positive,TRINETRA,.wav,natural,srinivas,clean,2.0,16000,1,16,64044,1c3d0cac90041d4c8666302c1ea12df5aaa5b31f3e21ac85a5874ae5c38962ca,OK
TRN_001251,AUDIO-CLIPS/positive_sounds/speaker_srinivas_positive_0016.wav,standardized/positive/positive_000528.wav,positive,TRINETRA,.wav,natural,srinivas,clean,2.0,16000,1,16,64044,2c7cda1d10e84fedb2ffb55b069f08154d03417cfb053bad8229eb3075e0cea1,WARNING
TRN_001252,AUDIO-CLIPS/positive_sounds/speaker_srinivas_positive_0017.wav,standardized/positive/positive_000529.wav,positive,TRINETRA,.wav,natural,srinivas,clean,2.0,16000,1,16,64044,50693d071b0cc900380be4c41f0af8aa9394b2120c4e4c91c70936cc0231eacd,OK
TRN_001253,AUDIO-CLIPS/positive_sounds/speaker_srinivas_positive_0018.wav,standardized/positive/positive_000530.wav,positive,TRINETRA,.wav,natural,srinivas,clean,2.0,16000,1,16,64044,8ab544172f1c765777088d8ca89f65b0fb3f925d4d428b31f203f9f97ed80cdb,WARNING
TRN_001254,AUDIO-CLIPS/positive_sounds/speaker_srinivas_positive_0019.wav,standardized/positive/positive_000531.wav,positive,TRINETRA,.wav,natural,srinivas,clean,2.0,16000,1,16,64044,f748cd52ae1e24872202d95ab961c4093082fa8709118155c3b2250fd2468133,OK
TRN_001255,AUDIO-CLIPS/positive_sounds/speaker_srinivas_positive_0020.wav,standardized/positive/positive_000532.wav,positive,TRINETRA,.wav,natural,srinivas,clean,2.0,16000,1,16,64044,1ceb2cce5d2e41869b645de9563fd136b29c8ce5de9fb7069f7f634943978bda,WARNING
TRN_001256,AUDIO-CLIPS/positive_sounds/speaker_srinivas_positive_0021.wav,standardized/positive/positive_000533.wav,positive,TRINETRA,.wav,natural,srinivas,clean,2.0,16000,1,16,64044,056233b112293784b4776e5c32bd651f87fc54fb8614b2757d57d0fc5828532a,WARNING
TRN_001257,AUDIO-CLIPS/positive_sounds/speaker_srinivas_positive_0022.wav,standardized/positive/positive_000534.wav,positive,TRINETRA,.wav,natural,srinivas,clean,2.0,16000,1,16,64044,58d44165bd15b0f9f844b11ac6aab389eec66ea271c1861b369c3de250dcdf89,OK
TRN_001258,AUDIO-CLIPS/positive_sounds/speaker_srinivas_positive_0023.wav,standardized/positive/positive_000535.wav,positive,TRINETRA,.wav,natural,srinivas,clean,2.0,16000,1,16,64044,1349f9571d0f5f517a2b232d73a04bc16150dd5b5001a77551cfe095dde82f5a,OK
TRN_001259,AUDIO-CLIPS/positive_sounds/speaker_srinivas_positive_0024.wav,standardized/positive/positive_000536.wav,positive,TRINETRA,.wav,natural,srinivas,clean,2.0,16000,1,16,64044,d1658e43727bb49296e5c48bcc7d90f01ca8658e3651d532f837fe9d8b645c89,OK
TRN_001260,AUDIO-CLIPS/positive_sounds/speaker_srinivas_positive_0025.wav,standardized/positive/positive_000537.wav,positive,TRINETRA,.wav,natural,srinivas,clean,2.0,16000,1,16,64044,3599346dbf50341c748d50975d38206afdbb34ff806f50eea5fe5be4426e8c5c,OK
TRN_001261,AUDIO-CLIPS/positive_sounds/speaker_srinivas_positive_0026.wav,standardized/positive/positive_000538.wav,positive,TRINETRA,.wav,natural,srinivas,clean,2.0,16000,1,16,64044,b512f2cbdd225449d7fe745934b230dd00a7d02e4f9e538e3275089c5d4e61bf,OK
TRN_001262,AUDIO-CLIPS/positive_sounds/speaker_srinivas_positive_0027.wav,standardized/positive/positive_000539.wav,positive,TRINETRA,.wav,natural,srinivas,clean,2.0,16000,1,16,64044,b9e88dcaf44b955b0fc1a89f3d7fed44c241577c2e08e0a286806d2ec9a9e30f,OK
TRN_001263,AUDIO-CLIPS/positive_sounds/speaker_srinivas_positive_0028.wav,standardized/positive/positive_000540.wav,positive,TRINETRA,.wav,natural,srinivas,clean,2.0,16000,1,16,64044,bf5d84756f8fde22f4e35fc7835e6396d224646f80cc9e69306ee0da8a6ada14,OK
TRN_001264,AUDIO-CLIPS/positive_sounds/speaker_srinivas_positive_0029.wav,standardized/positive/positive_000541.wav,positive,TRINETRA,.wav,natural,srinivas,clean,2.0,16000,1,16,64044,c57505b2847934abd948791bdb663a3db5c677b0bc5f7e910886e80083758b52,OK
TRN_001265,AUDIO-CLIPS/positive_sounds/speaker_srinivas_positive_0030.wav,standardized/positive/positive_000542.wav,positive,TRINETRA,.wav,natural,srinivas,clean,2.0,16000,1,16,64044,b6827dcd93b4308557f1aee31286ade7886620eece99b493a77c48f520599aac,OK
TRN_001266,AUDIO-CLIPS/positive_sounds/speaker_srinivas_positive_0031.wav,standardized/positive/positive_000543.wav,positive,TRINETRA,.wav,natural,srinivas,clean,2.0,16000,1,16,64044,0fee65480d00595dcc589c1f021a60f0075d38245ab00a361177d8f237c7fd72,WARNING
TRN_001267,AUDIO-CLIPS/similar_sounds/Road Number 1 100.m4a,standardized/similar/similar_000001.wav,similar,UNKNOWN,.m4a,natural,unknown,clean,1.3854,16000,1,16,44376,af1a6aa5bda02f402e928fc9f26500837bf4104f92884bab1db2648e14578f52,OK
TRN_001268,AUDIO-CLIPS/similar_sounds/Road Number 1 101.m4a,standardized/similar/similar_000002.wav,similar,UNKNOWN,.m4a,natural,unknown,clean,0.8734,16000,1,16,27992,508566f3ebe4193303975ea205a08f8591617f616c26f284ad5ee4d2a182fd5f,OK
TRN_001269,AUDIO-CLIPS/similar_sounds/Road Number 1 103.m4a,standardized/similar/similar_000003.wav,similar,UNKNOWN,.m4a,natural,unknown,clean,0.788,16000,1,16,25260,9cfd57e744ba9c386cf551e6afae533731a84bd20f74d0723b9b30aeb0297e0d,OK
TRN_001270,AUDIO-CLIPS/similar_sounds/Road Number 1 104.m4a,standardized/similar/similar_000004.wav,similar,UNKNOWN,.m4a,natural,unknown,clean,1.1294,16000,1,16,36184,0c9d4b138b5a131592bc0ecb483465d78f9f286e831fe439a4867b09943fa702,OK
TRN_001271,AUDIO-CLIPS/similar_sounds/Road Number 1 106.m4a,standardized/similar/similar_000005.wav,similar,UNKNOWN,.m4a,natural,unknown,clean,0.788,16000,1,16,25260,a4202318c8f1354c80f6a245d2a1182858465019cb0b531ccaf27bdb3ac795cd,OK
TRN_001272,AUDIO-CLIPS/similar_sounds/Road Number 1 107.m4a,standardized/similar/similar_000006.wav,similar,UNKNOWN,.m4a,natural,unknown,clean,1.3,16000,1,16,41644,044dfe8b675986baf759cbd611258cce66ea6d93a767893933a4e7e26cbac0f4,OK
TRN_001273,AUDIO-CLIPS/similar_sounds/Road Number 1 109.m4a,standardized/similar/similar_000007.wav,similar,UNKNOWN,.m4a,natural,unknown,clean,1.3,16000,1,16,41644,d79fdd1a764a332c829057da62c7711bd6c720c81ab584eb34ffa01ca4eed44a,OK
TRN_001274,AUDIO-CLIPS/similar_sounds/Road Number 1 11.m4a,standardized/similar/similar_000008.wav,similar,UNKNOWN,.m4a,natural,unknown,clean,0.788,16000,1,16,25260,bda2e7cd8bcc4f222c608f36aa6532d1f944eaecd5568b37864c3c0437c9a330,OK
TRN_001275,AUDIO-CLIPS/similar_sounds/Road Number 1 110.m4a,standardized/similar/similar_000009.wav,similar,UNKNOWN,.m4a,natural,unknown,clean,1.3,16000,1,16,41644,90525ceee9bd1ade554f97f77a1c6f146011da465faaf6b7138ba729c0aa5ff1,OK
TRN_001276,AUDIO-CLIPS/similar_sounds/Road Number 1 112.m4a,standardized/similar/similar_000010.wav,similar,UNKNOWN,.m4a,natural,unknown,clean,1.2147,16000,1,16,38914,da5e49c05cb1717abd799fbe99c82a674a9d75b6ee5cd19f716ce8edbc6ad4b4,OK
TRN_001277,AUDIO-CLIPS/similar_sounds/Road Number 1 113.m4a,standardized/similar/similar_000011.wav,similar,UNKNOWN,.m4a,natural,unknown,clean,1.4707,16000,1,16,47106,0e258e5640bab2ca85ed4786aea71773947b7a855d57918c3906cd74f65cd409,OK
TRN_001278,AUDIO-CLIPS/similar_sounds/Road Number 1 115.m4a,standardized/similar/similar_000012.wav,similar,UNKNOWN,.m4a,natural,unknown,clean,1.556,16000,1,16,49836,f2dc0dc9003723da04349ffe5460b6c61dff26901bab592ebcbcfb9b9b0d973c,OK
TRN_001279,AUDIO-CLIPS/similar_sounds/Road Number 1 116.m4a,standardized/similar/similar_000013.wav,similar,UNKNOWN,.m4a,natural,unknown,clean,0.788,16000,1,16,25260,d442ec102e84b172dfd03602e31ddd248c06d6d2675dec5b8fd490a6931f6bef,OK
TRN_001280,AUDIO-CLIPS/similar_sounds/Road Number 1 118.m4a,standardized/similar/similar_000014.wav,similar,UNKNOWN,.m4a,natural,unknown,clean,0.788,16000,1,16,25260,5abb294174f2397ecfa3e12ef11250ad76b07f3b547067c400d2ac41a1a9cacb,OK
TRN_001281,AUDIO-CLIPS/similar_sounds/Road Number 1 119.m4a,standardized/similar/similar_000015.wav,similar,UNKNOWN,.m4a,natural,unknown,clean,1.1294,16000,1,16,36184,27beef6d815aa10f3e606c8edf23800c0aa5abaa883740caf48eb3b13c61e8a5,OK
TRN_001282,AUDIO-CLIPS/similar_sounds/Road Number 1 12.m4a,standardized/similar/similar_000016.wav,similar,UNKNOWN,.m4a,natural,unknown,clean,1.044,16000,1,16,33452,b307f52fb82092a9a3a01353b91a3ac11bcbf7a5e64893057fa65fda67fb001f,OK
TRN_001283,AUDIO-CLIPS/similar_sounds/Road Number 1 121.m4a,standardized/similar/similar_000017.wav,similar,UNKNOWN,.m4a,natural,unknown,clean,0.9587,16000,1,16,30722,63df62cd9d776e8df8ccdf2bdec70bd327c25cd6cba4ec054598b275b8881faa,OK
TRN_001284,AUDIO-CLIPS/similar_sounds/Road Number 1 122.m4a,standardized/similar/similar_000018.wav,similar,UNKNOWN,.m4a,natural,unknown,clean,1.044,16000,1,16,33452,a3263953e063d1e1d3eae6aca6da3c6dfb95d5982e9e881a3000d193008fb7d2,OK
TRN_001285,AUDIO-CLIPS/similar_sounds/Road Number 1 124.m4a,standardized/similar/similar_000019.wav,similar,UNKNOWN,.m4a,natural,unknown,clean,1.2147,16000,1,16,38914,5e5e65584eb6351201c897fc9d8f2a279244c76fec7060a135456e6ed8f4f186,OK
TRN_001286,AUDIO-CLIPS/similar_sounds/Road Number 1 125.m4a,standardized/similar/similar_000020.wav,similar,UNKNOWN,.m4a,natural,unknown,clean,0.9587,16000,1,16,30722,fe4ebefc8c28a29d1772ef1c433ce296d2c3dd6632ff7d9dedd105c045e375fc,OK
TRN_001287,AUDIO-CLIPS/similar_sounds/Road Number 1 127.m4a,standardized/similar/similar_000021.wav,similar,UNKNOWN,.m4a,natural,unknown,clean,0.9587,16000,1,16,30722,f58c018ecc71f7758f5554cfa82dfdcb53d69fffff4dd82714eec793803d097f,OK
TRN_001288,AUDIO-CLIPS/similar_sounds/Road Number 1 128.m4a,standardized/similar/similar_000022.wav,similar,UNKNOWN,.m4a,natural,unknown,clean,1.044,16000,1,16,33452,eb9e49cfd29a0a1e4841b3e0138540f7200f31d4dce577627203dffe188d0c2e,OK
TRN_001289,AUDIO-CLIPS/similar_sounds/Road Number 1 130.m4a,standardized/similar/similar_000023.wav,similar,UNKNOWN,.m4a,natural,unknown,clean,1.2147,16000,1,16,38914,f98297e39b4cd2a85f9bf54a4f31eebe1a226fc0cc533d00b608b1a9d2712bf1,OK
TRN_001290,AUDIO-CLIPS/similar_sounds/Road Number 1 131.m4a,standardized/similar/similar_000024.wav,similar,UNKNOWN,.m4a,natural,unknown,clean,0.8734,16000,1,16,27992,efd840f2d90cb724ead70a32ed939fa410f9c0aba8369ab4c78a459f6317998c,OK
TRN_001291,AUDIO-CLIPS/similar_sounds/Road Number 1 133.m4a,standardized/similar/similar_000025.wav,similar,UNKNOWN,.m4a,natural,unknown,clean,1.3,16000,1,16,41644,c6edad67d8470ea3beb1609565fc24277ba52934fe9299dcf5b2b2bd3a59fc2c,OK
TRN_001292,AUDIO-CLIPS/similar_sounds/Road Number 1 134.m4a,standardized/similar/similar_000026.wav,similar,UNKNOWN,.m4a,natural,unknown,clean,1.2147,16000,1,16,38914,3d6043c4bbd334ffcce7698c98f92965dabab00d0bc545475a06d90155618a52,OK
TRN_001293,AUDIO-CLIPS/similar_sounds/Road Number 1 136.m4a,standardized/similar/similar_000027.wav,similar,UNKNOWN,.m4a,natural,unknown,clean,1.044,16000,1,16,33452,d8fd0781010d103db57eca59e4ecd1be927a5dbefecb108e7f755dfde90fb750,OK
TRN_001294,AUDIO-CLIPS/similar_sounds/Road Number 1 137.m4a,standardized/similar/similar_000028.wav,similar,UNKNOWN,.m4a,natural,unknown,clean,1.2147,16000,1,16,38914,ff802c06b752ab0a6a78336b9944c07544c126710507ec20c56436ce775b90c0,OK
TRN_001295,AUDIO-CLIPS/similar_sounds/Road Number 1 139.m4a,standardized/similar/similar_000029.wav,similar,UNKNOWN,.m4a,natural,unknown,clean,1.3,16000,1,16,41644,b18be4d9ecae6724d381a5644559a06ed6e354490a5094c1a60f0417df057655,OK
TRN_001296,AUDIO-CLIPS/similar_sounds/Road Number 1 14.m4a,standardized/similar/similar_000030.wav,similar,UNKNOWN,.m4a,natural,unknown,clean,1.3854,16000,1,16,44376,0509cae83c788baefa047259206bbe9879d1ecf72cf8017dc657c20d163d9dc1,OK
TRN_001297,AUDIO-CLIPS/similar_sounds/Road Number 1 140.m4a,standardized/similar/similar_000031.wav,similar,UNKNOWN,.m4a,natural,unknown,clean,1.3,16000,1,16,41644,bffb6329ab4b86e3e2ed603773f42372be8fcb286c96c6465a5a347b6d9b09ba,OK
TRN_001298,AUDIO-CLIPS/similar_sounds/Road Number 1 142.m4a,standardized/similar/similar_000032.wav,similar,UNKNOWN,.m4a,natural,unknown,clean,0.8734,16000,1,16,27992,10a593ed8681cbcee2e92e1c823cb5b8d9fb86f0b283d86a508622a059288b59,OK
TRN_001299,AUDIO-CLIPS/similar_sounds/Road Number 1 143.m4a,standardized/similar/similar_000033.wav,similar,UNKNOWN,.m4a,natural,unknown,clean,1.1294,16000,1,16,36184,7275b0afa961b46d0fcd2b5738c2ec7a827082562bddb6212b09fbe05e5fe778,OK
TRN_001300,AUDIO-CLIPS/similar_sounds/Road Number 1 145.m4a,standardized/similar/similar_000034.wav,similar,UNKNOWN,.m4a,natural,unknown,clean,0.9587,16000,1,16,30722,f5b76658afec230c091f34472eb855483498ab80df6abee4cad7e66bdc0348c8,OK
TRN_001301,AUDIO-CLIPS/similar_sounds/Road Number 1 146.m4a,standardized/similar/similar_000035.wav,similar,UNKNOWN,.m4a,natural,unknown,clean,1.556,16000,1,16,49836,08789ddb768806bd23b4b41f8cc60b6a0afd9c6ccbdbb0db6c619e1120be7411,OK
TRN_001302,AUDIO-CLIPS/similar_sounds/Road Number 1 148.m4a,standardized/similar/similar_000036.wav,similar,UNKNOWN,.m4a,natural,unknown,clean,0.8734,16000,1,16,27992,22cc3b7e2738458855d3bd2e92c6b908d24af1c4dd204a51f31521a7764f37f0,OK
TRN_001303,AUDIO-CLIPS/similar_sounds/Road Number 1 149.m4a,standardized/similar/similar_000037.wav,similar,UNKNOWN,.m4a,natural,unknown,clean,0.9587,16000,1,16,30722,575f9162902f6f7c168483b5d7362eb31a63b2d52efe8635336195ac85024311,OK
TRN_001304,AUDIO-CLIPS/similar_sounds/Road Number 1 15.m4a,standardized/similar/similar_000038.wav,similar,UNKNOWN,.m4a,natural,unknown,clean,1.2147,16000,1,16,38914,10c1439834355aa8749fc1f41106bf74138abb4ad659595370735ca241ec5385,OK
TRN_001305,AUDIO-CLIPS/similar_sounds/Road Number 1 151.m4a,standardized/similar/similar_000039.wav,similar,UNKNOWN,.m4a,natural,unknown,clean,1.2147,16000,1,16,38914,9dacbf5c3477fcd0ad3a7acc0d87b44ad2b9c964b8c13c130293bcfbb8728b07,OK
TRN_001306,AUDIO-CLIPS/similar_sounds/Road Number 1 152.m4a,standardized/similar/similar_000040.wav,similar,UNKNOWN,.m4a,natural,unknown,clean,0.9587,16000,1,16,30722,f9e1a6e034a1796ffe683aa4af56aaa7570b4f0734a5738c8afd2303c9862fdf,OK
TRN_001307,AUDIO-CLIPS/similar_sounds/Road Number 1 154.m4a,standardized/similar/similar_000041.wav,similar,UNKNOWN,.m4a,natural,unknown,clean,0.8734,16000,1,16,27992,bb39806734dfba248f0f558ccf04bf4e9262d3e1be36c4209ce0fa457c03055c,OK
TRN_001308,AUDIO-CLIPS/similar_sounds/Road Number 1 155.m4a,standardized/similar/similar_000042.wav,similar,UNKNOWN,.m4a,natural,unknown,clean,1.4707,16000,1,16,47106,2e75ca9440b086fe13f9f953cc550be01faf5260e887b2b0b63f88bd3b934842,OK
TRN_001309,AUDIO-CLIPS/similar_sounds/Road Number 1 157.m4a,standardized/similar/similar_000043.wav,similar,UNKNOWN,.m4a,natural,unknown,clean,1.1294,16000,1,16,36184,589b3a303dffd18364357d30a99f47285143e91b908be6a5dd2be957ca74dfbc,OK
TRN_001310,AUDIO-CLIPS/similar_sounds/Road Number 1 158.m4a,standardized/similar/similar_000044.wav,similar,UNKNOWN,.m4a,natural,unknown,clean,1.556,16000,1,16,49836,2e585f1113ef61d70e8d3143cfa6885dcb94b05ece9fe166218ed42def41a226,OK
TRN_001311,AUDIO-CLIPS/similar_sounds/Road Number 1 160.m4a,standardized/similar/similar_000045.wav,similar,UNKNOWN,.m4a,natural,unknown,clean,1.3,16000,1,16,41644,7098b6d4bbd9fb1385074aa8c0cfa17933080324ed24753eb9bb560debd0782f,OK
TRN_001312,AUDIO-CLIPS/similar_sounds/Road Number 1 161.m4a,standardized/similar/similar_000046.wav,similar,UNKNOWN,.m4a,natural,unknown,clean,1.044,16000,1,16,33452,779596444be4cd353aa0e5f7a4e73a380767cfa4aa7a59c71cf29e2574317ee1,OK
TRN_001313,AUDIO-CLIPS/similar_sounds/Road Number 1 163.m4a,standardized/similar/similar_000047.wav,similar,UNKNOWN,.m4a,natural,unknown,clean,1.044,16000,1,16,33452,be2f02788fed081481c90f39b332976c1c5a6ca6813843eb311b17d96f3046e0,OK
TRN_001314,AUDIO-CLIPS/similar_sounds/Road Number 1 164.m4a,standardized/similar/similar_000048.wav,similar,UNKNOWN,.m4a,natural,unknown,clean,1.3,16000,1,16,41644,a629d7c0360659882a05f71896ffcc9ca2f44b2504ebfe7e09e1ee255e1209c5,OK
TRN_001315,AUDIO-CLIPS/similar_sounds/Road Number 1 166.m4a,standardized/similar/similar_000049.wav,similar,UNKNOWN,.m4a,natural,unknown,clean,1.3,16000,1,16,41644,caafce8ff2e2ee9c0520c8bc7a434a9a70152204d8166a30fdc22696f73fcbc5,OK
TRN_001316,AUDIO-CLIPS/similar_sounds/Road Number 1 167.m4a,standardized/similar/similar_000050.wav,similar,UNKNOWN,.m4a,natural,unknown,clean,1.556,16000,1,16,49836,8caadbdbe93afb4e3329a46bb866632e8337a950360dacd97f625947146763c2,OK
TRN_001317,AUDIO-CLIPS/similar_sounds/Road Number 1 168.m4a,standardized/similar/similar_000051.wav,similar,UNKNOWN,.m4a,natural,unknown,clean,1.6414,16000,1,16,52568,2884b2a053a8b016a1471789588fa0f3a1787bd35943485aa0110e2e42c243c3,OK
TRN_001318,AUDIO-CLIPS/similar_sounds/Road Number 1 169.m4a,standardized/similar/similar_000052.wav,similar,UNKNOWN,.m4a,natural,unknown,clean,1.044,16000,1,16,33452,8e3e78a22446008955df0f6c0f9b0cd7e7b0359a26f93dc53aaaa05ad55c1a0f,OK
TRN_001319,AUDIO-CLIPS/similar_sounds/Road Number 1 17.m4a,standardized/similar/similar_000053.wav,similar,UNKNOWN,.m4a,natural,unknown,clean,1.2147,16000,1,16,38914,6d97ba1a7599dcd2cb16df52351387e908fbfe638d1d97aa703e713a13f174b6,OK
TRN_001320,AUDIO-CLIPS/similar_sounds/Road Number 1 18.m4a,standardized/similar/similar_000054.wav,similar,UNKNOWN,.m4a,natural,unknown,clean,0.8734,16000,1,16,27992,55443d063f8464c1df7075e444e0827a70c2d3cada1205bfa0298f04ec0da7ae,OK
TRN_001321,AUDIO-CLIPS/similar_sounds/Road Number 1 2.m4a,standardized/similar/similar_000055.wav,similar,UNKNOWN,.m4a,natural,unknown,clean,0.9587,16000,1,16,30722,3b44dd3656ddad8578083b96eded9cd4999db9c6725db61528d4c1d9b12949a2,OK
TRN_001322,AUDIO-CLIPS/similar_sounds/Road Number 1 20.m4a,standardized/similar/similar_000056.wav,similar,UNKNOWN,.m4a,natural,unknown,clean,0.788,16000,1,16,25260,40d5ff75d0bc5bf0c3ce0a36cc639e08c8dff9d61362fbea0d37bf218eb0bdde,OK
TRN_001323,AUDIO-CLIPS/similar_sounds/Road Number 1 21.m4a,standardized/similar/similar_000057.wav,similar,UNKNOWN,.m4a,natural,unknown,clean,1.3854,16000,1,16,44376,467aa74d9a4731de7db839116304d46df309cd09c036374aa7e89adaab87698c,OK
TRN_001324,AUDIO-CLIPS/similar_sounds/Road Number 1 23.m4a,standardized/similar/similar_000058.wav,similar,UNKNOWN,.m4a,natural,unknown,clean,0.7027,16000,1,16,22530,267c26df0a101fa40b7b7bc07c0817cc6c8a06d8d643110a1014553cf24a74bc,OK
TRN_001325,AUDIO-CLIPS/similar_sounds/Road Number 1 24.m4a,standardized/similar/similar_000059.wav,similar,UNKNOWN,.m4a,natural,unknown,clean,0.9587,16000,1,16,30722,d9f5d4fc564ec2da983d98642b12ccc126ddb3473c87d42b32eddf94fed95165,OK
TRN_001326,AUDIO-CLIPS/similar_sounds/Road Number 1 26.m4a,standardized/similar/similar_000060.wav,similar,UNKNOWN,.m4a,natural,unknown,clean,0.8734,16000,1,16,27992,b695b944c7c20273f7e20da26ee0b3e4ecef0ea6574ad67ee553c519f50b6861,OK
TRN_001327,AUDIO-CLIPS/similar_sounds/Road Number 1 27.m4a,standardized/similar/similar_000061.wav,similar,UNKNOWN,.m4a,natural,unknown,clean,1.2147,16000,1,16,38914,10f6faad0089dd9f0a38808048542f5d04343c8f37425c37ae53a56143906b9c,OK
TRN_001328,AUDIO-CLIPS/similar_sounds/Road Number 1 29.m4a,standardized/similar/similar_000062.wav,similar,UNKNOWN,.m4a,natural,unknown,clean,1.3,16000,1,16,41644,8ffaeaae3680fcf169e8b75672a53313862932fa990929fef4fd256eb4f380d4,OK
TRN_001329,AUDIO-CLIPS/similar_sounds/Road Number 1 3.m4a,standardized/similar/similar_000063.wav,similar,UNKNOWN,.m4a,natural,unknown,clean,0.788,16000,1,16,25260,f3b22c571aee77cd1aeb304048a88d5a6974254d116320e1d8b281044a33014c,OK
TRN_001330,AUDIO-CLIPS/similar_sounds/Road Number 1 30.m4a,standardized/similar/similar_000064.wav,similar,UNKNOWN,.m4a,natural,unknown,clean,1.6414,16000,1,16,52568,af00a846a9694bac00fc1a23aafacde83aaf94d33a525081284d378b6f1740c9,OK
TRN_001331,AUDIO-CLIPS/similar_sounds/Road Number 1 32.m4a,standardized/similar/similar_000065.wav,similar,UNKNOWN,.m4a,natural,unknown,clean,1.556,16000,1,16,49836,c30f3f26e2e890f0680de68d6247d58968ee9c5ae4401f463d451d06a145d239,OK
TRN_001332,AUDIO-CLIPS/similar_sounds/Road Number 1 33.m4a,standardized/similar/similar_000066.wav,similar,UNKNOWN,.m4a,natural,unknown,clean,1.3,16000,1,16,41644,55fda9692aa8aa1f12f75f0ecfb5fdcfa1c9a9152f2dd6e1cacc49776b10dd7b,OK
TRN_001333,AUDIO-CLIPS/similar_sounds/Road Number 1 35.m4a,standardized/similar/similar_000067.wav,similar,UNKNOWN,.m4a,natural,unknown,clean,1.6414,16000,1,16,52568,38844064cb0033d40921d1fe817bd73f04ed3d70fa16439583f305d536845be0,OK
TRN_001334,AUDIO-CLIPS/similar_sounds/Road Number 1 36.m4a,standardized/similar/similar_000068.wav,similar,UNKNOWN,.m4a,natural,unknown,clean,1.3854,16000,1,16,44376,cfdd5a0c7675fcfe858b6d32196818f289f0a63691bd6ae55593f81f68b285fe,OK
TRN_001335,AUDIO-CLIPS/similar_sounds/Road Number 1 38.m4a,standardized/similar/similar_000069.wav,similar,UNKNOWN,.m4a,natural,unknown,clean,1.1294,16000,1,16,36184,9b5078e782a8a5ae79431cc82c9e795f96f4e6c5139b846dd3d0ecf5578bc7fe,OK
TRN_001336,AUDIO-CLIPS/similar_sounds/Road Number 1 39.m4a,standardized/similar/similar_000070.wav,similar,UNKNOWN,.m4a,natural,unknown,clean,1.1294,16000,1,16,36184,90650f23b71f96fffacca30b0f9b27f8b3dcadf68e08e93adf60119f101237af,OK
TRN_001337,AUDIO-CLIPS/similar_sounds/Road Number 1 41.m4a,standardized/similar/similar_000071.wav,similar,UNKNOWN,.m4a,natural,unknown,clean,1.1294,16000,1,16,36184,90b79412e7871b385b385170f6e7b9a653d21a89d9acd047dfef6082cc4b11e6,OK
TRN_001338,AUDIO-CLIPS/similar_sounds/Road Number 1 42.m4a,standardized/similar/similar_000072.wav,similar,UNKNOWN,.m4a,natural,unknown,clean,1.044,16000,1,16,33452,80a7fe4676d26a0bd7a2e364bc6519cdde9967422f977e67dcdca885a069aceb,OK
TRN_001339,AUDIO-CLIPS/similar_sounds/Road Number 1 44.m4a,standardized/similar/similar_000073.wav,similar,UNKNOWN,.m4a,natural,unknown,clean,1.1294,16000,1,16,36184,11b2d59f816833c8a18a5ea0c97694db76dcb4e341f7ce3bf32e2c35d608fbb5,OK
TRN_001340,AUDIO-CLIPS/similar_sounds/Road Number 1 45.m4a,standardized/similar/similar_000074.wav,similar,UNKNOWN,.m4a,natural,unknown,clean,0.8734,16000,1,16,27992,e538a68f53fee75f4f0b563ad798ea7eaca7d70e6442b4ea9fad0b95f21018b3,OK
TRN_001341,AUDIO-CLIPS/similar_sounds/Road Number 1 47.m4a,standardized/similar/similar_000075.wav,similar,UNKNOWN,.m4a,natural,unknown,clean,1.2147,16000,1,16,38914,a9502cba3d05a26663694a595d2a36f7b0f9b4c727dd36f72724bb1ea8815774,OK
TRN_001342,AUDIO-CLIPS/similar_sounds/Road Number 1 48.m4a,standardized/similar/similar_000076.wav,similar,UNKNOWN,.m4a,natural,unknown,clean,1.3,16000,1,16,41644,3ebd48d08bb8a8e08d80a6f6f8d4933c292116146f4a40e2701efe2bbd24b305,OK
TRN_001343,AUDIO-CLIPS/similar_sounds/Road Number 1 5.m4a,standardized/similar/similar_000077.wav,similar,UNKNOWN,.m4a,natural,unknown,clean,0.788,16000,1,16,25260,36afd9379b1055bae59a83381e57b7ff9ef865fa50b368b5735a9b3bfcf9c9ac,OK
TRN_001344,AUDIO-CLIPS/similar_sounds/Road Number 1 50.m4a,standardized/similar/similar_000078.wav,similar,UNKNOWN,.m4a,natural,unknown,clean,0.8734,16000,1,16,27992,44e641953c25ef70ea380541233b3dd807eb8a94aeec56f3753da75001a1ee46,OK
TRN_001345,AUDIO-CLIPS/similar_sounds/Road Number 1 51.m4a,standardized/similar/similar_000079.wav,similar,UNKNOWN,.m4a,natural,unknown,clean,1.4707,16000,1,16,47106,ec3b8c0355381fd3734e892ed197a1bf66109e9eefca8d51eb8c9dc7b8503c6c,OK
TRN_001346,AUDIO-CLIPS/similar_sounds/Road Number 1 53.m4a,standardized/similar/similar_000080.wav,similar,UNKNOWN,.m4a,natural,unknown,clean,0.8734,16000,1,16,27992,4263dc7cd7f6f5011db9209d3bcef5ddaff52a7599a57fa98f4e7fd94b383d93,OK
TRN_001347,AUDIO-CLIPS/similar_sounds/Road Number 1 54.m4a,standardized/similar/similar_000081.wav,similar,UNKNOWN,.m4a,natural,unknown,clean,1.2147,16000,1,16,38914,cea806f1f4efaa13943b63af2b9d0bd841bebdd3b5c09a1d30012a8235a94543,OK
TRN_001348,AUDIO-CLIPS/similar_sounds/Road Number 1 56.m4a,standardized/similar/similar_000082.wav,similar,UNKNOWN,.m4a,natural,unknown,clean,1.3,16000,1,16,41644,b988cff1d4bfb3a8ee9dcde8db4ea21ae60872fcc35340af7add90b5ff887361,OK
TRN_001349,AUDIO-CLIPS/similar_sounds/Road Number 1 57.m4a,standardized/similar/similar_000083.wav,similar,UNKNOWN,.m4a,natural,unknown,clean,0.8734,16000,1,16,27992,27d8695f4722d3e6ba3af1b74339e27b9381183775f6cdda0fa39bf5bacd46a9,OK
TRN_001350,AUDIO-CLIPS/similar_sounds/Road Number 1 59.m4a,standardized/similar/similar_000084.wav,similar,UNKNOWN,.m4a,natural,unknown,clean,1.2147,16000,1,16,38914,0861192e77900d9db7ebcda4bdabab9cdbc5c98e4e896d27d861e13c73545cf4,OK
TRN_001351,AUDIO-CLIPS/similar_sounds/Road Number 1 6.m4a,standardized/similar/similar_000085.wav,similar,UNKNOWN,.m4a,natural,unknown,clean,0.8734,16000,1,16,27992,a4b4544620cd2e33cd6d5f6039acb711fd61e57feccec9fc9b10d85a09b2ca45,OK
TRN_001352,AUDIO-CLIPS/similar_sounds/Road Number 1 60.m4a,standardized/similar/similar_000086.wav,similar,UNKNOWN,.m4a,natural,unknown,clean,1.2147,16000,1,16,38914,2d44769c3d0227eb33157fb77b8f946e68487b5002e6d40bea842fc4c61f4625,OK
TRN_001353,AUDIO-CLIPS/similar_sounds/Road Number 1 62.m4a,standardized/similar/similar_000087.wav,similar,UNKNOWN,.m4a,natural,unknown,clean,0.7027,16000,1,16,22530,f18e953a7189eb0ecb64d121b75652212d3366924b17911882231b1da1cfb7b9,OK
TRN_001354,AUDIO-CLIPS/similar_sounds/Road Number 1 63.m4a,standardized/similar/similar_000088.wav,similar,UNKNOWN,.m4a,natural,unknown,clean,1.044,16000,1,16,33452,3e7c26bcc44900166d22fafb0e01354b100c019ba9743fd6d7cc59c86f3c163c,OK
TRN_001355,AUDIO-CLIPS/similar_sounds/Road Number 1 65.m4a,standardized/similar/similar_000089.wav,similar,UNKNOWN,.m4a,natural,unknown,clean,1.044,16000,1,16,33452,8e90338b30b8d75cb4b6638b5407373e74996b59b4618acf414cb4be733fa7b1,OK
TRN_001356,AUDIO-CLIPS/similar_sounds/Road Number 1 66.m4a,standardized/similar/similar_000090.wav,similar,UNKNOWN,.m4a,natural,unknown,clean,0.9587,16000,1,16,30722,9d623f917c2f79e637632d0fe2ff17e4522c1865d47903f2328ad8284538d708,OK
TRN_001357,AUDIO-CLIPS/similar_sounds/Road Number 1 68.m4a,standardized/similar/similar_000091.wav,similar,UNKNOWN,.m4a,natural,unknown,clean,0.9587,16000,1,16,30722,dfe47f1fa5ee877a81c0f22fae664851a4b5b967885a0ec35621d625c9a732f3,OK
TRN_001358,AUDIO-CLIPS/similar_sounds/Road Number 1 69.m4a,standardized/similar/similar_000092.wav,similar,UNKNOWN,.m4a,natural,unknown,clean,1.3,16000,1,16,41644,d29341d73224e8f43838a0d83cb9b0137d009639ab0e207025a882fb33f97e64,OK
TRN_001359,AUDIO-CLIPS/similar_sounds/Road Number 1 71.m4a,standardized/similar/similar_000093.wav,similar,UNKNOWN,.m4a,natural,unknown,clean,0.9587,16000,1,16,30722,75f67c4e69f104fdec733394681d2f53bd6833b4b4d445e9903706ef87938a20,OK
TRN_001360,AUDIO-CLIPS/similar_sounds/Road Number 1 72.m4a,standardized/similar/similar_000094.wav,similar,UNKNOWN,.m4a,natural,unknown,clean,1.2147,16000,1,16,38914,1d3d22c1a73c354fe1612f3275048287572c4c5f5f21bcf04fe11cf8afe5d867,OK
TRN_001361,AUDIO-CLIPS/similar_sounds/Road Number 1 74.m4a,standardized/similar/similar_000095.wav,similar,UNKNOWN,.m4a,natural,unknown,clean,0.8734,16000,1,16,27992,503c75bbb849d5f272f3547585de9fd3235ff3f44898d1d8888d34bd2748d019,OK
TRN_001362,AUDIO-CLIPS/similar_sounds/Road Number 1 75.m4a,standardized/similar/similar_000096.wav,similar,UNKNOWN,.m4a,natural,unknown,clean,1.044,16000,1,16,33452,8572c06d042d0119871e2c3aead3b6aec011721fb709f25212b71c85af3268fc,OK
TRN_001363,AUDIO-CLIPS/similar_sounds/Road Number 1 77.m4a,standardized/similar/similar_000097.wav,similar,UNKNOWN,.m4a,natural,unknown,clean,0.788,16000,1,16,25260,e9baa463e3bcb7384cb8aad3fa0e7018f402527e91a8dfbef0384ac3eb087d10,OK
TRN_001364,AUDIO-CLIPS/similar_sounds/Road Number 1 78.m4a,standardized/similar/similar_000098.wav,similar,UNKNOWN,.m4a,natural,unknown,clean,1.1294,16000,1,16,36184,caf397f9e5b1147bc21e07ab81cc05a8e64e9cf078d252ba1a16baeed26a863b,OK
TRN_001365,AUDIO-CLIPS/similar_sounds/Road Number 1 8.m4a,standardized/similar/similar_000099.wav,similar,UNKNOWN,.m4a,natural,unknown,clean,2.1534,16000,1,16,68952,7c9f4d91f2b27e8862eb52c1496b48e5ef686adb5965f1c5adbdb522459a6468,OK
TRN_001366,AUDIO-CLIPS/similar_sounds/Road Number 1 80.m4a,standardized/similar/similar_000100.wav,similar,UNKNOWN,.m4a,natural,unknown,clean,0.9587,16000,1,16,30722,22306221d268f1d8aa3b6eb55e58d073b00e93faa65394793161739a4f919b51,OK
TRN_001367,AUDIO-CLIPS/similar_sounds/Road Number 1 81.m4a,standardized/similar/similar_000101.wav,similar,UNKNOWN,.m4a,natural,unknown,clean,0.788,16000,1,16,25260,896945f71d26d3a61a147471d64b53f4ff669b1b7c19bdb9243d7f13b494ec4b,OK
TRN_001368,AUDIO-CLIPS/similar_sounds/Road Number 1 83.m4a,standardized/similar/similar_000102.wav,similar,UNKNOWN,.m4a,natural,unknown,clean,0.8734,16000,1,16,27992,760d3cd352ec6f6ecc3a39e13f38f8661f948a47f8f3b253bff6bcf6c9dbd606,OK
TRN_001369,AUDIO-CLIPS/similar_sounds/Road Number 1 85.m4a,standardized/similar/similar_000103.wav,similar,UNKNOWN,.m4a,natural,unknown,clean,1.3854,16000,1,16,44376,987e6a2270eaddb0ee9f7c8fadfb3fed777b8a6739a59d5e0d8751be3cd7c0dd,OK
TRN_001370,AUDIO-CLIPS/similar_sounds/Road Number 1 86.m4a,standardized/similar/similar_000104.wav,similar,UNKNOWN,.m4a,natural,unknown,clean,1.3854,16000,1,16,44376,ea1c8355fdf6e505ceb0ebd301466a2ae9adaa93c2fee6910b83ccdd8c2f96f8,OK
TRN_001371,AUDIO-CLIPS/similar_sounds/Road Number 1 88.m4a,standardized/similar/similar_000105.wav,similar,UNKNOWN,.m4a,natural,unknown,clean,1.3,16000,1,16,41644,2b86ccc8947c884f0d69cf9f94d62ceba476d6281bbb5a306a4e3fe5b214d6a4,OK
TRN_001372,AUDIO-CLIPS/similar_sounds/Road Number 1 89.m4a,standardized/similar/similar_000106.wav,similar,UNKNOWN,.m4a,natural,unknown,clean,1.1294,16000,1,16,36184,9e8e2a3a58ed1ff35b448d86bb789e73404e3e2906299c7d4adc7cf968974260,OK
TRN_001373,AUDIO-CLIPS/similar_sounds/Road Number 1 9.m4a,standardized/similar/similar_000107.wav,similar,UNKNOWN,.m4a,natural,unknown,clean,0.8734,16000,1,16,27992,7095564aa863c8086b6b1e9cc1213ac6b685f89c47e65a2253d8c9c98a03d004,OK
TRN_001374,AUDIO-CLIPS/similar_sounds/Road Number 1 91.m4a,standardized/similar/similar_000108.wav,similar,UNKNOWN,.m4a,natural,unknown,clean,1.2147,16000,1,16,38914,baeb282d0ef0456530163e9c9140f0c2c78878ea64402bebbb63d98e6e09f03a,OK
TRN_001375,AUDIO-CLIPS/similar_sounds/Road Number 1 92.m4a,standardized/similar/similar_000109.wav,similar,UNKNOWN,.m4a,natural,unknown,clean,1.2147,16000,1,16,38914,656340dc5011ec6b883595f5d655636273f49fd6cd396b641ab12fe3b329cf3e,OK
TRN_001376,AUDIO-CLIPS/similar_sounds/Road Number 1 94.m4a,standardized/similar/similar_000110.wav,similar,UNKNOWN,.m4a,natural,unknown,clean,1.2147,16000,1,16,38914,d1dec0e82cc899c70a8bd955fe0ea011d5a2aa837c975225ff953d19e0bf02e5,OK
TRN_001377,AUDIO-CLIPS/similar_sounds/Road Number 1 95.m4a,standardized/similar/similar_000111.wav,similar,UNKNOWN,.m4a,natural,unknown,clean,1.4707,16000,1,16,47106,c5186ef4d2fe7cb5d217bb48ba6882fa7ddbfb242be7dc801fccc6c01bc63dc7,OK
TRN_001378,AUDIO-CLIPS/similar_sounds/Road Number 1 97.m4a,standardized/similar/similar_000112.wav,similar,UNKNOWN,.m4a,natural,unknown,clean,1.3854,16000,1,16,44376,f37d04baae5d8e3fe848ff4c7c14f8a625c33fcd48ec0892b89606799f96f709,OK
TRN_001379,AUDIO-CLIPS/similar_sounds/Road Number 1 98.m4a,standardized/similar/similar_000113.wav,similar,UNKNOWN,.m4a,natural,unknown,clean,1.044,16000,1,16,33452,b91c34e97f25babedc0c6b8b551da85ab77be8fd8cdedcd32594642cca2eeaf9,OK
TRN_001380,AUDIO-CLIPS/similar_sounds/SS10.m4a,standardized/similar/similar_000114.wav,similar,UNKNOWN,.m4a,natural,unknown,clean,1.1294,16000,1,16,36184,f0c4dfda14da49d37180ab5437bb8baeb319ecc7e9b3091c020a551f006ada43,OK
TRN_001381,AUDIO-CLIPS/similar_sounds/SS11.m4a,standardized/similar/similar_000115.wav,similar,UNKNOWN,.m4a,natural,unknown,clean,1.1294,16000,1,16,36184,727966e38378b5c0455f604a5a1bc39e212e38000060478bcb35865823ba550c,OK
TRN_001382,AUDIO-CLIPS/similar_sounds/SS12.m4a,standardized/similar/similar_000116.wav,similar,UNKNOWN,.m4a,natural,unknown,clean,1.3854,16000,1,16,44376,4315ef1eb905b4ef7978a5b1de3aacbed295b4fb62a31b0d62c7566dde3d6630,OK
TRN_001383,AUDIO-CLIPS/similar_sounds/SS13.m4a,standardized/similar/similar_000117.wav,similar,UNKNOWN,.m4a,natural,unknown,clean,1.3,16000,1,16,41644,60f567c7dbf03112d581c2e4c775b98e50b0251c5e1ef62de6b5a9e489689645,OK
TRN_001384,AUDIO-CLIPS/similar_sounds/SS14.m4a,standardized/similar/similar_000118.wav,similar,UNKNOWN,.m4a,natural,unknown,clean,0.8734,16000,1,16,27992,8eb4fd8efe2b9a2c6bdd4833eeab202182663ef450e1058ff287a514d650e14a,OK
TRN_001385,AUDIO-CLIPS/similar_sounds/SS15.m4a,standardized/similar/similar_000119.wav,similar,UNKNOWN,.m4a,natural,unknown,clean,1.7267,16000,1,16,55298,6420272fe2fa05602ae31fe5ba8e092a215951312b8b89e873e854cd8ea9ac25,OK
TRN_001386,AUDIO-CLIPS/similar_sounds/SS16.m4a,standardized/similar/similar_000120.wav,similar,UNKNOWN,.m4a,natural,unknown,clean,0.8734,16000,1,16,27992,e897f1e1be1cb032dacab4e5d3eda8f664f491fce6673776da7392ba1cc61736,OK
TRN_001387,AUDIO-CLIPS/similar_sounds/SS8.m4a,standardized/similar/similar_000121.wav,similar,UNKNOWN,.m4a,natural,unknown,clean,1.3,16000,1,16,41644,cb5407ae79183acf5a5860e3883ec25fa1c0718edf9e2bc055e3013cf925f4f9,OK
TRN_001388,AUDIO-CLIPS/similar_sounds/SS9.m4a,standardized/similar/similar_000122.wav,similar,UNKNOWN,.m4a,natural,unknown,clean,1.6414,16000,1,16,52568,ede239052063a7ed52959a420fd3aa95a4af07632bc4e1c775911674987c6c81,OK
TRN_001389,AUDIO-CLIPS/similar_sounds/SS_ 3.m4a,standardized/similar/similar_000123.wav,similar,UNKNOWN,.m4a,natural,unknown,clean,1.7267,16000,1,16,55298,893f8cc0f9b95bc2240533cae2b312c2e280d5af32f9c6dd26d2183e2fc50560,OK
TRN_001390,AUDIO-CLIPS/similar_sounds/SS_1 2.m4a,standardized/similar/similar_000124.wav,similar,UNKNOWN,.m4a,natural,unknown,clean,1.9827,16000,1,16,63490,159af3c1d6381b6e13249d54ca85e56fe0742d70c0c7c95fbec405836954bea3,OK
TRN_001391,AUDIO-CLIPS/similar_sounds/SS_1.m4a,standardized/similar/similar_000125.wav,similar,UNKNOWN,.m4a,natural,unknown,clean,1.9827,16000,1,16,63490,159af3c1d6381b6e13249d54ca85e56fe0742d70c0c7c95fbec405836954bea3,OK
TRN_001392,AUDIO-CLIPS/similar_sounds/SS_17.m4a,standardized/similar/similar_000126.wav,similar,UNKNOWN,.m4a,natural,unknown,clean,1.812,16000,1,16,58028,81e963a54382a59d80e527d8d524f4a053fb362ab94101037d15bf6d741aec1b,OK
TRN_001393,AUDIO-CLIPS/similar_sounds/SS_2.m4a,standardized/similar/similar_000127.wav,similar,UNKNOWN,.m4a,natural,unknown,clean,1.9827,16000,1,16,63490,37f0513560de58b0e404ebcb74e3e2e9643d1e904be3e29b4e99e245db3d4fc2,OK
TRN_001394,AUDIO-CLIPS/similar_sounds/SS_4.m4a,standardized/similar/similar_000128.wav,similar,UNKNOWN,.m4a,natural,unknown,clean,1.4707,16000,1,16,47106,2c7e42f05cfd895ddebbce2f6aba7b445e1ab9c68899a0e178bc1251775ceef0,OK
TRN_001395,AUDIO-CLIPS/similar_sounds/SS_5.m4a,standardized/similar/similar_000129.wav,similar,UNKNOWN,.m4a,natural,unknown,clean,1.9827,16000,1,16,63490,905a2b0aebf33bb63ac3f576c6a5dca0ab258b89fa03a4063ca5580511e45369,OK
TRN_001396,AUDIO-CLIPS/similar_sounds/SS_6.m4a,standardized/similar/similar_000130.wav,similar,UNKNOWN,.m4a,natural,unknown,clean,1.4707,16000,1,16,47106,8e9ff1339bcbab3f034e9ea18371cff4d195ca1afe5cc29d65a58042fee988cf,OK
TRN_001397,AUDIO-CLIPS/similar_sounds/SS_7.m4a,standardized/similar/similar_000131.wav,similar,UNKNOWN,.m4a,natural,unknown,clean,1.4707,16000,1,16,47106,117b6d6374729f8a0845f2b9dbe58ecc0aac98f631bb9d480ed7d9a0a7328eb9,OK
