file,label,duration,sample_rate,channels,bit_depth,rms,peak,silence_ratio,status,reason
D:/HACK-PROJECTS/TRINETRA/TRINETRA_ML/standardized/background/ac/background_ac_000001.wav,background,2.2826875,16000,1,16,0.10806,0.70398,0.558,OK,Passed all quality checks
D:/HACK-PROJECTS/TRINETRA/TRINETRA_ML/standardized/background/ac/background_ac_000002.wav,background,1.5,16000,1,16,0.03812,0.16772,0.2054,OK,Passed all quality checks
D:/HACK-PROJECTS/TRINETRA/TRINETRA_ML/standardized/background/ac/background_ac_000003.wav,background,1.5,16000,1,16,0.03819,0.16592,0.2089,OK,Passed all quality checks
D:/HACK-PROJECTS/TRINETRA/TRINETRA_ML/standardized/background/ac/background_ac_000004.wav,background,1.5,16000,1,16,0.03826,0.15369,0.2056,OK,Passed all quality checks
D:/HACK-PROJECTS/TRINETRA/TRINETRA_ML/standardized/background/ac/background_ac_000005.wav,background,1.5,16000,1,16,0.03836,0.20322,0.203,OK,Passed all quality checks
D:/HACK-PROJECTS/TRINETRA/TRINETRA_ML/standardized/background/ac/background_ac_000006.wav,background,1.5,16000,1,16,0.03824,0.19263,0.2,OK,Passed all quality checks
D:/HACK-PROJECTS/TRINETRA/TRINETRA_ML/standardized/background/ac/background_ac_000007.wav,background,1.5,16000,1,16,0.03804,0.15121,0.2041,OK,Passed all quality checks
D:/HACK-PROJECTS/TRINETRA/TRINETRA_ML/standardized/background/ac/background_ac_000008.wav,background,1.5,16000,1,16,0.03842,0.15103,0.2048,OK,Passed all quality checks
D:/HACK-PROJECTS/TRINETRA/TRINETRA_ML/standardized/background/ac/background_ac_000009.wav,background,1.5,16000,1,16,0.03833,0.15063,0.2028,OK,Passed all quality checks
D:/HACK-PROJECTS/TRINETRA/TRINETRA_ML/standardized/background/ac/background_ac_000010.wav,background,1.5,16000,1,16,0.03842,0.1601,0.204,OK,Passed all quality checks
D:/HACK-PROJECTS/TRINETRA/TRINETRA_ML/standardized/background/ac/background_ac_000011.wav,background,1.5,16000,1,16,0.03845,0.15408,0.2023,OK,Passed all quality checks
D:/HACK-PROJECTS/TRINETRA/TRINETRA_ML/standardized/background/ac/background_ac_000012.wav,background,1.5,16000,1,16,0.0382,0.15112,0.2068,OK,Passed all quality checks
D:/HACK-PROJECTS/TRINETRA/TRINETRA_ML/standardized/background/ac/background_ac_000013.wav,background,1.5,16000,1,16,0.03835,0.15253,0.2074,OK,Passed all quality checks
D:/HACK-PROJECTS/TRINETRA/TRINETRA_ML/standardized/background/ac/background_ac_000014.wav,background,1.5,16000,1,16,0.03811,0.14685,0.2088,OK,Passed all quality checks
D:/HACK-PROJECTS/TRINETRA/TRINETRA_ML/standardized/background/ac/background_ac_000015.wav,background,1.5,16000,1,16,0.03817,0.1723,0.2035,OK,Passed all quality checks
D:/HACK-PROJECTS/TRINETRA/TRINETRA_ML/standardized/background/ac/background_ac_000016.wav,background,1.5,16000,1,16,0.03845,0.15146,0.2029,OK,Passed all quality checks
D:/HACK-PROJECTS/TRINETRA/TRINETRA_ML/standardized/background/ac/background_ac_000017.wav,background,1.5,16000,1,16,0.03813,0.1507,0.2026,OK,Passed all quality checks
D:/HACK-PROJECTS/TRINETRA/TRINETRA_ML/standardized/background/ac/background_ac_000018.wav,background,1.5,16000,1,16,0.03867,0.16068,0.2025,OK,Passed all quality checks
D:/HACK-PROJECTS/TRINETRA/TRINETRA_ML/standardized/background/ac/background_ac_000019.wav,background,1.5,16000,1,16,0.03817,0.16577,0.2022,OK,Passed all quality checks
D:/HACK-PROJECTS/TRINETRA/TRINETRA_ML/standardized/background/ac/background_ac_000020.wav,background,1.5,16000,1,16,0.03821,0.16016,0.2031,OK,Passed all quality checks
D:/HACK-PROJECTS/TRINETRA/TRINETRA_ML/standardized/background/ac/background_ac_000021.wav,background,1.5,16000,1,16,0.0384,0.16333,0.2016,OK,Passed all quality checks
D:/HACK-PROJECTS/TRINETRA/TRINETRA_ML/standardized/background/fan/background_fan_000001.wav,background,2.56,16000,1,16,0.20222,0.9101,0.0548,OK,Passed all quality checks
D:/HACK-PROJECTS/TRINETRA/TRINETRA_ML/standardized/background/fan/background_fan_000002.wav,background,2.7306875,16000,1,16,0.23568,0.93219,0.0455,OK,Passed all quality checks
D:/HACK-PROJECTS/TRINETRA/TRINETRA_ML/standardized/background/fan/background_fan_000003.wav,background,1.5,16000,1,16,0.05637,0.21786,0.1369,OK,Passed all quality checks
D:/HACK-PROJECTS/TRINETRA/TRINETRA_ML/standardized/background/fan/background_fan_000004.wav,background,1.5,16000,1,16,0.056,0.25046,0.1407,OK,Passed all quality checks
D:/HACK-PROJECTS/TRINETRA/TRINETRA_ML/standardized/background/fan/background_fan_000005.wav,background,1.5,16000,1,16,0.05615,0.21326,0.1397,OK,Passed all quality checks
D:/HACK-PROJECTS/TRINETRA/TRINETRA_ML/standardized/background/fan/background_fan_000006.wav,background,1.5,16000,1,16,0.05647,0.23044,0.1438,OK,Passed all quality checks
D:/HACK-PROJECTS/TRINETRA/TRINETRA_ML/standardized/background/fan/background_fan_000007.wav,background,1.5,16000,1,16,0.05592,0.23044,0.1412,OK,Passed all quality checks
D:/HACK-PROJECTS/TRINETRA/TRINETRA_ML/standardized/background/fan/background_fan_000008.wav,background,1.5,16000,1,16,0.05704,0.22827,0.1357,OK,Passed all quality checks
D:/HACK-PROJECTS/TRINETRA/TRINETRA_ML/standardized/background/fan/background_fan_000009.wav,background,1.5,16000,1,16,0.05644,0.21658,0.1348,OK,Passed all quality checks
D:/HACK-PROJECTS/TRINETRA/TRINETRA_ML/standardized/background/fan/background_fan_000010.wav,background,1.5,16000,1,16,0.05596,0.22644,0.1378,OK,Passed all quality checks
D:/HACK-PROJECTS/TRINETRA/TRINETRA_ML/standardized/background/fan/background_fan_000011.wav,background,1.5,16000,1,16,0.05632,0.21863,0.1431,OK,Passed all quality checks
D:/HACK-PROJECTS/TRINETRA/TRINETRA_ML/standardized/background/fan/background_fan_000012.wav,background,1.5,16000,1,16,0.05618,0.2146,0.1389,OK,Passed all quality checks
D:/HACK-PROJECTS/TRINETRA/TRINETRA_ML/standardized/background/fan/background_fan_000013.wav,background,1.5,16000,1,16,0.05651,0.27792,0.1411,OK,Passed all quality checks
D:/HACK-PROJECTS/TRINETRA/TRINETRA_ML/standardized/background/fan/background_fan_000014.wav,background,1.5,16000,1,16,0.05612,0.22482,0.1407,OK,Passed all quality checks
D:/HACK-PROJECTS/TRINETRA/TRINETRA_ML/standardized/background/fan/background_fan_000015.wav,background,1.5,16000,1,16,0.05615,0.22327,0.141,OK,Passed all quality checks
D:/HACK-PROJECTS/TRINETRA/TRINETRA_ML/standardized/background/fan/background_fan_000016.wav,background,1.5,16000,1,16,0.05638,0.2168,0.1398,OK,Passed all quality checks
D:/HACK-PROJECTS/TRINETRA/TRINETRA_ML/standardized/background/fan/background_fan_000017.wav,background,1.5,16000,1,16,0.05651,0.21024,0.1373,OK,Passed all quality checks
D:/HACK-PROJECTS/TRINETRA/TRINETRA_ML/standardized/background/fan/background_fan_000018.wav,background,1.5,16000,1,16,0.05596,0.20377,0.1389,OK,Passed all quality checks
D:/HACK-PROJECTS/TRINETRA/TRINETRA_ML/standardized/background/fan/background_fan_000019.wav,background,1.5,16000,1,16,0.05658,0.22751,0.1365,OK,Passed all quality checks
D:/HACK-PROJECTS/TRINETRA/TRINETRA_ML/standardized/background/fan/background_fan_000020.wav,background,1.5,16000,1,16,0.05658,0.22073,0.1399,OK,Passed all quality checks
D:/HACK-PROJECTS/TRINETRA/TRINETRA_ML/standardized/background/fan/background_fan_000021.wav,background,1.5,16000,1,16,0.05613,0.22095,0.1387,OK,Passed all quality checks
D:/HACK-PROJECTS/TRINETRA/TRINETRA_ML/standardized/background/fan/background_fan_000022.wav,background,1.5,16000,1,16,0.05599,0.2496,0.1455,OK,Passed all quality checks
D:/HACK-PROJECTS/TRINETRA/TRINETRA_ML/standardized/background/music/background_music_000001.wav,background,1.9626875,16000,1,16,0.13815,0.90829,0.0831,OK,Passed all quality checks
D:/HACK-PROJECTS/TRINETRA/TRINETRA_ML/standardized/background/music/background_music_000002.wav,background,1.621375,16000,1,16,0.13323,0.72702,0.1071,OK,Passed all quality checks
D:/HACK-PROJECTS/TRINETRA/TRINETRA_ML/standardized/background/music/background_music_000003.wav,background,4.245375,16000,1,16,0.10247,0.88538,0.1815,OK,Passed all quality checks
D:/HACK-PROJECTS/TRINETRA/TRINETRA_ML/standardized/background/music/background_music_000004.wav,background,1.408,16000,1,16,0.14503,0.79065,0.1254,OK,Passed all quality checks
D:/HACK-PROJECTS/TRINETRA/TRINETRA_ML/standardized/background/music/background_music_000005.wav,background,2.944,16000,1,16,0.10541,0.91733,0.1762,OK,Passed all quality checks
D:/HACK-PROJECTS/TRINETRA/TRINETRA_ML/standardized/background/music/background_music_000006.wav,background,1.5,16000,1,16,0.02784,0.0834,0.2802,OK,Passed all quality checks
D:/HACK-PROJECTS/TRINETRA/TRINETRA_ML/standardized/background/music/background_music_000007.wav,background,1.5,16000,1,16,0.02791,0.08356,0.2782,OK,Passed all quality checks
D:/HACK-PROJECTS/TRINETRA/TRINETRA_ML/standardized/background/music/background_music_000008.wav,background,1.5,16000,1,16,0.02801,0.08609,0.2762,OK,Passed all quality checks
D:/HACK-PROJECTS/TRINETRA/TRINETRA_ML/standardized/background/music/background_music_000009.wav,background,1.5,16000,1,16,0.02784,0.08481,0.279,OK,Passed all quality checks
D:/HACK-PROJECTS/TRINETRA/TRINETRA_ML/standardized/background/music/background_music_000010.wav,background,1.5,16000,1,16,0.02799,0.08401,0.2795,OK,Passed all quality checks
D:/HACK-PROJECTS/TRINETRA/TRINETRA_ML/standardized/background/music/background_music_000011.wav,background,1.5,16000,1,16,0.02801,0.08185,0.2792,OK,Passed all quality checks
D:/HACK-PROJECTS/TRINETRA/TRINETRA_ML/standardized/background/music/background_music_000012.wav,background,1.5,16000,1,16,0.02788,0.08508,0.282,OK,Passed all quality checks
D:/HACK-PROJECTS/TRINETRA/TRINETRA_ML/standardized/background/music/background_music_000013.wav,background,1.5,16000,1,16,0.02794,0.08582,0.2785,OK,Passed all quality checks
D:/HACK-PROJECTS/TRINETRA/TRINETRA_ML/standardized/background/music/background_music_000014.wav,background,1.5,16000,1,16,0.02802,0.09842,0.2773,OK,Passed all quality checks
D:/HACK-PROJECTS/TRINETRA/TRINETRA_ML/standardized/background/music/background_music_000015.wav,background,1.5,16000,1,16,0.02802,0.08759,0.2801,OK,Passed all quality checks
D:/HACK-PROJECTS/TRINETRA/TRINETRA_ML/standardized/background/music/background_music_000016.wav,background,1.5,16000,1,16,0.02792,0.08768,0.2765,OK,Passed all quality checks
D:/HACK-PROJECTS/TRINETRA/TRINETRA_ML/standardized/background/music/background_music_000017.wav,background,1.5,16000,1,16,0.02798,0.08307,0.2755,OK,Passed all quality checks
D:/HACK-PROJECTS/TRINETRA/TRINETRA_ML/standardized/background/music/background_music_000018.wav,background,1.5,16000,1,16,0.0279,0.08969,0.2794,OK,Passed all quality checks
D:/HACK-PROJECTS/TRINETRA/TRINETRA_ML/standardized/background/music/background_music_000019.wav,background,1.5,16000,1,16,0.02797,0.08524,0.2794,OK,Passed all quality checks
D:/HACK-PROJECTS/TRINETRA/TRINETRA_ML/standardized/background/music/background_music_000020.wav,background,1.5,16000,1,16,0.02797,0.08566,0.276,OK,Passed all quality checks
D:/HACK-PROJECTS/TRINETRA/TRINETRA_ML/standardized/background/music/background_music_000021.wav,background,1.5,16000,1,16,0.02786,0.08609,0.2835,OK,Passed all quality checks
D:/HACK-PROJECTS/TRINETRA/TRINETRA_ML/standardized/background/music/background_music_000022.wav,background,1.5,16000,1,16,0.0279,0.08267,0.2769,OK,Passed all quality checks
D:/HACK-PROJECTS/TRINETRA/TRINETRA_ML/standardized/background/music/background_music_000023.wav,background,1.5,16000,1,16,0.02798,0.0831,0.273,OK,Passed all quality checks
D:/HACK-PROJECTS/TRINETRA/TRINETRA_ML/standardized/background/music/background_music_000024.wav,background,1.5,16000,1,16,0.028,0.08093,0.2765,OK,Passed all quality checks
D:/HACK-PROJECTS/TRINETRA/TRINETRA_ML/standardized/background/music/background_music_000025.wav,background,1.5,16000,1,16,0.02798,0.08456,0.2746,OK,Passed all quality checks
D:/HACK-PROJECTS/TRINETRA/TRINETRA_ML/standardized/background/people_talking/background_people_talking_000001.wav,background,2.773375,16000,1,16,0.05395,0.48389,0.6877,OK,Passed all quality checks
D:/HACK-PROJECTS/TRINETRA/TRINETRA_ML/standardized/background/people_talking/background_people_talking_000002.wav,background,1.5,16000,1,16,0.05588,0.24521,0.1412,OK,Passed all quality checks
D:/HACK-PROJECTS/TRINETRA/TRINETRA_ML/standardized/background/people_talking/background_people_talking_000003.wav,background,1.5,16000,1,16,0.05616,0.22101,0.1365,OK,Passed all quality checks
D:/HACK-PROJECTS/TRINETRA/TRINETRA_ML/standardized/background/people_talking/background_people_talking_000004.wav,background,1.5,16000,1,16,0.05627,0.23877,0.1337,OK,Passed all quality checks
D:/HACK-PROJECTS/TRINETRA/TRINETRA_ML/standardized/background/people_talking/background_people_talking_000005.wav,background,1.5,16000,1,16,0.05595,0.23038,0.1426,OK,Passed all quality checks
D:/HACK-PROJECTS/TRINETRA/TRINETRA_ML/standardized/background/people_talking/background_people_talking_000006.wav,background,1.5,16000,1,16,0.05583,0.21872,0.1442,OK,Passed all quality checks
D:/HACK-PROJECTS/TRINETRA/TRINETRA_ML/standardized/background/people_talking/background_people_talking_000007.wav,background,1.5,16000,1,16,0.0562,0.2211,0.1447,OK,Passed all quality checks
D:/HACK-PROJECTS/TRINETRA/TRINETRA_ML/standardized/background/people_talking/background_people_talking_000008.wav,background,1.5,16000,1,16,0.05653,0.28012,0.1423,OK,Passed all quality checks
D:/HACK-PROJECTS/TRINETRA/TRINETRA_ML/standardized/background/people_talking/background_people_talking_000009.wav,background,1.5,16000,1,16,0.05649,0.22324,0.1396,OK,Passed all quality checks
D:/HACK-PROJECTS/TRINETRA/TRINETRA_ML/standardized/background/people_talking/background_people_talking_000010.wav,background,1.5,16000,1,16,0.05634,0.23102,0.1421,OK,Passed all quality checks
D:/HACK-PROJECTS/TRINETRA/TRINETRA_ML/standardized/background/people_talking/background_people_talking_000011.wav,background,1.5,16000,1,16,0.05628,0.21939,0.1391,OK,Passed all quality checks
D:/HACK-PROJECTS/TRINETRA/TRINETRA_ML/standardized/background/people_talking/background_people_talking_000012.wav,background,1.5,16000,1,16,0.05582,0.2243,0.139,OK,Passed all quality checks
D:/HACK-PROJECTS/TRINETRA/TRINETRA_ML/standardized/background/people_talking/background_people_talking_000013.wav,background,1.5,16000,1,16,0.0565,0.22559,0.1402,OK,Passed all quality checks
D:/HACK-PROJECTS/TRINETRA/TRINETRA_ML/standardized/background/people_talking/background_people_talking_000014.wav,background,1.5,16000,1,16,0.05646,0.23102,0.1389,OK,Passed all quality checks
D:/HACK-PROJECTS/TRINETRA/TRINETRA_ML/standardized/background/people_talking/background_people_talking_000015.wav,background,1.5,16000,1,16,0.05551,0.2453,0.1379,OK,Passed all quality checks
D:/HACK-PROJECTS/TRINETRA/TRINETRA_ML/standardized/background/people_talking/background_people_talking_000016.wav,background,1.5,16000,1,16,0.05656,0.25696,0.1422,OK,Passed all quality checks
D:/HACK-PROJECTS/TRINETRA/TRINETRA_ML/standardized/background/people_talking/background_people_talking_000017.wav,background,1.5,16000,1,16,0.05615,0.24091,0.1418,OK,Passed all quality checks
D:/HACK-PROJECTS/TRINETRA/TRINETRA_ML/standardized/background/people_talking/background_people_talking_000018.wav,background,1.5,16000,1,16,0.05553,0.19931,0.1401,OK,Passed all quality checks
D:/HACK-PROJECTS/TRINETRA/TRINETRA_ML/standardized/background/people_talking/background_people_talking_000019.wav,background,1.5,16000,1,16,0.0565,0.23413,0.1403,OK,Passed all quality checks
D:/HACK-PROJECTS/TRINETRA/TRINETRA_ML/standardized/background/people_talking/background_people_talking_000020.wav,background,1.5,16000,1,16,0.05669,0.23987,0.1407,OK,Passed all quality checks
D:/HACK-PROJECTS/TRINETRA/TRINETRA_ML/standardized/background/people_talking/background_people_talking_000021.wav,background,1.5,16000,1,16,0.05657,0.23648,0.1435,OK,Passed all quality checks
D:/HACK-PROJECTS/TRINETRA/TRINETRA_ML/standardized/background/random/background_random_000001.wav,background,1.277125,16000,1,16,0.20054,0.89099,0.2423,OK,Passed all quality checks
D:/HACK-PROJECTS/TRINETRA/TRINETRA_ML/standardized/background/random/background_random_000002.wav,background,1.2306875,16000,1,16,0.19049,0.70566,0.1532,OK,Passed all quality checks
D:/HACK-PROJECTS/TRINETRA/TRINETRA_ML/standardized/background/random/background_random_000003.wav,background,1.161,16000,1,16,0.14571,0.71082,0.3229,OK,Passed all quality checks
D:/HACK-PROJECTS/TRINETRA/TRINETRA_ML/standardized/background/random/background_random_000004.wav,background,1.300375,16000,1,16,0.18028,0.70422,0.2078,OK,Passed all quality checks
D:/HACK-PROJECTS/TRINETRA/TRINETRA_ML/standardized/background/random/background_random_000005.wav,background,1.2539375,16000,1,16,0.10026,0.69501,0.3294,OK,Passed all quality checks
D:/HACK-PROJECTS/TRINETRA/TRINETRA_ML/standardized/background/random/background_random_000006.wav,background,1.18425,16000,1,16,0.08233,0.4502,0.3456,OK,Passed all quality checks
D:/HACK-PROJECTS/TRINETRA/TRINETRA_ML/standardized/background/random/background_random_000007.wav,background,1.300375,16000,1,16,0.18028,0.70422,0.2078,OK,Passed all quality checks
D:/HACK-PROJECTS/TRINETRA/TRINETRA_ML/standardized/background/random/background_random_000008.wav,background,3.0,16000,1,16,0.0126,0.13416,0.7514,OK,Passed all quality checks
D:/HACK-PROJECTS/TRINETRA/TRINETRA_ML/standardized/background/random/background_random_000009.wav,background,3.0,16000,1,16,0.00973,0.06821,0.7645,OK,Passed all quality checks
D:/HACK-PROJECTS/TRINETRA/TRINETRA_ML/standardized/background/random/background_random_000010.wav,background,3.0,16000,1,16,0.05845,0.32977,0.2557,OK,Passed all quality checks
D:/HACK-PROJECTS/TRINETRA/TRINETRA_ML/standardized/background/random/background_random_000011.wav,background,3.0,16000,1,16,0.00021,0.00171,1.0,WARNING,Low signal RMS (0.00021); High silence ratio (1.00)
D:/HACK-PROJECTS/TRINETRA/TRINETRA_ML/standardized/background/random/background_random_000012.wav,background,3.0,16000,1,16,0.02633,0.38159,0.5889,OK,Passed all quality checks
D:/HACK-PROJECTS/TRINETRA/TRINETRA_ML/standardized/background/random/background_random_000013.wav,background,3.0,16000,1,16,0.00022,0.0014,1.0,WARNING,Low signal RMS (0.00022); High silence ratio (1.00)
D:/HACK-PROJECTS/TRINETRA/TRINETRA_ML/standardized/background/random/background_random_000014.wav,background,3.0,16000,1,16,0.00352,0.06271,0.9823,WARNING,Low signal RMS (0.00352); High silence ratio (0.98)
D:/HACK-PROJECTS/TRINETRA/TRINETRA_ML/standardized/background/random/background_random_000015.wav,background,3.0,16000,1,16,0.00013,0.00061,1.0,WARNING,Low signal RMS (0.00013); High silence ratio (1.00)
D:/HACK-PROJECTS/TRINETRA/TRINETRA_ML/standardized/background/random/background_random_000016.wav,background,3.0,16000,1,16,0.0776,0.3494,0.2072,OK,Passed all quality checks
D:/HACK-PROJECTS/TRINETRA/TRINETRA_ML/standardized/background/random/background_random_000017.wav,background,3.0,16000,1,16,0.02407,0.24722,0.53,OK,Passed all quality checks
D:/HACK-PROJECTS/TRINETRA/TRINETRA_ML/standardized/background/random/background_random_000018.wav,background,3.0,16000,1,16,0.04559,0.30429,0.3358,OK,Passed all quality checks
D:/HACK-PROJECTS/TRINETRA/TRINETRA_ML/standardized/background/random/background_random_000019.wav,background,3.0,16000,1,16,0.00034,0.00439,1.0,WARNING,Low signal RMS (0.00034); High silence ratio (1.00)
D:/HACK-PROJECTS/TRINETRA/TRINETRA_ML/standardized/background/random/background_random_000020.wav,background,3.0,16000,1,16,0.00284,0.04974,0.9839,WARNING,Low signal RMS (0.00284); High silence ratio (0.98)
D:/HACK-PROJECTS/TRINETRA/TRINETRA_ML/standardized/background/random/background_random_000021.wav,background,3.0,16000,1,16,0.00805,0.06961,0.8904,OK,Passed all quality checks
D:/HACK-PROJECTS/TRINETRA/TRINETRA_ML/standardized/background/random/background_random_000022.wav,background,3.0,16000,1,16,0.00928,0.10236,0.8144,OK,Passed all quality checks
D:/HACK-PROJECTS/TRINETRA/TRINETRA_ML/standardized/background/random/background_random_000023.wav,background,3.0,16000,1,16,0.0003,0.0032,1.0,WARNING,Low signal RMS (0.00030); High silence ratio (1.00)
D:/HACK-PROJECTS/TRINETRA/TRINETRA_ML/standardized/background/random/background_random_000024.wav,background,3.0,16000,1,16,0.00203,0.01306,0.997,WARNING,Low signal RMS (0.00203); High silence ratio (1.00)
D:/HACK-PROJECTS/TRINETRA/TRINETRA_ML/standardized/background/random/background_random_000025.wav,background,3.0,16000,1,16,0.00707,0.06461,0.8925,OK,Passed all quality checks
D:/HACK-PROJECTS/TRINETRA/TRINETRA_ML/standardized/background/random/background_random_000026.wav,background,3.0,16000,1,16,0.0005,0.00623,1.0,WARNING,Low signal RMS (0.00050); High silence ratio (1.00)
D:/HACK-PROJECTS/TRINETRA/TRINETRA_ML/standardized/background/random/background_random_000027.wav,background,3.0,16000,1,16,0.00164,0.02008,0.9938,WARNING,Low signal RMS (0.00164); High silence ratio (0.99)
D:/HACK-PROJECTS/TRINETRA/TRINETRA_ML/standardized/background/random/background_random_000028.wav,background,3.0,16000,1,16,0.05716,0.27487,0.2874,OK,Passed all quality checks
D:/HACK-PROJECTS/TRINETRA/TRINETRA_ML/standardized/background/random/background_random_000029.wav,background,3.0,16000,1,16,0.00069,0.01187,0.9999,WARNING,Low signal RMS (0.00069); High silence ratio (1.00)
D:/HACK-PROJECTS/TRINETRA/TRINETRA_ML/standardized/background/random/background_random_000030.wav,background,3.0,16000,1,16,0.0005,0.008,1.0,WARNING,Low signal RMS (0.00050); High silence ratio (1.00)
D:/HACK-PROJECTS/TRINETRA/TRINETRA_ML/standardized/background/random/background_random_000031.wav,background,3.0,16000,1,16,8e-05,0.00073,1.0,WARNING,Low signal RMS (0.00008); High silence ratio (1.00)
D:/HACK-PROJECTS/TRINETRA/TRINETRA_ML/standardized/background/random/background_random_000032.wav,background,3.0,16000,1,16,0.01649,0.09509,0.5937,OK,Passed all quality checks
D:/HACK-PROJECTS/TRINETRA/TRINETRA_ML/standardized/background/random/background_random_000033.wav,background,3.0,16000,1,16,0.01674,0.10172,0.5887,OK,Passed all quality checks
D:/HACK-PROJECTS/TRINETRA/TRINETRA_ML/standardized/background/random/background_random_000034.wav,background,3.0,16000,1,16,0.01336,0.07587,0.7078,OK,Passed all quality checks
D:/HACK-PROJECTS/TRINETRA/TRINETRA_ML/standardized/background/random/background_random_000035.wav,background,3.0,16000,1,16,0.00204,0.01486,0.9946,WARNING,Low signal RMS (0.00204); High silence ratio (0.99)
D:/HACK-PROJECTS/TRINETRA/TRINETRA_ML/standardized/background/random/background_random_000036.wav,background,3.0,16000,1,16,0.00019,0.00159,1.0,WARNING,Low signal RMS (0.00019); High silence ratio (1.00)
D:/HACK-PROJECTS/TRINETRA/TRINETRA_ML/standardized/background/random/background_random_000037.wav,background,3.0,16000,1,16,0.01105,0.09119,0.7711,OK,Passed all quality checks
D:/HACK-PROJECTS/TRINETRA/TRINETRA_ML/standardized/background/random/background_random_000038.wav,background,3.0,16000,1,16,0.00016,0.00089,1.0,WARNING,Low signal RMS (0.00016); High silence ratio (1.00)
D:/HACK-PROJECTS/TRINETRA/TRINETRA_ML/standardized/background/random/background_random_000039.wav,background,3.0,16000,1,16,0.00017,0.00156,1.0,WARNING,Low signal RMS (0.00017); High silence ratio (1.00)
D:/HACK-PROJECTS/TRINETRA/TRINETRA_ML/standardized/background/random/background_random_000040.wav,background,3.0,16000,1,16,0.00036,0.00562,1.0,WARNING,Low signal RMS (0.00036); High silence ratio (1.00)
D:/HACK-PROJECTS/TRINETRA/TRINETRA_ML/standardized/background/random/background_random_000041.wav,background,3.0,16000,1,16,0.00015,0.00082,1.0,WARNING,Low signal RMS (0.00015); High silence ratio (1.00)
D:/HACK-PROJECTS/TRINETRA/TRINETRA_ML/standardized/background/random/background_random_000042.wav,background,3.0,16000,1,16,0.00019,0.00119,1.0,WARNING,Low signal RMS (0.00019); High silence ratio (1.00)
D:/HACK-PROJECTS/TRINETRA/TRINETRA_ML/standardized/background/random/background_random_000043.wav,background,3.0,16000,1,16,0.00018,0.00076,1.0,WARNING,Low signal RMS (0.00018); High silence ratio (1.00)
D:/HACK-PROJECTS/TRINETRA/TRINETRA_ML/standardized/background/random/background_random_000044.wav,background,3.0,16000,1,16,0.00015,0.0007,1.0,WARNING,Low signal RMS (0.00015); High silence ratio (1.00)
D:/HACK-PROJECTS/TRINETRA/TRINETRA_ML/standardized/background/random/background_random_000045.wav,background,3.0,16000,1,16,0.00013,0.00085,1.0,WARNING,Low signal RMS (0.00013); High silence ratio (1.00)
D:/HACK-PROJECTS/TRINETRA/TRINETRA_ML/standardized/background/random/background_random_000046.wav,background,3.0,16000,1,16,0.00018,0.00116,1.0,WARNING,Low signal RMS (0.00018); High silence ratio (1.00)
D:/HACK-PROJECTS/TRINETRA/TRINETRA_ML/standardized/background/random/background_random_000047.wav,background,3.0,16000,1,16,0.00226,0.02597,0.9915,WARNING,Low signal RMS (0.00226); High silence ratio (0.99)
D:/HACK-PROJECTS/TRINETRA/TRINETRA_ML/standardized/background/random/background_random_000048.wav,background,3.0,16000,1,16,0.0006,0.00565,1.0,WARNING,Low signal RMS (0.00060); High silence ratio (1.00)
D:/HACK-PROJECTS/TRINETRA/TRINETRA_ML/standardized/background/random/background_random_000049.wav,background,3.0,16000,1,16,0.0003,0.00455,1.0,WARNING,Low signal RMS (0.00030); High silence ratio (1.00)
D:/HACK-PROJECTS/TRINETRA/TRINETRA_ML/standardized/background/random/background_random_000050.wav,background,3.0,16000,1,16,0.00013,0.00085,1.0,WARNING,Low signal RMS (0.00013); High silence ratio (1.00)
D:/HACK-PROJECTS/TRINETRA/TRINETRA_ML/standardized/background/random/background_random_000051.wav,background,3.0,16000,1,16,0.00165,0.01691,0.992,WARNING,Low signal RMS (0.00165); High silence ratio (0.99)
D:/HACK-PROJECTS/TRINETRA/TRINETRA_ML/standardized/background/random/background_random_000052.wav,background,3.0,16000,1,16,0.00127,0.01031,0.9985,WARNING,Low signal RMS (0.00127); High silence ratio (1.00)
D:/HACK-PROJECTS/TRINETRA/TRINETRA_ML/standardized/background/random/background_random_000053.wav,background,3.0,16000,1,16,0.00683,0.05295,0.9469,OK,Passed all quality checks
D:/HACK-PROJECTS/TRINETRA/TRINETRA_ML/standardized/background/random/background_random_000054.wav,background,3.0,16000,1,16,6e-05,0.00021,1.0,WARNING,Low signal RMS (0.00006); High silence ratio (1.00)
D:/HACK-PROJECTS/TRINETRA/TRINETRA_ML/standardized/background/random/background_random_000055.wav,background,3.0,16000,1,16,0.00015,0.00128,1.0,WARNING,Low signal RMS (0.00015); High silence ratio (1.00)
D:/HACK-PROJECTS/TRINETRA/TRINETRA_ML/standardized/background/random/background_random_000056.wav,background,3.0,16000,1,16,0.00012,0.00055,1.0,WARNING,Low signal RMS (0.00012); High silence ratio (1.00)
D:/HACK-PROJECTS/TRINETRA/TRINETRA_ML/standardized/background/random/background_random_000057.wav,background,3.0,16000,1,16,9e-05,0.00052,1.0,WARNING,Low signal RMS (0.00009); High silence ratio (1.00)
D:/HACK-PROJECTS/TRINETRA/TRINETRA_ML/standardized/background/random/background_random_000058.wav,background,3.0,16000,1,16,9e-05,0.00037,1.0,WARNING,Low signal RMS (0.00009); High silence ratio (1.00)
D:/HACK-PROJECTS/TRINETRA/TRINETRA_ML/standardized/background/random/background_random_000059.wav,background,3.0,16000,1,16,0.00135,0.01074,0.9986,WARNING,Low signal RMS (0.00135); High silence ratio (1.00)
D:/HACK-PROJECTS/TRINETRA/TRINETRA_ML/standardized/background/random/background_random_000060.wav,background,3.0,16000,1,16,0.00017,0.00146,1.0,WARNING,Low signal RMS (0.00017); High silence ratio (1.00)
D:/HACK-PROJECTS/TRINETRA/TRINETRA_ML/standardized/background/random/background_random_000061.wav,background,3.0,16000,1,16,0.00019,0.00177,1.0,WARNING,Low signal RMS (0.00019); High silence ratio (1.00)
D:/HACK-PROJECTS/TRINETRA/TRINETRA_ML/standardized/background/random/background_random_000062.wav,background,3.0,16000,1,16,0.00016,0.00162,1.0,WARNING,Low signal RMS (0.00016); High silence ratio (1.00)
D:/HACK-PROJECTS/TRINETRA/TRINETRA_ML/standardized/background/random/background_random_000063.wav,background,3.0,16000,1,16,7e-05,0.00037,1.0,WARNING,Low signal RMS (0.00007); High silence ratio (1.00)
D:/HACK-PROJECTS/TRINETRA/TRINETRA_ML/standardized/background/random/background_random_000064.wav,background,3.0,16000,1,16,0.00732,0.06,0.9529,WARNING,High silence ratio (0.95)
D:/HACK-PROJECTS/TRINETRA/TRINETRA_ML/standardized/background/random/background_random_000065.wav,background,3.0,16000,1,16,8e-05,0.00049,1.0,WARNING,Low signal RMS (0.00008); High silence ratio (1.00)
D:/HACK-PROJECTS/TRINETRA/TRINETRA_ML/standardized/background/random/background_random_000066.wav,background,3.0,16000,1,16,0.00115,0.00809,1.0,WARNING,Low signal RMS (0.00115); High silence ratio (1.00)
D:/HACK-PROJECTS/TRINETRA/TRINETRA_ML/standardized/background/random/background_random_000067.wav,background,3.0,16000,1,16,0.00016,0.0011,1.0,WARNING,Low signal RMS (0.00016); High silence ratio (1.00)
D:/HACK-PROJECTS/TRINETRA/TRINETRA_ML/standardized/background/random/background_random_000068.wav,background,3.0,16000,1,16,7e-05,0.00027,1.0,WARNING,Low signal RMS (0.00007); High silence ratio (1.00)
D:/HACK-PROJECTS/TRINETRA/TRINETRA_ML/standardized/background/random/background_random_000069.wav,background,3.0,16000,1,16,0.0001,0.00043,1.0,WARNING,Low signal RMS (0.00010); High silence ratio (1.00)
D:/HACK-PROJECTS/TRINETRA/TRINETRA_ML/standardized/background/random/background_random_000070.wav,background,3.0,16000,1,16,0.0001,0.00055,1.0,WARNING,Low signal RMS (0.00010); High silence ratio (1.00)
D:/HACK-PROJECTS/TRINETRA/TRINETRA_ML/standardized/background/random/background_random_000071.wav,background,3.0,16000,1,16,0.00012,0.0011,1.0,WARNING,Low signal RMS (0.00012); High silence ratio (1.00)
D:/HACK-PROJECTS/TRINETRA/TRINETRA_ML/standardized/background/random/background_random_000072.wav,background,3.0,16000,1,16,7e-05,0.00034,1.0,WARNING,Low signal RMS (0.00007); High silence ratio (1.00)
D:/HACK-PROJECTS/TRINETRA/TRINETRA_ML/standardized/background/random/background_random_000073.wav,background,3.0,16000,1,16,0.00011,0.00049,1.0,WARNING,Low signal RMS (0.00011); High silence ratio (1.00)
D:/HACK-PROJECTS/TRINETRA/TRINETRA_ML/standardized/background/random/background_random_000074.wav,background,3.0,16000,1,16,0.00011,0.00073,1.0,WARNING,Low signal RMS (0.00011); High silence ratio (1.00)
D:/HACK-PROJECTS/TRINETRA/TRINETRA_ML/standardized/background/random/background_random_000075.wav,background,3.0,16000,1,16,0.00011,0.00043,1.0,WARNING,Low signal RMS (0.00011); High silence ratio (1.00)
D:/HACK-PROJECTS/TRINETRA/TRINETRA_ML/standardized/background/random/background_random_000076.wav,background,3.0,16000,1,16,0.0002,0.00098,1.0,WARNING,Low signal RMS (0.00020); High silence ratio (1.00)
D:/HACK-PROJECTS/TRINETRA/TRINETRA_ML/standardized/background/random/background_random_000077.wav,background,3.0,16000,1,16,0.00026,0.00122,1.0,WARNING,Low signal RMS (0.00026); High silence ratio (1.00)
D:/HACK-PROJECTS/TRINETRA/TRINETRA_ML/standardized/background/random/background_random_000078.wav,background,3.0,16000,1,16,0.00055,0.00296,1.0,WARNING,Low signal RMS (0.00055); High silence ratio (1.00)
D:/HACK-PROJECTS/TRINETRA/TRINETRA_ML/standardized/background/random/background_random_000079.wav,background,3.0,16000,1,16,0.00016,0.0007,1.0,WARNING,Low signal RMS (0.00016); High silence ratio (1.00)
D:/HACK-PROJECTS/TRINETRA/TRINETRA_ML/standardized/background/random/background_random_000080.wav,background,3.0,16000,1,16,0.0002,0.00128,1.0,WARNING,Low signal RMS (0.00020); High silence ratio (1.00)
D:/HACK-PROJECTS/TRINETRA/TRINETRA_ML/standardized/background/random/background_random_000081.wav,background,3.0,16000,1,16,0.00013,0.00079,1.0,WARNING,Low signal RMS (0.00013); High silence ratio (1.00)
D:/HACK-PROJECTS/TRINETRA/TRINETRA_ML/standardized/background/random/background_random_000082.wav,background,3.0,16000,1,16,0.00033,0.00253,1.0,WARNING,Low signal RMS (0.00033); High silence ratio (1.00)
D:/HACK-PROJECTS/TRINETRA/TRINETRA_ML/standardized/background/random/background_random_000083.wav,background,3.0,16000,1,16,0.00204,0.01517,0.9903,WARNING,Low signal RMS (0.00204); High silence ratio (0.99)
D:/HACK-PROJECTS/TRINETRA/TRINETRA_ML/standardized/background/random/background_random_000084.wav,background,3.0,16000,1,16,0.0019,0.02609,0.9915,WARNING,Low signal RMS (0.00190); High silence ratio (0.99)
D:/HACK-PROJECTS/TRINETRA/TRINETRA_ML/standardized/background/random/background_random_000085.wav,background,3.0,16000,1,16,0.00174,0.02805,0.9922,WARNING,Low signal RMS (0.00174); High silence ratio (0.99)
D:/HACK-PROJECTS/TRINETRA/TRINETRA_ML/standardized/background/random/background_random_000086.wav,background,3.0,16000,1,16,0.00172,0.01712,0.9948,WARNING,Low signal RMS (0.00172); High silence ratio (0.99)
D:/HACK-PROJECTS/TRINETRA/TRINETRA_ML/standardized/background/random/background_random_000087.wav,background,3.0,16000,1,16,0.00152,0.01682,0.9954,WARNING,Low signal RMS (0.00152); High silence ratio (1.00)
D:/HACK-PROJECTS/TRINETRA/TRINETRA_ML/standardized/background/random/background_random_000088.wav,background,3.0,16000,1,16,0.00162,0.0155,0.9963,WARNING,Low signal RMS (0.00162); High silence ratio (1.00)
D:/HACK-PROJECTS/TRINETRA/TRINETRA_ML/standardized/background/random/background_random_000089.wav,background,3.0,16000,1,16,0.00171,0.01938,0.9929,WARNING,Low signal RMS (0.00171); High silence ratio (0.99)
D:/HACK-PROJECTS/TRINETRA/TRINETRA_ML/standardized/background/random/background_random_000090.wav,background,3.0,16000,1,16,0.00185,0.01877,0.9918,WARNING,Low signal RMS (0.00185); High silence ratio (0.99)
D:/HACK-PROJECTS/TRINETRA/TRINETRA_ML/standardized/background/random/background_random_000091.wav,background,3.0,16000,1,16,0.00149,0.01611,0.9933,WARNING,Low signal RMS (0.00149); High silence ratio (0.99)
D:/HACK-PROJECTS/TRINETRA/TRINETRA_ML/standardized/background/random/background_random_000092.wav,background,3.0,16000,1,16,0.0033,0.03314,0.9759,WARNING,Low signal RMS (0.00330); High silence ratio (0.98)
D:/HACK-PROJECTS/TRINETRA/TRINETRA_ML/standardized/background/random/background_random_000093.wav,background,3.0,16000,1,16,0.00127,0.01593,0.9988,WARNING,Low signal RMS (0.00127); High silence ratio (1.00)
D:/HACK-PROJECTS/TRINETRA/TRINETRA_ML/standardized/background/random/background_random_000094.wav,background,3.0,16000,1,16,0.00134,0.02014,0.9976,WARNING,Low signal RMS (0.00134); High silence ratio (1.00)
D:/HACK-PROJECTS/TRINETRA/TRINETRA_ML/standardized/background/random/background_random_000095.wav,background,3.0,16000,1,16,0.0023,0.01883,0.9891,WARNING,Low signal RMS (0.00230); High silence ratio (0.99)
D:/HACK-PROJECTS/TRINETRA/TRINETRA_ML/standardized/background/random/background_random_000096.wav,background,3.0,16000,1,16,0.00038,0.00171,1.0,WARNING,Low signal RMS (0.00038); High silence ratio (1.00)
D:/HACK-PROJECTS/TRINETRA/TRINETRA_ML/standardized/background/random/background_random_000097.wav,background,3.0,16000,1,16,0.00253,0.03574,0.9863,WARNING,Low signal RMS (0.00253); High silence ratio (0.99)
D:/HACK-PROJECTS/TRINETRA/TRINETRA_ML/standardized/background/random/background_random_000098.wav,background,3.0,16000,1,16,0.00355,0.03705,0.9652,WARNING,Low signal RMS (0.00355); High silence ratio (0.97)
D:/HACK-PROJECTS/TRINETRA/TRINETRA_ML/standardized/background/random/background_random_000099.wav,background,3.0,16000,1,16,0.00047,0.00562,1.0,WARNING,Low signal RMS (0.00047); High silence ratio (1.00)
D:/HACK-PROJECTS/TRINETRA/TRINETRA_ML/standardized/background/random/background_random_000100.wav,background,3.0,16000,1,16,0.00039,0.00302,1.0,WARNING,Low signal RMS (0.00039); High silence ratio (1.00)
D:/HACK-PROJECTS/TRINETRA/TRINETRA_ML/standardized/background/random/background_random_000101.wav,background,3.0,16000,1,16,0.0014,0.01797,0.994,WARNING,Low signal RMS (0.00140); High silence ratio (0.99)
D:/HACK-PROJECTS/TRINETRA/TRINETRA_ML/standardized/background/random/background_random_000102.wav,background,3.0,16000,1,16,0.00091,0.00891,1.0,WARNING,Low signal RMS (0.00091); High silence ratio (1.00)
D:/HACK-PROJECTS/TRINETRA/TRINETRA_ML/standardized/background/random/background_random_000103.wav,background,3.0,16000,1,16,0.00366,0.04819,0.9764,WARNING,Low signal RMS (0.00366); High silence ratio (0.98)
D:/HACK-PROJECTS/TRINETRA/TRINETRA_ML/standardized/background/random/background_random_000104.wav,background,3.0,16000,1,16,0.00107,0.01208,0.9997,WARNING,Low signal RMS (0.00107); High silence ratio (1.00)
D:/HACK-PROJECTS/TRINETRA/TRINETRA_ML/standardized/background/random/background_random_000105.wav,background,3.0,16000,1,16,0.00542,0.08752,0.9362,OK,Passed all quality checks
D:/HACK-PROJECTS/TRINETRA/TRINETRA_ML/standardized/background/random/background_random_000106.wav,background,3.0,16000,1,16,0.00087,0.01047,0.9986,WARNING,Low signal RMS (0.00087); High silence ratio (1.00)
D:/HACK-PROJECTS/TRINETRA/TRINETRA_ML/standardized/background/random/background_random_000107.wav,background,3.0,16000,1,16,0.00395,0.0256,0.9569,WARNING,Low signal RMS (0.00395); High silence ratio (0.96)
D:/HACK-PROJECTS/TRINETRA/TRINETRA_ML/standardized/background/random/background_random_000108.wav,background,3.0,16000,1,16,0.00237,0.02094,0.9889,WARNING,Low signal RMS (0.00237); High silence ratio (0.99)
D:/HACK-PROJECTS/TRINETRA/TRINETRA_ML/standardized/background/random/background_random_000109.wav,background,3.0,16000,1,16,0.00153,0.01559,0.9971,WARNING,Low signal RMS (0.00153); High silence ratio (1.00)
D:/HACK-PROJECTS/TRINETRA/TRINETRA_ML/standardized/background/random/background_random_000110.wav,background,3.0,16000,1,16,0.0023,0.02853,0.9867,WARNING,Low signal RMS (0.00230); High silence ratio (0.99)
D:/HACK-PROJECTS/TRINETRA/TRINETRA_ML/standardized/background/random/background_random_000111.wav,background,3.0,16000,1,16,0.00256,0.02921,0.9821,WARNING,Low signal RMS (0.00256); High silence ratio (0.98)
D:/HACK-PROJECTS/TRINETRA/TRINETRA_ML/standardized/background/random/background_random_000112.wav,background,3.0,16000,1,16,0.00312,0.03677,0.9769,WARNING,Low signal RMS (0.00312); High silence ratio (0.98)
D:/HACK-PROJECTS/TRINETRA/TRINETRA_ML/standardized/background/random/background_random_000113.wav,background,3.0,16000,1,16,0.00053,0.0076,1.0,WARNING,Low signal RMS (0.00053); High silence ratio (1.00)
D:/HACK-PROJECTS/TRINETRA/TRINETRA_ML/standardized/background/random/background_random_000114.wav,background,3.0,16000,1,16,0.00387,0.0336,0.9624,WARNING,Low signal RMS (0.00387); High silence ratio (0.96)
D:/HACK-PROJECTS/TRINETRA/TRINETRA_ML/standardized/background/random/background_random_000115.wav,background,3.0,16000,1,16,0.00086,0.00961,1.0,WARNING,Low signal RMS (0.00086); High silence ratio (1.00)
D:/HACK-PROJECTS/TRINETRA/TRINETRA_ML/standardized/background/random/background_random_000116.wav,background,3.0,16000,1,16,0.00282,0.02216,0.9787,WARNING,Low signal RMS (0.00282); High silence ratio (0.98)
D:/HACK-PROJECTS/TRINETRA/TRINETRA_ML/standardized/background/random/background_random_000117.wav,background,3.0,16000,1,16,0.00204,0.0162,0.996,WARNING,Low signal RMS (0.00204); High silence ratio (1.00)
D:/HACK-PROJECTS/TRINETRA/TRINETRA_ML/standardized/background/random/background_random_000118.wav,background,3.0,16000,1,16,0.00297,0.03558,0.9853,WARNING,Low signal RMS (0.00297); High silence ratio (0.99)
D:/HACK-PROJECTS/TRINETRA/TRINETRA_ML/standardized/background/random/background_random_000119.wav,background,3.0,16000,1,16,0.00322,0.03125,0.9749,WARNING,Low signal RMS (0.00322); High silence ratio (0.97)
D:/HACK-PROJECTS/TRINETRA/TRINETRA_ML/standardized/background/random/background_random_000120.wav,background,3.0,16000,1,16,0.00236,0.02139,0.9825,WARNING,Low signal RMS (0.00236); High silence ratio (0.98)
D:/HACK-PROJECTS/TRINETRA/TRINETRA_ML/standardized/background/random/background_random_000121.wav,background,3.0,16000,1,16,0.00219,0.02524,0.9872,WARNING,Low signal RMS (0.00219); High silence ratio (0.99)
D:/HACK-PROJECTS/TRINETRA/TRINETRA_ML/standardized/background/random/background_random_000122.wav,background,3.0,16000,1,16,0.00098,0.01288,0.9992,WARNING,Low signal RMS (0.00098); High silence ratio (1.00)
D:/HACK-PROJECTS/TRINETRA/TRINETRA_ML/standardized/background/random/background_random_000123.wav,background,3.0,16000,1,16,0.00597,0.047,0.9189,OK,Passed all quality checks
D:/HACK-PROJECTS/TRINETRA/TRINETRA_ML/standardized/background/random/background_random_000124.wav,background,3.0,16000,1,16,0.00308,0.02936,0.9721,WARNING,Low signal RMS (0.00308); High silence ratio (0.97)
D:/HACK-PROJECTS/TRINETRA/TRINETRA_ML/standardized/background/random/background_random_000125.wav,background,3.0,16000,1,16,0.00411,0.03159,0.9485,WARNING,Low signal RMS (0.00411)
D:/HACK-PROJECTS/TRINETRA/TRINETRA_ML/standardized/background/random/background_random_000126.wav,background,3.0,16000,1,16,0.00096,0.0072,1.0,WARNING,Low signal RMS (0.00096); High silence ratio (1.00)
D:/HACK-PROJECTS/TRINETRA/TRINETRA_ML/standardized/background/random/background_random_000127.wav,background,3.0,16000,1,16,0.00573,0.04669,0.9104,OK,Passed all quality checks
D:/HACK-PROJECTS/TRINETRA/TRINETRA_ML/standardized/background/random/background_random_000128.wav,background,3.0,16000,1,16,0.00664,0.03708,0.8662,OK,Passed all quality checks
D:/HACK-PROJECTS/TRINETRA/TRINETRA_ML/standardized/background/random/background_random_000129.wav,background,3.0,16000,1,16,0.00564,0.04703,0.9092,OK,Passed all quality checks
D:/HACK-PROJECTS/TRINETRA/TRINETRA_ML/standardized/background/random/background_random_000130.wav,background,3.0,16000,1,16,0.01017,0.06989,0.7225,OK,Passed all quality checks
D:/HACK-PROJECTS/TRINETRA/TRINETRA_ML/standardized/background/random/background_random_000131.wav,background,3.0,16000,1,16,0.01013,0.07233,0.7519,OK,Passed all quality checks
D:/HACK-PROJECTS/TRINETRA/TRINETRA_ML/standardized/background/random/background_random_000132.wav,background,3.0,16000,1,16,0.00906,0.05823,0.792,OK,Passed all quality checks
D:/HACK-PROJECTS/TRINETRA/TRINETRA_ML/standardized/background/random/background_random_000133.wav,background,3.0,16000,1,16,0.03154,0.31573,0.4274,OK,Passed all quality checks
D:/HACK-PROJECTS/TRINETRA/TRINETRA_ML/standardized/background/random/background_random_000134.wav,background,3.0,16000,1,16,0.03094,0.25272,0.3936,OK,Passed all quality checks
D:/HACK-PROJECTS/TRINETRA/TRINETRA_ML/standardized/background/random/background_random_000135.wav,background,3.0,16000,1,16,0.00916,0.10315,0.8719,OK,Passed all quality checks
D:/HACK-PROJECTS/TRINETRA/TRINETRA_ML/standardized/background/random/background_random_000136.wav,background,3.0,16000,1,16,0.01748,0.15247,0.5968,OK,Passed all quality checks
D:/HACK-PROJECTS/TRINETRA/TRINETRA_ML/standardized/background/random/background_random_000137.wav,background,3.0,16000,1,16,0.02072,0.15173,0.6212,OK,Passed all quality checks
D:/HACK-PROJECTS/TRINETRA/TRINETRA_ML/standardized/background/random/background_random_000138.wav,background,3.0,16000,1,16,0.02794,0.16705,0.4105,OK,Passed all quality checks
D:/HACK-PROJECTS/TRINETRA/TRINETRA_ML/standardized/background/random/background_random_000139.wav,background,3.0,16000,1,16,0.04643,0.26248,0.321,OK,Passed all quality checks
D:/HACK-PROJECTS/TRINETRA/TRINETRA_ML/standardized/background/random/background_random_000140.wav,background,3.0,16000,1,16,0.03392,0.23651,0.3918,OK,Passed all quality checks
D:/HACK-PROJECTS/TRINETRA/TRINETRA_ML/standardized/background/random/background_random_000141.wav,background,3.0,16000,1,16,0.00837,0.20847,0.8469,OK,Passed all quality checks
D:/HACK-PROJECTS/TRINETRA/TRINETRA_ML/standardized/background/random/background_random_000142.wav,background,3.0,16000,1,16,0.04713,0.36911,0.3212,OK,Passed all quality checks
D:/HACK-PROJECTS/TRINETRA/TRINETRA_ML/standardized/background/random/background_random_000143.wav,background,3.0,16000,1,16,0.05153,0.30051,0.335,OK,Passed all quality checks
D:/HACK-PROJECTS/TRINETRA/TRINETRA_ML/standardized/background/random/background_random_000144.wav,background,3.0,16000,1,16,0.03826,0.2283,0.3307,OK,Passed all quality checks
D:/HACK-PROJECTS/TRINETRA/TRINETRA_ML/standardized/background/random/background_random_000145.wav,background,3.0,16000,1,16,0.02403,0.27481,0.5152,OK,Passed all quality checks
D:/HACK-PROJECTS/TRINETRA/TRINETRA_ML/standardized/background/random/background_random_000146.wav,background,3.0,16000,1,16,0.02438,0.20456,0.4613,OK,Passed all quality checks
D:/HACK-PROJECTS/TRINETRA/TRINETRA_ML/standardized/background/random/background_random_000147.wav,background,3.0,16000,1,16,0.02299,0.14438,0.4587,OK,Passed all quality checks
D:/HACK-PROJECTS/TRINETRA/TRINETRA_ML/standardized/background/random/background_random_000148.wav,background,3.0,16000,1,16,0.02733,0.29095,0.4344,OK,Passed all quality checks
D:/HACK-PROJECTS/TRINETRA/TRINETRA_ML/standardized/background/random/background_random_000149.wav,background,3.0,16000,1,16,0.04443,0.29129,0.383,OK,Passed all quality checks
D:/HACK-PROJECTS/TRINETRA/TRINETRA_ML/standardized/background/random/background_random_000150.wav,background,3.0,16000,1,16,0.05169,0.30582,0.3234,OK,Passed all quality checks
D:/HACK-PROJECTS/TRINETRA/TRINETRA_ML/standardized/background/random/background_random_000151.wav,background,3.0,16000,1,16,0.01816,0.21286,0.6449,OK,Passed all quality checks
D:/HACK-PROJECTS/TRINETRA/TRINETRA_ML/standardized/background/random/background_random_000152.wav,background,3.0,16000,1,16,0.00388,0.0813,0.9701,WARNING,Low signal RMS (0.00388); High silence ratio (0.97)
D:/HACK-PROJECTS/TRINETRA/TRINETRA_ML/standardized/background/random/background_random_000153.wav,background,3.0,16000,1,16,0.03213,0.29956,0.5024,OK,Passed all quality checks
D:/HACK-PROJECTS/TRINETRA/TRINETRA_ML/standardized/background/random/background_random_000154.wav,background,3.0,16000,1,16,0.03444,0.30731,0.4131,OK,Passed all quality checks
D:/HACK-PROJECTS/TRINETRA/TRINETRA_ML/standardized/background/random/background_random_000155.wav,background,3.0,16000,1,16,0.02906,0.29565,0.3809,OK,Passed all quality checks
D:/HACK-PROJECTS/TRINETRA/TRINETRA_ML/standardized/background/random/background_random_000156.wav,background,3.0,16000,1,16,0.04778,0.28033,0.3275,OK,Passed all quality checks
D:/HACK-PROJECTS/TRINETRA/TRINETRA_ML/standardized/background/random/background_random_000157.wav,background,3.0,16000,1,16,0.03662,0.2886,0.3397,OK,Passed all quality checks
D:/HACK-PROJECTS/TRINETRA/TRINETRA_ML/standardized/background/random/background_random_000158.wav,background,3.0,16000,1,16,0.04981,0.31918,0.3095,OK,Passed all quality checks
D:/HACK-PROJECTS/TRINETRA/TRINETRA_ML/standardized/background/random/background_random_000159.wav,background,3.0,16000,1,16,0.02333,0.28976,0.6561,OK,Passed all quality checks
D:/HACK-PROJECTS/TRINETRA/TRINETRA_ML/standardized/background/random/background_random_000160.wav,background,3.0,16000,1,16,0.03484,0.24573,0.5374,OK,Passed all quality checks
D:/HACK-PROJECTS/TRINETRA/TRINETRA_ML/standardized/background/random/background_random_000161.wav,background,3.0,16000,1,16,0.03022,0.23453,0.4722,OK,Passed all quality checks
D:/HACK-PROJECTS/TRINETRA/TRINETRA_ML/standardized/background/random/background_random_000162.wav,background,3.0,16000,1,16,0.03206,0.25586,0.4731,OK,Passed all quality checks
D:/HACK-PROJECTS/TRINETRA/TRINETRA_ML/standardized/background/random/background_random_000163.wav,background,3.0,16000,1,16,0.03417,0.20987,0.446,OK,Passed all quality checks
D:/HACK-PROJECTS/TRINETRA/TRINETRA_ML/standardized/background/random/background_random_000164.wav,background,3.0,16000,1,16,0.0414,0.29828,0.4108,OK,Passed all quality checks
D:/HACK-PROJECTS/TRINETRA/TRINETRA_ML/standardized/background/random/background_random_000165.wav,background,3.0,16000,1,16,0.04045,0.28748,0.4325,OK,Passed all quality checks
D:/HACK-PROJECTS/TRINETRA/TRINETRA_ML/standardized/background/random/background_random_000166.wav,background,3.0,16000,1,16,0.04064,0.31137,0.3669,OK,Passed all quality checks
D:/HACK-PROJECTS/TRINETRA/TRINETRA_ML/standardized/background/random/background_random_000167.wav,background,3.0,16000,1,16,0.04132,0.26501,0.396,OK,Passed all quality checks
D:/HACK-PROJECTS/TRINETRA/TRINETRA_ML/standardized/background/random/background_random_000168.wav,background,3.0,16000,1,16,0.03179,0.17743,0.3479,OK,Passed all quality checks
D:/HACK-PROJECTS/TRINETRA/TRINETRA_ML/standardized/background/random/background_random_000169.wav,background,3.0,16000,1,16,0.04271,0.2818,0.3294,OK,Passed all quality checks
D:/HACK-PROJECTS/TRINETRA/TRINETRA_ML/standardized/background/random/background_random_000170.wav,background,3.0,16000,1,16,0.04232,0.28351,0.3322,OK,Passed all quality checks
D:/HACK-PROJECTS/TRINETRA/TRINETRA_ML/standardized/background/random/background_random_000171.wav,background,3.0,16000,1,16,0.01058,0.07126,0.7067,OK,Passed all quality checks
D:/HACK-PROJECTS/TRINETRA/TRINETRA_ML/standardized/background/random/background_random_000172.wav,background,3.0,16000,1,16,0.0125,0.09515,0.6591,OK,Passed all quality checks
D:/HACK-PROJECTS/TRINETRA/TRINETRA_ML/standardized/background/random/background_random_000173.wav,background,3.0,16000,1,16,0.01417,0.12381,0.5961,OK,Passed all quality checks
D:/HACK-PROJECTS/TRINETRA/TRINETRA_ML/standardized/background/random/background_random_000174.wav,background,3.0,16000,1,16,0.01363,0.1106,0.614,OK,Passed all quality checks
D:/HACK-PROJECTS/TRINETRA/TRINETRA_ML/standardized/background/random/background_random_000175.wav,background,3.0,16000,1,16,0.01467,0.11646,0.6055,OK,Passed all quality checks
D:/HACK-PROJECTS/TRINETRA/TRINETRA_ML/standardized/background/random/background_random_000176.wav,background,3.0,16000,1,16,0.01613,0.12054,0.5623,OK,Passed all quality checks
D:/HACK-PROJECTS/TRINETRA/TRINETRA_ML/standardized/background/random/background_random_000177.wav,background,3.0,16000,1,16,0.01332,0.09818,0.6106,OK,Passed all quality checks
D:/HACK-PROJECTS/TRINETRA/TRINETRA_ML/standardized/background/random/background_random_000178.wav,background,3.0,16000,1,16,0.0145,0.1116,0.5992,OK,Passed all quality checks
D:/HACK-PROJECTS/TRINETRA/TRINETRA_ML/standardized/background/random/background_random_000179.wav,background,3.0,16000,1,16,0.01369,0.11926,0.6312,OK,Passed all quality checks
D:/HACK-PROJECTS/TRINETRA/TRINETRA_ML/standardized/background/random/background_random_000180.wav,background,3.0,16000,1,16,0.01301,0.10672,0.6326,OK,Passed all quality checks
D:/HACK-PROJECTS/TRINETRA/TRINETRA_ML/standardized/background/random/background_random_000181.wav,background,3.0,16000,1,16,0.01156,0.08749,0.7045,OK,Passed all quality checks
D:/HACK-PROJECTS/TRINETRA/TRINETRA_ML/standardized/background/random/background_random_000182.wav,background,3.0,16000,1,16,0.01205,0.1087,0.679,OK,Passed all quality checks
D:/HACK-PROJECTS/TRINETRA/TRINETRA_ML/standardized/background/random/background_random_000183.wav,background,3.0,16000,1,16,0.01015,0.09555,0.7332,OK,Passed all quality checks
D:/HACK-PROJECTS/TRINETRA/TRINETRA_ML/standardized/background/random/background_random_000184.wav,background,3.0,16000,1,16,0.01352,0.10678,0.6569,OK,Passed all quality checks
D:/HACK-PROJECTS/TRINETRA/TRINETRA_ML/standardized/background/random/background_random_000185.wav,background,3.0,16000,1,16,0.01086,0.11945,0.7832,OK,Passed all quality checks
D:/HACK-PROJECTS/TRINETRA/TRINETRA_ML/standardized/background/random/background_random_000186.wav,background,3.0,16000,1,16,0.00712,0.07614,0.8918,OK,Passed all quality checks
D:/HACK-PROJECTS/TRINETRA/TRINETRA_ML/standardized/background/random/background_random_000187.wav,background,3.0,16000,1,16,0.01142,0.08441,0.6917,OK,Passed all quality checks
D:/HACK-PROJECTS/TRINETRA/TRINETRA_ML/standardized/background/random/background_random_000188.wav,background,3.0,16000,1,16,0.01402,0.10962,0.6065,OK,Passed all quality checks
D:/HACK-PROJECTS/TRINETRA/TRINETRA_ML/standardized/background/random/background_random_000189.wav,background,3.0,16000,1,16,0.01992,0.2005,0.502,OK,Passed all quality checks
D:/HACK-PROJECTS/TRINETRA/TRINETRA_ML/standardized/background/random/background_random_000190.wav,background,3.0,16000,1,16,0.01862,0.18234,0.561,OK,Passed all quality checks
D:/HACK-PROJECTS/TRINETRA/TRINETRA_ML/standardized/background/random/background_random_000191.wav,background,3.0,16000,1,16,0.02546,0.21997,0.4028,OK,Passed all quality checks
D:/HACK-PROJECTS/TRINETRA/TRINETRA_ML/standardized/background/random/background_random_000192.wav,background,3.0,16000,1,16,0.02713,0.22656,0.4125,OK,Passed all quality checks
D:/HACK-PROJECTS/TRINETRA/TRINETRA_ML/standardized/background/random/background_random_000193.wav,background,3.0,16000,1,16,0.02741,0.19443,0.3858,OK,Passed all quality checks
D:/HACK-PROJECTS/TRINETRA/TRINETRA_ML/standardized/background/random/background_random_000194.wav,background,3.0,16000,1,16,0.02799,0.22812,0.4315,OK,Passed all quality checks
D:/HACK-PROJECTS/TRINETRA/TRINETRA_ML/standardized/background/random/background_random_000195.wav,background,3.0,16000,1,16,0.02223,0.19238,0.5091,OK,Passed all quality checks
D:/HACK-PROJECTS/TRINETRA/TRINETRA_ML/standardized/background/random/background_random_000196.wav,background,3.0,16000,1,16,0.02092,0.1214,0.4844,OK,Passed all quality checks
D:/HACK-PROJECTS/TRINETRA/TRINETRA_ML/standardized/background/random/background_random_000197.wav,background,3.0,16000,1,16,0.02538,0.15479,0.414,OK,Passed all quality checks
D:/HACK-PROJECTS/TRINETRA/TRINETRA_ML/standardized/background/random/background_random_000198.wav,background,3.0,16000,1,16,0.02738,0.19394,0.3947,OK,Passed all quality checks
D:/HACK-PROJECTS/TRINETRA/TRINETRA_ML/standardized/background/random/background_random_000199.wav,background,3.0,16000,1,16,0.03016,0.29489,0.3826,OK,Passed all quality checks
D:/HACK-PROJECTS/TRINETRA/TRINETRA_ML/standardized/background/random/background_random_000200.wav,background,3.0,16000,1,16,0.02596,0.22241,0.3935,OK,Passed all quality checks
D:/HACK-PROJECTS/TRINETRA/TRINETRA_ML/standardized/background/random/background_random_000201.wav,background,3.0,16000,1,16,0.02496,0.20282,0.416,OK,Passed all quality checks
D:/HACK-PROJECTS/TRINETRA/TRINETRA_ML/standardized/background/random/background_random_000202.wav,background,3.0,16000,1,16,0.03965,0.23138,0.3133,OK,Passed all quality checks
D:/HACK-PROJECTS/TRINETRA/TRINETRA_ML/standardized/background/random/background_random_000203.wav,background,3.0,16000,1,16,0.03816,0.24884,0.3022,OK,Passed all quality checks
D:/HACK-PROJECTS/TRINETRA/TRINETRA_ML/standardized/background/random/background_random_000204.wav,background,3.0,16000,1,16,0.03816,0.20724,0.3024,OK,Passed all quality checks
D:/HACK-PROJECTS/TRINETRA/TRINETRA_ML/standardized/background/random/background_random_000205.wav,background,3.0,16000,1,16,0.02835,0.23175,0.385,OK,Passed all quality checks
D:/HACK-PROJECTS/TRINETRA/TRINETRA_ML/standardized/background/random/background_random_000206.wav,background,3.0,16000,1,16,0.03227,0.17383,0.3333,OK,Passed all quality checks
D:/HACK-PROJECTS/TRINETRA/TRINETRA_ML/standardized/background/random/background_random_000207.wav,background,3.0,16000,1,16,0.03551,0.22546,0.3253,OK,Passed all quality checks
D:/HACK-PROJECTS/TRINETRA/TRINETRA_ML/standardized/background/random/background_random_000208.wav,background,3.0,16000,1,16,0.03761,0.21719,0.3135,OK,Passed all quality checks
D:/HACK-PROJECTS/TRINETRA/TRINETRA_ML/standardized/background/random/background_random_000209.wav,background,3.0,16000,1,16,0.04103,0.22729,0.2901,OK,Passed all quality checks
D:/HACK-PROJECTS/TRINETRA/TRINETRA_ML/standardized/background/random/background_random_000210.wav,background,3.0,16000,1,16,0.03874,0.25552,0.3097,OK,Passed all quality checks
D:/HACK-PROJECTS/TRINETRA/TRINETRA_ML/standardized/background/random/background_random_000211.wav,background,3.0,16000,1,16,0.04427,0.22351,0.2889,OK,Passed all quality checks
D:/HACK-PROJECTS/TRINETRA/TRINETRA_ML/standardized/background/random/background_random_000212.wav,background,3.0,16000,1,16,0.04435,0.25055,0.29,OK,Passed all quality checks
D:/HACK-PROJECTS/TRINETRA/TRINETRA_ML/standardized/background/random/background_random_000213.wav,background,3.0,16000,1,16,0.03903,0.25967,0.3206,OK,Passed all quality checks
D:/HACK-PROJECTS/TRINETRA/TRINETRA_ML/standardized/background/random/background_random_000214.wav,background,3.0,16000,1,16,0.04065,0.26288,0.2991,OK,Passed all quality checks
D:/HACK-PROJECTS/TRINETRA/TRINETRA_ML/standardized/background/random/background_random_000215.wav,background,3.0,16000,1,16,0.05325,0.27017,0.2512,OK,Passed all quality checks
D:/HACK-PROJECTS/TRINETRA/TRINETRA_ML/standardized/background/random/background_random_000216.wav,background,3.0,16000,1,16,0.03687,0.27676,0.4186,OK,Passed all quality checks
D:/HACK-PROJECTS/TRINETRA/TRINETRA_ML/standardized/background/random/background_random_000217.wav,background,3.0,16000,1,16,0.02517,0.17007,0.4135,OK,Passed all quality checks
D:/HACK-PROJECTS/TRINETRA/TRINETRA_ML/standardized/background/random/background_random_000218.wav,background,3.0,16000,1,16,0.01804,0.10138,0.5294,OK,Passed all quality checks
D:/HACK-PROJECTS/TRINETRA/TRINETRA_ML/standardized/background/random/background_random_000219.wav,background,3.0,16000,1,16,0.0615,0.34515,0.2584,OK,Passed all quality checks
D:/HACK-PROJECTS/TRINETRA/TRINETRA_ML/standardized/background/random/background_random_000220.wav,background,3.0,16000,1,16,0.01945,0.09897,0.4656,OK,Passed all quality checks
D:/HACK-PROJECTS/TRINETRA/TRINETRA_ML/standardized/background/random/background_random_000221.wav,background,3.0,16000,1,16,0.01732,0.13211,0.5543,OK,Passed all quality checks
D:/HACK-PROJECTS/TRINETRA/TRINETRA_ML/standardized/background/random/background_random_000222.wav,background,3.0,16000,1,16,0.02648,0.14035,0.3915,OK,Passed all quality checks
D:/HACK-PROJECTS/TRINETRA/TRINETRA_ML/standardized/background/random/background_random_000223.wav,background,3.0,16000,1,16,0.02833,0.16562,0.3636,OK,Passed all quality checks
D:/HACK-PROJECTS/TRINETRA/TRINETRA_ML/standardized/background/random/background_random_000224.wav,background,3.0,16000,1,16,0.03219,0.19135,0.3452,OK,Passed all quality checks
D:/HACK-PROJECTS/TRINETRA/TRINETRA_ML/standardized/background/random/background_random_000225.wav,background,3.0,16000,1,16,0.02963,0.18195,0.3775,OK,Passed all quality checks
D:/HACK-PROJECTS/TRINETRA/TRINETRA_ML/standardized/background/random/background_random_000226.wav,background,3.0,16000,1,16,0.01859,0.09827,0.4963,OK,Passed all quality checks
D:/HACK-PROJECTS/TRINETRA/TRINETRA_ML/standardized/background/random/background_random_000227.wav,background,3.0,16000,1,16,0.02267,0.22394,0.5169,OK,Passed all quality checks
D:/HACK-PROJECTS/TRINETRA/TRINETRA_ML/standardized/background/random/background_random_000228.wav,background,3.0,16000,1,16,0.04084,0.25162,0.6174,OK,Passed all quality checks
D:/HACK-PROJECTS/TRINETRA/TRINETRA_ML/standardized/background/random/background_random_000229.wav,background,3.0,16000,1,16,0.03569,0.28381,0.3278,OK,Passed all quality checks
D:/HACK-PROJECTS/TRINETRA/TRINETRA_ML/standardized/background/random/background_random_000230.wav,background,3.0,16000,1,16,0.04197,0.24445,0.2929,OK,Passed all quality checks
D:/HACK-PROJECTS/TRINETRA/TRINETRA_ML/standardized/background/random/background_random_000231.wav,background,3.0,16000,1,16,0.0243,0.15778,0.4673,OK,Passed all quality checks
D:/HACK-PROJECTS/TRINETRA/TRINETRA_ML/standardized/background/random/background_random_000232.wav,background,3.0,16000,1,16,0.03956,0.2478,0.3103,OK,Passed all quality checks
D:/HACK-PROJECTS/TRINETRA/TRINETRA_ML/standardized/background/random/background_random_000233.wav,background,3.0,16000,1,16,0.05028,0.33258,0.3043,OK,Passed all quality checks
D:/HACK-PROJECTS/TRINETRA/TRINETRA_ML/standardized/background/random/background_random_000234.wav,background,3.0,16000,1,16,0.02533,0.16284,0.4237,OK,Passed all quality checks
D:/HACK-PROJECTS/TRINETRA/TRINETRA_ML/standardized/background/random/background_random_000235.wav,background,3.0,16000,1,16,0.0275,0.16537,0.3795,OK,Passed all quality checks
D:/HACK-PROJECTS/TRINETRA/TRINETRA_ML/standardized/background/random/background_random_000236.wav,background,3.0,16000,1,16,0.04354,0.23315,0.3161,OK,Passed all quality checks
D:/HACK-PROJECTS/TRINETRA/TRINETRA_ML/standardized/background/random/background_random_000237.wav,background,3.0,16000,1,16,0.03091,0.16714,0.4026,OK,Passed all quality checks
D:/HACK-PROJECTS/TRINETRA/TRINETRA_ML/standardized/background/random/background_random_000238.wav,background,3.0,16000,1,16,0.01993,0.09857,0.4641,OK,Passed all quality checks
D:/HACK-PROJECTS/TRINETRA/TRINETRA_ML/standardized/background/random/background_random_000239.wav,background,3.0,16000,1,16,0.03255,0.26007,0.3623,OK,Passed all quality checks
D:/HACK-PROJECTS/TRINETRA/TRINETRA_ML/standardized/background/random/background_random_000240.wav,background,3.0,16000,1,16,0.02905,0.17929,0.3873,OK,Passed all quality checks
D:/HACK-PROJECTS/TRINETRA/TRINETRA_ML/standardized/background/random/background_random_000241.wav,background,3.0,16000,1,16,0.03847,0.19092,0.3073,OK,Passed all quality checks
D:/HACK-PROJECTS/TRINETRA/TRINETRA_ML/standardized/background/random/background_random_000242.wav,background,3.0,16000,1,16,0.02624,0.30951,0.4522,OK,Passed all quality checks
D:/HACK-PROJECTS/TRINETRA/TRINETRA_ML/standardized/background/random/background_random_000243.wav,background,3.0,16000,1,16,0.03344,0.22348,0.4429,OK,Passed all quality checks
D:/HACK-PROJECTS/TRINETRA/TRINETRA_ML/standardized/background/random/background_random_000244.wav,background,3.0,16000,1,16,0.02635,0.18121,0.3971,OK,Passed all quality checks
D:/HACK-PROJECTS/TRINETRA/TRINETRA_ML/standardized/background/random/background_random_000245.wav,background,3.0,16000,1,16,0.02185,0.32468,0.6075,OK,Passed all quality checks
D:/HACK-PROJECTS/TRINETRA/TRINETRA_ML/standardized/background/random/background_random_000246.wav,background,3.0,16000,1,16,0.0193,0.17517,0.6059,OK,Passed all quality checks
D:/HACK-PROJECTS/TRINETRA/TRINETRA_ML/standardized/background/random/background_random_000247.wav,background,3.0,16000,1,16,0.04742,0.23895,0.2836,OK,Passed all quality checks
D:/HACK-PROJECTS/TRINETRA/TRINETRA_ML/standardized/background/random/background_random_000248.wav,background,3.0,16000,1,16,0.03272,0.27759,0.4834,OK,Passed all quality checks
D:/HACK-PROJECTS/TRINETRA/TRINETRA_ML/standardized/background/random/background_random_000249.wav,background,3.0,16000,1,16,0.0446,0.31927,0.395,OK,Passed all quality checks
D:/HACK-PROJECTS/TRINETRA/TRINETRA_ML/standardized/background/random/background_random_000250.wav,background,3.0,16000,1,16,0.03553,0.24286,0.3295,OK,Passed all quality checks
D:/HACK-PROJECTS/TRINETRA/TRINETRA_ML/standardized/background/random/background_random_000251.wav,background,3.0,16000,1,16,0.05644,0.25836,0.2975,OK,Passed all quality checks
D:/HACK-PROJECTS/TRINETRA/TRINETRA_ML/standardized/background/random/background_random_000252.wav,background,3.0,16000,1,16,0.01362,0.11609,0.6268,OK,Passed all quality checks
D:/HACK-PROJECTS/TRINETRA/TRINETRA_ML/standardized/background/random/background_random_000253.wav,background,3.0,16000,1,16,0.03497,0.19955,0.4719,OK,Passed all quality checks
D:/HACK-PROJECTS/TRINETRA/TRINETRA_ML/standardized/background/random/background_random_000254.wav,background,3.0,16000,1,16,0.02167,0.11905,0.4855,OK,Passed all quality checks
D:/HACK-PROJECTS/TRINETRA/TRINETRA_ML/standardized/background/random/background_random_000255.wav,background,3.0,16000,1,16,0.04178,0.2326,0.4449,OK,Passed all quality checks
D:/HACK-PROJECTS/TRINETRA/TRINETRA_ML/standardized/background/random/background_random_000256.wav,background,3.0,16000,1,16,0.04078,0.27585,0.3205,OK,Passed all quality checks
D:/HACK-PROJECTS/TRINETRA/TRINETRA_ML/standardized/background/random/background_random_000257.wav,background,3.0,16000,1,16,0.01141,0.09875,0.7333,OK,Passed all quality checks
D:/HACK-PROJECTS/TRINETRA/TRINETRA_ML/standardized/background/random/background_random_000258.wav,background,3.0,16000,1,16,0.034,0.38718,0.5303,OK,Passed all quality checks
D:/HACK-PROJECTS/TRINETRA/TRINETRA_ML/standardized/background/random/background_random_000259.wav,background,3.0,16000,1,16,0.00574,0.1496,0.9561,WARNING,High silence ratio (0.96)
D:/HACK-PROJECTS/TRINETRA/TRINETRA_ML/standardized/background/random/background_random_000260.wav,background,3.0,16000,1,16,0.00735,0.12466,0.9127,OK,Passed all quality checks
D:/HACK-PROJECTS/TRINETRA/TRINETRA_ML/standardized/background/random/background_random_000261.wav,background,3.0,16000,1,16,0.02333,0.16385,0.5774,OK,Passed all quality checks
D:/HACK-PROJECTS/TRINETRA/TRINETRA_ML/standardized/background/random/background_random_000262.wav,background,3.0,16000,1,16,0.00431,0.06018,0.9574,WARNING,Low signal RMS (0.00431); High silence ratio (0.96)
D:/HACK-PROJECTS/TRINETRA/TRINETRA_ML/standardized/background/random/background_random_000263.wav,background,3.0,16000,1,16,0.00053,0.00439,1.0,WARNING,Low signal RMS (0.00053); High silence ratio (1.00)
D:/HACK-PROJECTS/TRINETRA/TRINETRA_ML/standardized/background/random/background_random_000264.wav,background,3.0,16000,1,16,0.02987,0.14426,0.5755,OK,Passed all quality checks
D:/HACK-PROJECTS/TRINETRA/TRINETRA_ML/standardized/background/random/background_random_000265.wav,background,3.0,16000,1,16,0.01118,0.11859,0.8422,OK,Passed all quality checks
D:/HACK-PROJECTS/TRINETRA/TRINETRA_ML/standardized/background/random/background_random_000266.wav,background,3.0,16000,1,16,0.0007,0.00751,1.0,WARNING,Low signal RMS (0.00070); High silence ratio (1.00)
D:/HACK-PROJECTS/TRINETRA/TRINETRA_ML/standardized/background/random/background_random_000267.wav,background,3.0,16000,1,16,0.00082,0.0094,1.0,WARNING,Low signal RMS (0.00082); High silence ratio (1.00)
D:/HACK-PROJECTS/TRINETRA/TRINETRA_ML/standardized/background/random/background_random_000268.wav,background,3.0,16000,1,16,0.0247,0.16891,0.6874,OK,Passed all quality checks
D:/HACK-PROJECTS/TRINETRA/TRINETRA_ML/standardized/background/random/background_random_000269.wav,background,3.0,16000,1,16,0.00665,0.0448,0.8695,OK,Passed all quality checks
D:/HACK-PROJECTS/TRINETRA/TRINETRA_ML/standardized/background/random/background_random_000270.wav,background,3.0,16000,1,16,0.00328,0.0202,0.9687,WARNING,Low signal RMS (0.00328); High silence ratio (0.97)
D:/HACK-PROJECTS/TRINETRA/TRINETRA_ML/standardized/background/random/background_random_000271.wav,background,3.0,16000,1,16,0.00347,0.02933,0.9715,WARNING,Low signal RMS (0.00347); High silence ratio (0.97)
D:/HACK-PROJECTS/TRINETRA/TRINETRA_ML/standardized/background/random/background_random_000272.wav,background,3.0,16000,1,16,0.00155,0.02051,0.9961,WARNING,Low signal RMS (0.00155); High silence ratio (1.00)
D:/HACK-PROJECTS/TRINETRA/TRINETRA_ML/standardized/background/random/background_random_000273.wav,background,3.0,16000,1,16,0.00866,0.04507,0.7778,OK,Passed all quality checks
D:/HACK-PROJECTS/TRINETRA/TRINETRA_ML/standardized/background/random/background_random_000274.wav,background,3.0,16000,1,16,0.00455,0.04297,0.9431,WARNING,Low signal RMS (0.00455)
D:/HACK-PROJECTS/TRINETRA/TRINETRA_ML/standardized/background/random/background_random_000275.wav,background,3.0,16000,1,16,0.00979,0.09271,0.8461,OK,Passed all quality checks
D:/HACK-PROJECTS/TRINETRA/TRINETRA_ML/standardized/background/random/background_random_000276.wav,background,3.0,16000,1,16,0.00787,0.05603,0.8407,OK,Passed all quality checks
D:/HACK-PROJECTS/TRINETRA/TRINETRA_ML/standardized/background/random/background_random_000277.wav,background,3.0,16000,1,16,0.01138,0.11029,0.768,OK,Passed all quality checks
D:/HACK-PROJECTS/TRINETRA/TRINETRA_ML/standardized/background/random/background_random_000278.wav,background,3.0,16000,1,16,0.01033,0.06723,0.756,OK,Passed all quality checks
D:/HACK-PROJECTS/TRINETRA/TRINETRA_ML/standardized/background/traffic/background_traffic_000001.wav,background,1.5,16000,1,16,0.06742,0.24915,0.1182,OK,Passed all quality checks
D:/HACK-PROJECTS/TRINETRA/TRINETRA_ML/standardized/background/traffic/background_traffic_000002.wav,background,1.5,16000,1,16,0.08211,0.32327,0.12,OK,Passed all quality checks
D:/HACK-PROJECTS/TRINETRA/TRINETRA_ML/standardized/background/traffic/background_traffic_000003.wav,background,1.5,16000,1,16,0.06948,0.2551,0.1185,OK,Passed all quality checks
D:/HACK-PROJECTS/TRINETRA/TRINETRA_ML/standardized/background/traffic/background_traffic_000004.wav,background,1.5,16000,1,16,0.0576,0.21774,0.1472,OK,Passed all quality checks
D:/HACK-PROJECTS/TRINETRA/TRINETRA_ML/standardized/background/traffic/background_traffic_000005.wav,background,1.5,16000,1,16,0.05003,0.2659,0.1728,OK,Passed all quality checks
D:/HACK-PROJECTS/TRINETRA/TRINETRA_ML/standardized/background/traffic/background_traffic_000006.wav,background,1.5,16000,1,16,0.10533,0.42752,0.1288,OK,Passed all quality checks
D:/HACK-PROJECTS/TRINETRA/TRINETRA_ML/standardized/background/traffic/background_traffic_000007.wav,background,1.5,16000,1,16,0.07369,0.31339,0.142,OK,Passed all quality checks
D:/HACK-PROJECTS/TRINETRA/TRINETRA_ML/standardized/background/traffic/background_traffic_000008.wav,background,1.5,16000,1,16,0.0633,0.27625,0.1499,OK,Passed all quality checks
D:/HACK-PROJECTS/TRINETRA/TRINETRA_ML/standardized/background/traffic/background_traffic_000009.wav,background,1.5,16000,1,16,0.10198,0.34528,0.0932,OK,Passed all quality checks
D:/HACK-PROJECTS/TRINETRA/TRINETRA_ML/standardized/background/traffic/background_traffic_000010.wav,background,1.5,16000,1,16,0.06873,0.27805,0.1384,OK,Passed all quality checks
D:/HACK-PROJECTS/TRINETRA/TRINETRA_ML/standardized/background/traffic/background_traffic_000011.wav,background,1.5,16000,1,16,0.08221,0.28833,0.1215,OK,Passed all quality checks
D:/HACK-PROJECTS/TRINETRA/TRINETRA_ML/standardized/background/traffic/background_traffic_000012.wav,background,1.5,16000,1,16,0.0728,0.25964,0.1113,OK,Passed all quality checks
D:/HACK-PROJECTS/TRINETRA/TRINETRA_ML/standardized/background/traffic/background_traffic_000013.wav,background,1.5,16000,1,16,0.06884,0.29468,0.1305,OK,Passed all quality checks
D:/HACK-PROJECTS/TRINETRA/TRINETRA_ML/standardized/background/traffic/background_traffic_000014.wav,background,1.5,16000,1,16,0.06212,0.26791,0.1315,OK,Passed all quality checks
D:/HACK-PROJECTS/TRINETRA/TRINETRA_ML/standardized/background/traffic/background_traffic_000015.wav,background,1.5,16000,1,16,0.06551,0.26334,0.1487,OK,Passed all quality checks
D:/HACK-PROJECTS/TRINETRA/TRINETRA_ML/standardized/background/traffic/background_traffic_000016.wav,background,1.5,16000,1,16,0.04525,0.21741,0.1763,OK,Passed all quality checks
D:/HACK-PROJECTS/TRINETRA/TRINETRA_ML/standardized/background/traffic/background_traffic_000017.wav,background,1.5,16000,1,16,0.04848,0.21182,0.1708,OK,Passed all quality checks
D:/HACK-PROJECTS/TRINETRA/TRINETRA_ML/standardized/background/traffic/background_traffic_000018.wav,background,1.5,16000,1,16,0.04951,0.22363,0.1717,OK,Passed all quality checks
D:/HACK-PROJECTS/TRINETRA/TRINETRA_ML/standardized/background/traffic/background_traffic_000019.wav,background,1.5,16000,1,16,0.04019,0.19022,0.1925,OK,Passed all quality checks
D:/HACK-PROJECTS/TRINETRA/TRINETRA_ML/standardized/background/traffic/background_traffic_000020.wav,background,1.5,16000,1,16,0.05292,0.22183,0.1611,OK,Passed all quality checks
D:/HACK-PROJECTS/TRINETRA/TRINETRA_ML/standardized/background/tv/background_tv_000001.wav,background,1.5,16000,1,16,0.04112,0.16003,0.1909,OK,Passed all quality checks
D:/HACK-PROJECTS/TRINETRA/TRINETRA_ML/standardized/background/tv/background_tv_000002.wav,background,1.5,16000,1,16,0.0415,0.16971,0.1906,OK,Passed all quality checks
D:/HACK-PROJECTS/TRINETRA/TRINETRA_ML/standardized/background/tv/background_tv_000003.wav,background,1.5,16000,1,16,0.04152,0.16541,0.195,OK,Passed all quality checks
D:/HACK-PROJECTS/TRINETRA/TRINETRA_ML/standardized/background/tv/background_tv_000004.wav,background,1.5,16000,1,16,0.04152,0.17288,0.1881,OK,Passed all quality checks
D:/HACK-PROJECTS/TRINETRA/TRINETRA_ML/standardized/background/tv/background_tv_000005.wav,background,1.5,16000,1,16,0.04187,0.1658,0.1879,OK,Passed all quality checks
D:/HACK-PROJECTS/TRINETRA/TRINETRA_ML/standardized/background/tv/background_tv_000006.wav,background,1.5,16000,1,16,0.04147,0.17596,0.1884,OK,Passed all quality checks
D:/HACK-PROJECTS/TRINETRA/TRINETRA_ML/standardized/background/tv/background_tv_000007.wav,background,1.5,16000,1,16,0.04126,0.16925,0.1927,OK,Passed all quality checks
D:/HACK-PROJECTS/TRINETRA/TRINETRA_ML/standardized/background/tv/background_tv_000008.wav,background,1.5,16000,1,16,0.04157,0.16611,0.1911,OK,Passed all quality checks
D:/HACK-PROJECTS/TRINETRA/TRINETRA_ML/standardized/background/tv/background_tv_000009.wav,background,1.5,16000,1,16,0.04147,0.17166,0.1881,OK,Passed all quality checks
D:/HACK-PROJECTS/TRINETRA/TRINETRA_ML/standardized/background/tv/background_tv_000010.wav,background,1.5,16000,1,16,0.04181,0.17648,0.1931,OK,Passed all quality checks
D:/HACK-PROJECTS/TRINETRA/TRINETRA_ML/standardized/background/tv/background_tv_000011.wav,background,1.5,16000,1,16,0.04178,0.17203,0.1872,OK,Passed all quality checks
D:/HACK-PROJECTS/TRINETRA/TRINETRA_ML/standardized/background/tv/background_tv_000012.wav,background,1.5,16000,1,16,0.04159,0.16376,0.1888,OK,Passed all quality checks
D:/HACK-PROJECTS/TRINETRA/TRINETRA_ML/standardized/background/tv/background_tv_000013.wav,background,1.5,16000,1,16,0.04154,0.17679,0.1921,OK,Passed all quality checks
D:/HACK-PROJECTS/TRINETRA/TRINETRA_ML/standardized/background/tv/background_tv_000014.wav,background,1.5,16000,1,16,0.04166,0.18909,0.1858,OK,Passed all quality checks
D:/HACK-PROJECTS/TRINETRA/TRINETRA_ML/standardized/background/tv/background_tv_000015.wav,background,1.5,16000,1,16,0.04147,0.16006,0.191,OK,Passed all quality checks
D:/HACK-PROJECTS/TRINETRA/TRINETRA_ML/standardized/background/tv/background_tv_000016.wav,background,1.5,16000,1,16,0.04174,0.16772,0.1891,OK,Passed all quality checks
D:/HACK-PROJECTS/TRINETRA/TRINETRA_ML/standardized/background/tv/background_tv_000017.wav,background,1.5,16000,1,16,0.04179,0.18054,0.1934,OK,Passed all quality checks
D:/HACK-PROJECTS/TRINETRA/TRINETRA_ML/standardized/background/tv/background_tv_000018.wav,background,1.5,16000,1,16,0.04176,0.17212,0.1905,OK,Passed all quality checks
D:/HACK-PROJECTS/TRINETRA/TRINETRA_ML/standardized/background/tv/background_tv_000019.wav,background,1.5,16000,1,16,0.04161,0.15543,0.1904,OK,Passed all quality checks
D:/HACK-PROJECTS/TRINETRA/TRINETRA_ML/standardized/background/tv/background_tv_000020.wav,background,1.5,16000,1,16,0.04164,0.17798,0.1923,OK,Passed all quality checks
D:/HACK-PROJECTS/TRINETRA/TRINETRA_ML/standardized/negative/negative_000001.wav,negative,0.8591875,16000,1,16,0.10509,0.6463,0.5953,OK,Passed all quality checks
D:/HACK-PROJECTS/TRINETRA/TRINETRA_ML/standardized/negative/negative_000002.wav,negative,1.648625,16000,1,16,0.07189,0.53699,0.7601,OK,Passed all quality checks
D:/HACK-PROJECTS/TRINETRA/TRINETRA_ML/standardized/negative/negative_000003.wav,negative,0.719875,16000,1,16,0.15378,0.83521,0.4754,OK,Passed all quality checks
D:/HACK-PROJECTS/TRINETRA/TRINETRA_ML/standardized/negative/negative_000004.wav,negative,0.905625,16000,1,16,0.14507,0.89288,0.3884,OK,Passed all quality checks
D:/HACK-PROJECTS/TRINETRA/TRINETRA_ML/standardized/negative/negative_000005.wav,negative,1.4164375,16000,1,16,0.10833,0.73645,0.3729,OK,Passed all quality checks
D:/HACK-PROJECTS/TRINETRA/TRINETRA_ML/standardized/negative/negative_000006.wav,negative,1.0449375,16000,1,16,0.10037,0.72351,0.6216,OK,Passed all quality checks
D:/HACK-PROJECTS/TRINETRA/TRINETRA_ML/standardized/negative/negative_000007.wav,negative,1.76475,16000,1,16,0.17145,0.91855,0.5096,OK,Passed all quality checks
D:/HACK-PROJECTS/TRINETRA/TRINETRA_ML/standardized/negative/negative_000008.wav,negative,1.55575,16000,1,16,0.0411,0.28842,0.6177,OK,Passed all quality checks
D:/HACK-PROJECTS/TRINETRA/TRINETRA_ML/standardized/negative/negative_000009.wav,negative,1.55575,16000,1,16,0.0411,0.28842,0.6177,OK,Passed all quality checks
D:/HACK-PROJECTS/TRINETRA/TRINETRA_ML/standardized/negative/negative_000010.wav,negative,1.2539375,16000,1,16,0.16795,0.90335,0.454,OK,Passed all quality checks
D:/HACK-PROJECTS/TRINETRA/TRINETRA_ML/standardized/negative/negative_000011.wav,negative,1.6021875,16000,1,16,0.16678,0.88644,0.3269,OK,Passed all quality checks
D:/HACK-PROJECTS/TRINETRA/TRINETRA_ML/standardized/negative/negative_000012.wav,negative,3.0,16000,1,16,0.01193,0.14151,0.876,OK,Passed all quality checks
D:/HACK-PROJECTS/TRINETRA/TRINETRA_ML/standardized/negative/negative_000013.wav,negative,3.0,16000,1,16,0.02611,0.20944,0.79,OK,Passed all quality checks
D:/HACK-PROJECTS/TRINETRA/TRINETRA_ML/standardized/negative/negative_000014.wav,negative,3.0,16000,1,16,0.02988,0.33493,0.6749,OK,Passed all quality checks
D:/HACK-PROJECTS/TRINETRA/TRINETRA_ML/standardized/negative/negative_000015.wav,negative,3.0,16000,1,16,0.0291,0.25632,0.7774,OK,Passed all quality checks
D:/HACK-PROJECTS/TRINETRA/TRINETRA_ML/standardized/negative/negative_000016.wav,negative,3.0,16000,1,16,0.02153,0.16928,0.7971,OK,Passed all quality checks
D:/HACK-PROJECTS/TRINETRA/TRINETRA_ML/standardized/negative/negative_000017.wav,negative,3.0,16000,1,16,0.0235,0.23495,0.7773,OK,Passed all quality checks
D:/HACK-PROJECTS/TRINETRA/TRINETRA_ML/standardized/negative/negative_000018.wav,negative,3.0,16000,1,16,0.03311,0.22556,0.6697,OK,Passed all quality checks
D:/HACK-PROJECTS/TRINETRA/TRINETRA_ML/standardized/negative/negative_000019.wav,negative,3.0,16000,1,16,0.03039,0.24161,0.7437,OK,Passed all quality checks
D:/HACK-PROJECTS/TRINETRA/TRINETRA_ML/standardized/negative/negative_000020.wav,negative,3.0,16000,1,16,0.01897,0.23676,0.8331,OK,Passed all quality checks
D:/HACK-PROJECTS/TRINETRA/TRINETRA_ML/standardized/negative/negative_000021.wav,negative,3.0,16000,1,16,0.02095,0.16064,0.8251,OK,Passed all quality checks
D:/HACK-PROJECTS/TRINETRA/TRINETRA_ML/standardized/negative/negative_000022.wav,negative,3.0,16000,1,16,0.01758,0.16849,0.7812,OK,Passed all quality checks
D:/HACK-PROJECTS/TRINETRA/TRINETRA_ML/standardized/negative/negative_000023.wav,negative,3.0,16000,1,16,0.02166,0.14313,0.7713,OK,Passed all quality checks
D:/HACK-PROJECTS/TRINETRA/TRINETRA_ML/standardized/negative/negative_000024.wav,negative,3.0,16000,1,16,0.025,0.1665,0.7674,OK,Passed all quality checks
D:/HACK-PROJECTS/TRINETRA/TRINETRA_ML/standardized/negative/negative_000025.wav,negative,3.0,16000,1,16,0.01307,0.13141,0.8267,OK,Passed all quality checks
D:/HACK-PROJECTS/TRINETRA/TRINETRA_ML/standardized/negative/negative_000026.wav,negative,3.0,16000,1,16,0.0109,0.10925,0.8235,OK,Passed all quality checks
D:/HACK-PROJECTS/TRINETRA/TRINETRA_ML/standardized/negative/negative_000027.wav,negative,3.0,16000,1,16,0.01398,0.08694,0.806,OK,Passed all quality checks
D:/HACK-PROJECTS/TRINETRA/TRINETRA_ML/standardized/negative/negative_000028.wav,negative,3.0,16000,1,16,0.0221,0.15222,0.7393,OK,Passed all quality checks
D:/HACK-PROJECTS/TRINETRA/TRINETRA_ML/standardized/negative/negative_000029.wav,negative,3.0,16000,1,16,0.00598,0.0524,0.9245,OK,Passed all quality checks
D:/HACK-PROJECTS/TRINETRA/TRINETRA_ML/standardized/negative/negative_000030.wav,negative,3.0,16000,1,16,0.01409,0.08078,0.791,OK,Passed all quality checks
D:/HACK-PROJECTS/TRINETRA/TRINETRA_ML/standardized/negative/negative_000031.wav,negative,3.0,16000,1,16,0.00731,0.04822,0.8601,OK,Passed all quality checks
D:/HACK-PROJECTS/TRINETRA/TRINETRA_ML/standardized/negative/negative_000032.wav,negative,3.0,16000,1,16,0.0119,0.05682,0.7682,OK,Passed all quality checks
D:/HACK-PROJECTS/TRINETRA/TRINETRA_ML/standardized/negative/negative_000033.wav,negative,3.0,16000,1,16,0.01412,0.15353,0.7747,OK,Passed all quality checks
D:/HACK-PROJECTS/TRINETRA/TRINETRA_ML/standardized/negative/negative_000034.wav,negative,3.0,16000,1,16,0.00621,0.08539,0.9307,OK,Passed all quality checks
D:/HACK-PROJECTS/TRINETRA/TRINETRA_ML/standardized/negative/negative_000035.wav,negative,3.0,16000,1,16,0.00582,0.07047,0.9389,OK,Passed all quality checks
D:/HACK-PROJECTS/TRINETRA/TRINETRA_ML/standardized/negative/negative_000036.wav,negative,3.0,16000,1,16,0.01897,0.1478,0.7047,OK,Passed all quality checks
D:/HACK-PROJECTS/TRINETRA/TRINETRA_ML/standardized/negative/negative_000037.wav,negative,3.0,16000,1,16,0.0133,0.08209,0.7781,OK,Passed all quality checks
D:/HACK-PROJECTS/TRINETRA/TRINETRA_ML/standardized/negative/negative_000038.wav,negative,3.0,16000,1,16,0.01168,0.108,0.8562,OK,Passed all quality checks
D:/HACK-PROJECTS/TRINETRA/TRINETRA_ML/standardized/negative/negative_000039.wav,negative,3.0,16000,1,16,0.0129,0.11389,0.7479,OK,Passed all quality checks
D:/HACK-PROJECTS/TRINETRA/TRINETRA_ML/standardized/negative/negative_000040.wav,negative,3.0,16000,1,16,0.01491,0.11948,0.7829,OK,Passed all quality checks
D:/HACK-PROJECTS/TRINETRA/TRINETRA_ML/standardized/negative/negative_000041.wav,negative,3.0,16000,1,16,0.00855,0.06973,0.8689,OK,Passed all quality checks
D:/HACK-PROJECTS/TRINETRA/TRINETRA_ML/standardized/negative/negative_000042.wav,negative,3.0,16000,1,16,0.00885,0.05447,0.8326,OK,Passed all quality checks
D:/HACK-PROJECTS/TRINETRA/TRINETRA_ML/standardized/negative/negative_000043.wav,negative,3.0,16000,1,16,0.01604,0.14771,0.7437,OK,Passed all quality checks
D:/HACK-PROJECTS/TRINETRA/TRINETRA_ML/standardized/negative/negative_000044.wav,negative,3.0,16000,1,16,0.02016,0.19186,0.7911,OK,Passed all quality checks
D:/HACK-PROJECTS/TRINETRA/TRINETRA_ML/standardized/negative/negative_000045.wav,negative,3.0,16000,1,16,0.00372,0.03564,0.9677,WARNING,Low signal RMS (0.00372); High silence ratio (0.97)
D:/HACK-PROJECTS/TRINETRA/TRINETRA_ML/standardized/negative/negative_000046.wav,negative,3.0,16000,1,16,0.00342,0.04053,0.966,WARNING,Low signal RMS (0.00342); High silence ratio (0.97)
D:/HACK-PROJECTS/TRINETRA/TRINETRA_ML/standardized/negative/negative_000047.wav,negative,3.0,16000,1,16,0.01399,0.12158,0.83,OK,Passed all quality checks
D:/HACK-PROJECTS/TRINETRA/TRINETRA_ML/standardized/negative/negative_000048.wav,negative,3.0,16000,1,16,0.01299,0.10101,0.826,OK,Passed all quality checks
D:/HACK-PROJECTS/TRINETRA/TRINETRA_ML/standardized/negative/negative_000049.wav,negative,3.0,16000,1,16,0.01144,0.07864,0.7914,OK,Passed all quality checks
D:/HACK-PROJECTS/TRINETRA/TRINETRA_ML/standardized/negative/negative_000050.wav,negative,3.0,16000,1,16,0.01188,0.07874,0.7849,OK,Passed all quality checks
D:/HACK-PROJECTS/TRINETRA/TRINETRA_ML/standardized/negative/negative_000051.wav,negative,3.0,16000,1,16,0.0194,0.11691,0.6403,OK,Passed all quality checks
D:/HACK-PROJECTS/TRINETRA/TRINETRA_ML/standardized/negative/negative_000052.wav,negative,3.0,16000,1,16,0.00875,0.06961,0.8593,OK,Passed all quality checks
D:/HACK-PROJECTS/TRINETRA/TRINETRA_ML/standardized/negative/negative_000053.wav,negative,3.0,16000,1,16,0.00708,0.05011,0.8825,OK,Passed all quality checks
D:/HACK-PROJECTS/TRINETRA/TRINETRA_ML/standardized/negative/negative_000054.wav,negative,3.0,16000,1,16,0.01204,0.06427,0.6782,OK,Passed all quality checks
D:/HACK-PROJECTS/TRINETRA/TRINETRA_ML/standardized/negative/negative_000055.wav,negative,3.0,16000,1,16,0.01403,0.07343,0.7026,OK,Passed all quality checks
D:/HACK-PROJECTS/TRINETRA/TRINETRA_ML/standardized/negative/negative_000056.wav,negative,3.0,16000,1,16,0.00667,0.04617,0.8977,OK,Passed all quality checks
D:/HACK-PROJECTS/TRINETRA/TRINETRA_ML/standardized/negative/negative_000057.wav,negative,3.0,16000,1,16,0.01002,0.05292,0.8045,OK,Passed all quality checks
D:/HACK-PROJECTS/TRINETRA/TRINETRA_ML/standardized/negative/negative_000058.wav,negative,3.0,16000,1,16,0.01276,0.0954,0.7825,OK,Passed all quality checks
D:/HACK-PROJECTS/TRINETRA/TRINETRA_ML/standardized/negative/negative_000059.wav,negative,3.0,16000,1,16,0.01856,0.12024,0.7215,OK,Passed all quality checks
D:/HACK-PROJECTS/TRINETRA/TRINETRA_ML/standardized/negative/negative_000060.wav,negative,3.0,16000,1,16,0.00826,0.05173,0.8387,OK,Passed all quality checks
D:/HACK-PROJECTS/TRINETRA/TRINETRA_ML/standardized/negative/negative_000061.wav,negative,3.0,16000,1,16,0.00995,0.08075,0.8528,OK,Passed all quality checks
D:/HACK-PROJECTS/TRINETRA/TRINETRA_ML/standardized/negative/negative_000062.wav,negative,3.0,16000,1,16,0.00524,0.0643,0.9523,WARNING,High silence ratio (0.95)
D:/HACK-PROJECTS/TRINETRA/TRINETRA_ML/standardized/negative/negative_000063.wav,negative,3.0,16000,1,16,0.00619,0.05057,0.9152,OK,Passed all quality checks
D:/HACK-PROJECTS/TRINETRA/TRINETRA_ML/standardized/negative/negative_000064.wav,negative,3.0,16000,1,16,0.00957,0.05618,0.8253,OK,Passed all quality checks
D:/HACK-PROJECTS/TRINETRA/TRINETRA_ML/standardized/negative/negative_000065.wav,negative,3.0,16000,1,16,0.01207,0.05783,0.7546,OK,Passed all quality checks
D:/HACK-PROJECTS/TRINETRA/TRINETRA_ML/standardized/negative/negative_000066.wav,negative,3.0,16000,1,16,0.00935,0.04865,0.8371,OK,Passed all quality checks
D:/HACK-PROJECTS/TRINETRA/TRINETRA_ML/standardized/negative/negative_000067.wav,negative,3.0,16000,1,16,0.0093,0.06531,0.8274,OK,Passed all quality checks
D:/HACK-PROJECTS/TRINETRA/TRINETRA_ML/standardized/negative/negative_000068.wav,negative,3.0,16000,1,16,0.00945,0.0795,0.8529,OK,Passed all quality checks
D:/HACK-PROJECTS/TRINETRA/TRINETRA_ML/standardized/negative/negative_000069.wav,negative,3.0,16000,1,16,0.01016,0.07343,0.8192,OK,Passed all quality checks
D:/HACK-PROJECTS/TRINETRA/TRINETRA_ML/standardized/negative/negative_000070.wav,negative,3.0,16000,1,16,0.0105,0.06561,0.7938,OK,Passed all quality checks
D:/HACK-PROJECTS/TRINETRA/TRINETRA_ML/standardized/negative/negative_000071.wav,negative,3.0,16000,1,16,0.0125,0.0766,0.7458,OK,Passed all quality checks
D:/HACK-PROJECTS/TRINETRA/TRINETRA_ML/standardized/negative/negative_000072.wav,negative,3.0,16000,1,16,0.01374,0.08655,0.6905,OK,Passed all quality checks
D:/HACK-PROJECTS/TRINETRA/TRINETRA_ML/standardized/negative/negative_000073.wav,negative,3.0,16000,1,16,0.00787,0.05984,0.9009,OK,Passed all quality checks
D:/HACK-PROJECTS/TRINETRA/TRINETRA_ML/standardized/negative/negative_000074.wav,negative,3.0,16000,1,16,0.01377,0.09421,0.7365,OK,Passed all quality checks
D:/HACK-PROJECTS/TRINETRA/TRINETRA_ML/standardized/negative/negative_000075.wav,negative,3.0,16000,1,16,0.01495,0.09888,0.7227,OK,Passed all quality checks
D:/HACK-PROJECTS/TRINETRA/TRINETRA_ML/standardized/negative/negative_000076.wav,negative,3.0,16000,1,16,0.01744,0.10449,0.7185,OK,Passed all quality checks
D:/HACK-PROJECTS/TRINETRA/TRINETRA_ML/standardized/negative/negative_000077.wav,negative,3.0,16000,1,16,0.01263,0.07166,0.7679,OK,Passed all quality checks
D:/HACK-PROJECTS/TRINETRA/TRINETRA_ML/standardized/negative/negative_000078.wav,negative,3.0,16000,1,16,0.01251,0.06998,0.7145,OK,Passed all quality checks
D:/HACK-PROJECTS/TRINETRA/TRINETRA_ML/standardized/negative/negative_000079.wav,negative,3.0,16000,1,16,0.01516,0.09857,0.7017,OK,Passed all quality checks
D:/HACK-PROJECTS/TRINETRA/TRINETRA_ML/standardized/negative/negative_000080.wav,negative,3.0,16000,1,16,0.01376,0.08908,0.7569,OK,Passed all quality checks
D:/HACK-PROJECTS/TRINETRA/TRINETRA_ML/standardized/negative/negative_000081.wav,negative,3.0,16000,1,16,0.0135,0.07556,0.7514,OK,Passed all quality checks
D:/HACK-PROJECTS/TRINETRA/TRINETRA_ML/standardized/negative/negative_000082.wav,negative,3.0,16000,1,16,0.01592,0.08072,0.6259,OK,Passed all quality checks
D:/HACK-PROJECTS/TRINETRA/TRINETRA_ML/standardized/negative/negative_000083.wav,negative,3.0,16000,1,16,0.01301,0.05899,0.6691,OK,Passed all quality checks
D:/HACK-PROJECTS/TRINETRA/TRINETRA_ML/standardized/negative/negative_000084.wav,negative,3.0,16000,1,16,0.02477,0.19406,0.6027,OK,Passed all quality checks
D:/HACK-PROJECTS/TRINETRA/TRINETRA_ML/standardized/negative/negative_000085.wav,negative,3.0,16000,1,16,0.01615,0.15298,0.8317,OK,Passed all quality checks
D:/HACK-PROJECTS/TRINETRA/TRINETRA_ML/standardized/negative/negative_000086.wav,negative,3.0,16000,1,16,0.01477,0.15543,0.8417,OK,Passed all quality checks
D:/HACK-PROJECTS/TRINETRA/TRINETRA_ML/standardized/negative/negative_000087.wav,negative,3.0,16000,1,16,0.01976,0.12921,0.7107,OK,Passed all quality checks
D:/HACK-PROJECTS/TRINETRA/TRINETRA_ML/standardized/negative/negative_000088.wav,negative,3.0,16000,1,16,0.02476,0.14334,0.6543,OK,Passed all quality checks
D:/HACK-PROJECTS/TRINETRA/TRINETRA_ML/standardized/negative/negative_000089.wav,negative,3.0,16000,1,16,0.02826,0.22641,0.7016,OK,Passed all quality checks
D:/HACK-PROJECTS/TRINETRA/TRINETRA_ML/standardized/negative/negative_000090.wav,negative,3.0,16000,1,16,0.01985,0.15652,0.7396,OK,Passed all quality checks
D:/HACK-PROJECTS/TRINETRA/TRINETRA_ML/standardized/negative/negative_000091.wav,negative,3.0,16000,1,16,0.0247,0.19821,0.7205,OK,Passed all quality checks
D:/HACK-PROJECTS/TRINETRA/TRINETRA_ML/standardized/negative/negative_000092.wav,negative,3.0,16000,1,16,0.03052,0.21222,0.5217,OK,Passed all quality checks
D:/HACK-PROJECTS/TRINETRA/TRINETRA_ML/standardized/negative/negative_000093.wav,negative,3.0,16000,1,16,0.02439,0.23065,0.6615,OK,Passed all quality checks
D:/HACK-PROJECTS/TRINETRA/TRINETRA_ML/standardized/negative/negative_000094.wav,negative,3.0,16000,1,16,0.02202,0.21738,0.7925,OK,Passed all quality checks
D:/HACK-PROJECTS/TRINETRA/TRINETRA_ML/standardized/negative/negative_000095.wav,negative,3.0,16000,1,16,0.02537,0.19894,0.6572,OK,Passed all quality checks
D:/HACK-PROJECTS/TRINETRA/TRINETRA_ML/standardized/negative/negative_000096.wav,negative,3.0,16000,1,16,0.02684,0.23026,0.6276,OK,Passed all quality checks
D:/HACK-PROJECTS/TRINETRA/TRINETRA_ML/standardized/negative/negative_000097.wav,negative,3.0,16000,1,16,0.01981,0.17947,0.7232,OK,Passed all quality checks
D:/HACK-PROJECTS/TRINETRA/TRINETRA_ML/standardized/negative/negative_000098.wav,negative,3.0,16000,1,16,0.02551,0.1955,0.6757,OK,Passed all quality checks
D:/HACK-PROJECTS/TRINETRA/TRINETRA_ML/standardized/negative/negative_000099.wav,negative,3.0,16000,1,16,0.0255,0.17593,0.7362,OK,Passed all quality checks
D:/HACK-PROJECTS/TRINETRA/TRINETRA_ML/standardized/negative/negative_000100.wav,negative,3.0,16000,1,16,0.02889,0.17441,0.644,OK,Passed all quality checks
D:/HACK-PROJECTS/TRINETRA/TRINETRA_ML/standardized/negative/negative_000101.wav,negative,3.0,16000,1,16,0.02562,0.16525,0.6371,OK,Passed all quality checks
D:/HACK-PROJECTS/TRINETRA/TRINETRA_ML/standardized/negative/negative_000102.wav,negative,3.0,16000,1,16,0.01942,0.13586,0.7321,OK,Passed all quality checks
D:/HACK-PROJECTS/TRINETRA/TRINETRA_ML/standardized/negative/negative_000103.wav,negative,3.0,16000,1,16,0.01354,0.12582,0.7914,OK,Passed all quality checks
D:/HACK-PROJECTS/TRINETRA/TRINETRA_ML/standardized/negative/negative_000104.wav,negative,3.0,16000,1,16,0.00876,0.09637,0.9077,OK,Passed all quality checks
D:/HACK-PROJECTS/TRINETRA/TRINETRA_ML/standardized/negative/negative_000105.wav,negative,3.0,16000,1,16,0.01702,0.12665,0.7296,OK,Passed all quality checks
D:/HACK-PROJECTS/TRINETRA/TRINETRA_ML/standardized/negative/negative_000106.wav,negative,3.0,16000,1,16,0.01955,0.15826,0.7536,OK,Passed all quality checks
D:/HACK-PROJECTS/TRINETRA/TRINETRA_ML/standardized/negative/negative_000107.wav,negative,3.0,16000,1,16,0.01603,0.12119,0.7784,OK,Passed all quality checks
D:/HACK-PROJECTS/TRINETRA/TRINETRA_ML/standardized/negative/negative_000108.wav,negative,3.0,16000,1,16,0.0126,0.1394,0.8753,OK,Passed all quality checks
D:/HACK-PROJECTS/TRINETRA/TRINETRA_ML/standardized/negative/negative_000109.wav,negative,3.0,16000,1,16,0.017,0.14529,0.7595,OK,Passed all quality checks
D:/HACK-PROJECTS/TRINETRA/TRINETRA_ML/standardized/negative/negative_000110.wav,negative,3.0,16000,1,16,0.02033,0.14325,0.6688,OK,Passed all quality checks
D:/HACK-PROJECTS/TRINETRA/TRINETRA_ML/standardized/negative/negative_000111.wav,negative,3.0,16000,1,16,0.01301,0.11612,0.7926,OK,Passed all quality checks
D:/HACK-PROJECTS/TRINETRA/TRINETRA_ML/standardized/negative/negative_000112.wav,negative,3.0,16000,1,16,0.01832,0.16452,0.7258,OK,Passed all quality checks
D:/HACK-PROJECTS/TRINETRA/TRINETRA_ML/standardized/negative/negative_000113.wav,negative,3.0,16000,1,16,0.02197,0.12109,0.6308,OK,Passed all quality checks
D:/HACK-PROJECTS/TRINETRA/TRINETRA_ML/standardized/negative/negative_000114.wav,negative,3.0,16000,1,16,0.01136,0.15149,0.8459,OK,Passed all quality checks
D:/HACK-PROJECTS/TRINETRA/TRINETRA_ML/standardized/negative/negative_000115.wav,negative,3.0,16000,1,16,0.00048,0.00595,1.0,WARNING,Low signal RMS (0.00048); High silence ratio (1.00)
D:/HACK-PROJECTS/TRINETRA/TRINETRA_ML/standardized/negative/negative_000116.wav,negative,3.0,16000,1,16,0.01521,0.16034,0.7785,OK,Passed all quality checks
D:/HACK-PROJECTS/TRINETRA/TRINETRA_ML/standardized/negative/negative_000117.wav,negative,3.0,16000,1,16,0.01966,0.17612,0.7125,OK,Passed all quality checks
D:/HACK-PROJECTS/TRINETRA/TRINETRA_ML/standardized/negative/negative_000118.wav,negative,3.0,16000,1,16,0.02361,0.16827,0.5933,OK,Passed all quality checks
D:/HACK-PROJECTS/TRINETRA/TRINETRA_ML/standardized/negative/negative_000119.wav,negative,3.0,16000,1,16,0.01988,0.14584,0.7089,OK,Passed all quality checks
D:/HACK-PROJECTS/TRINETRA/TRINETRA_ML/standardized/negative/negative_000120.wav,negative,3.0,16000,1,16,0.01609,0.12711,0.753,OK,Passed all quality checks
D:/HACK-PROJECTS/TRINETRA/TRINETRA_ML/standardized/negative/negative_000121.wav,negative,3.0,16000,1,16,0.01382,0.14185,0.8276,OK,Passed all quality checks
D:/HACK-PROJECTS/TRINETRA/TRINETRA_ML/standardized/negative/negative_000122.wav,negative,3.0,16000,1,16,0.01329,0.11322,0.7775,OK,Passed all quality checks
D:/HACK-PROJECTS/TRINETRA/TRINETRA_ML/standardized/negative/negative_000123.wav,negative,3.0,16000,1,16,0.01664,0.12726,0.7889,OK,Passed all quality checks
D:/HACK-PROJECTS/TRINETRA/TRINETRA_ML/standardized/negative/negative_000124.wav,negative,3.0,16000,1,16,0.01605,0.11337,0.7703,OK,Passed all quality checks
D:/HACK-PROJECTS/TRINETRA/TRINETRA_ML/standardized/negative/negative_000125.wav,negative,3.0,16000,1,16,0.02568,0.17239,0.6855,OK,Passed all quality checks
D:/HACK-PROJECTS/TRINETRA/TRINETRA_ML/standardized/negative/negative_000126.wav,negative,3.0,16000,1,16,0.01886,0.1853,0.7837,OK,Passed all quality checks
D:/HACK-PROJECTS/TRINETRA/TRINETRA_ML/standardized/negative/negative_000127.wav,negative,3.0,16000,1,16,0.01828,0.19733,0.7763,OK,Passed all quality checks
D:/HACK-PROJECTS/TRINETRA/TRINETRA_ML/standardized/negative/negative_000128.wav,negative,3.0,16000,1,16,0.02686,0.20874,0.6389,OK,Passed all quality checks
D:/HACK-PROJECTS/TRINETRA/TRINETRA_ML/standardized/negative/negative_000129.wav,negative,3.0,16000,1,16,0.01786,0.17075,0.7192,OK,Passed all quality checks
D:/HACK-PROJECTS/TRINETRA/TRINETRA_ML/standardized/negative/negative_000130.wav,negative,3.0,16000,1,16,0.00932,0.14673,0.893,OK,Passed all quality checks
D:/HACK-PROJECTS/TRINETRA/TRINETRA_ML/standardized/negative/negative_000131.wav,negative,3.0,16000,1,16,0.02146,0.22128,0.7903,OK,Passed all quality checks
D:/HACK-PROJECTS/TRINETRA/TRINETRA_ML/standardized/negative/negative_000132.wav,negative,3.0,16000,1,16,0.02537,0.15994,0.6368,OK,Passed all quality checks
D:/HACK-PROJECTS/TRINETRA/TRINETRA_ML/standardized/negative/negative_000133.wav,negative,3.0,16000,1,16,0.01367,0.14261,0.8691,OK,Passed all quality checks
D:/HACK-PROJECTS/TRINETRA/TRINETRA_ML/standardized/negative/negative_000134.wav,negative,3.0,16000,1,16,0.02584,0.20615,0.7344,OK,Passed all quality checks
D:/HACK-PROJECTS/TRINETRA/TRINETRA_ML/standardized/negative/negative_000135.wav,negative,3.0,16000,1,16,0.01052,0.11584,0.8432,OK,Passed all quality checks
D:/HACK-PROJECTS/TRINETRA/TRINETRA_ML/standardized/negative/negative_000136.wav,negative,3.0,16000,1,16,0.02361,0.1283,0.6082,OK,Passed all quality checks
D:/HACK-PROJECTS/TRINETRA/TRINETRA_ML/standardized/negative/negative_000137.wav,negative,3.0,16000,1,16,0.0157,0.15408,0.7597,OK,Passed all quality checks
D:/HACK-PROJECTS/TRINETRA/TRINETRA_ML/standardized/negative/negative_000138.wav,negative,3.0,16000,1,16,0.01468,0.18289,0.7983,OK,Passed all quality checks
D:/HACK-PROJECTS/TRINETRA/TRINETRA_ML/standardized/negative/negative_000139.wav,negative,3.0,16000,1,16,0.02113,0.13089,0.6178,OK,Passed all quality checks
D:/HACK-PROJECTS/TRINETRA/TRINETRA_ML/standardized/negative/negative_000140.wav,negative,3.0,16000,1,16,0.02001,0.14938,0.7063,OK,Passed all quality checks
D:/HACK-PROJECTS/TRINETRA/TRINETRA_ML/standardized/negative/negative_000141.wav,negative,3.0,16000,1,16,0.01185,0.10654,0.8189,OK,Passed all quality checks
D:/HACK-PROJECTS/TRINETRA/TRINETRA_ML/standardized/negative/negative_000142.wav,negative,3.0,16000,1,16,0.00558,0.16739,0.9742,WARNING,High silence ratio (0.97)
D:/HACK-PROJECTS/TRINETRA/TRINETRA_ML/standardized/negative/negative_000143.wav,negative,3.0,16000,1,16,0.01974,0.12943,0.7194,OK,Passed all quality checks
D:/HACK-PROJECTS/TRINETRA/TRINETRA_ML/standardized/negative/negative_000144.wav,negative,3.0,16000,1,16,0.02356,0.15167,0.5774,OK,Passed all quality checks
D:/HACK-PROJECTS/TRINETRA/TRINETRA_ML/standardized/negative/negative_000145.wav,negative,3.0,16000,1,16,0.02934,0.22888,0.5307,OK,Passed all quality checks
D:/HACK-PROJECTS/TRINETRA/TRINETRA_ML/standardized/negative/negative_000146.wav,negative,3.0,16000,1,16,0.0232,0.1904,0.6832,OK,Passed all quality checks
D:/HACK-PROJECTS/TRINETRA/TRINETRA_ML/standardized/negative/negative_000147.wav,negative,3.0,16000,1,16,0.0263,0.18604,0.6155,OK,Passed all quality checks
D:/HACK-PROJECTS/TRINETRA/TRINETRA_ML/standardized/negative/negative_000148.wav,negative,3.0,16000,1,16,0.02335,0.17215,0.6863,OK,Passed all quality checks
D:/HACK-PROJECTS/TRINETRA/TRINETRA_ML/standardized/negative/negative_000149.wav,negative,3.0,16000,1,16,0.02836,0.202,0.6059,OK,Passed all quality checks
D:/HACK-PROJECTS/TRINETRA/TRINETRA_ML/standardized/negative/negative_000150.wav,negative,3.0,16000,1,16,0.02169,0.12164,0.602,OK,Passed all quality checks
D:/HACK-PROJECTS/TRINETRA/TRINETRA_ML/standardized/negative/negative_000151.wav,negative,3.0,16000,1,16,0.02052,0.17859,0.7065,OK,Passed all quality checks
D:/HACK-PROJECTS/TRINETRA/TRINETRA_ML/standardized/negative/negative_000152.wav,negative,3.0,16000,1,16,0.0267,0.2175,0.6751,OK,Passed all quality checks
D:/HACK-PROJECTS/TRINETRA/TRINETRA_ML/standardized/negative/negative_000153.wav,negative,3.0,16000,1,16,0.03124,0.24075,0.5778,OK,Passed all quality checks
D:/HACK-PROJECTS/TRINETRA/TRINETRA_ML/standardized/negative/negative_000154.wav,negative,3.0,16000,1,16,0.03061,0.31354,0.5987,OK,Passed all quality checks
D:/HACK-PROJECTS/TRINETRA/TRINETRA_ML/standardized/negative/negative_000155.wav,negative,3.0,16000,1,16,0.02649,0.22479,0.7387,OK,Passed all quality checks
D:/HACK-PROJECTS/TRINETRA/TRINETRA_ML/standardized/negative/negative_000156.wav,negative,3.0,16000,1,16,0.04318,0.35779,0.5033,OK,Passed all quality checks
D:/HACK-PROJECTS/TRINETRA/TRINETRA_ML/standardized/negative/negative_000157.wav,negative,3.0,16000,1,16,0.02684,0.18292,0.5947,OK,Passed all quality checks
D:/HACK-PROJECTS/TRINETRA/TRINETRA_ML/standardized/negative/negative_000158.wav,negative,3.0,16000,1,16,0.026,0.1788,0.6086,OK,Passed all quality checks
D:/HACK-PROJECTS/TRINETRA/TRINETRA_ML/standardized/negative/negative_000159.wav,negative,3.0,16000,1,16,0.01921,0.13687,0.6895,OK,Passed all quality checks
D:/HACK-PROJECTS/TRINETRA/TRINETRA_ML/standardized/negative/negative_000160.wav,negative,3.0,16000,1,16,0.03403,0.23779,0.491,OK,Passed all quality checks
D:/HACK-PROJECTS/TRINETRA/TRINETRA_ML/standardized/negative/negative_000161.wav,negative,3.0,16000,1,16,0.02442,0.21338,0.7212,OK,Passed all quality checks
D:/HACK-PROJECTS/TRINETRA/TRINETRA_ML/standardized/negative/negative_000162.wav,negative,3.0,16000,1,16,0.03701,0.27036,0.5083,OK,Passed all quality checks
D:/HACK-PROJECTS/TRINETRA/TRINETRA_ML/standardized/negative/negative_000163.wav,negative,3.0,16000,1,16,0.03437,0.21796,0.567,OK,Passed all quality checks
D:/HACK-PROJECTS/TRINETRA/TRINETRA_ML/standardized/negative/negative_000164.wav,negative,3.0,16000,1,16,0.02245,0.18802,0.6725,OK,Passed all quality checks
D:/HACK-PROJECTS/TRINETRA/TRINETRA_ML/standardized/negative/negative_000165.wav,negative,3.0,16000,1,16,0.02862,0.20288,0.5714,OK,Passed all quality checks
D:/HACK-PROJECTS/TRINETRA/TRINETRA_ML/standardized/negative/negative_000166.wav,negative,3.0,16000,1,16,0.02562,0.19025,0.563,OK,Passed all quality checks
D:/HACK-PROJECTS/TRINETRA/TRINETRA_ML/standardized/negative/negative_000167.wav,negative,3.0,16000,1,16,0.02948,0.22842,0.6596,OK,Passed all quality checks
D:/HACK-PROJECTS/TRINETRA/TRINETRA_ML/standardized/negative/negative_000168.wav,negative,3.0,16000,1,16,0.02855,0.20596,0.5533,OK,Passed all quality checks
D:/HACK-PROJECTS/TRINETRA/TRINETRA_ML/standardized/negative/negative_000169.wav,negative,3.0,16000,1,16,0.02771,0.20221,0.5524,OK,Passed all quality checks
D:/HACK-PROJECTS/TRINETRA/TRINETRA_ML/standardized/negative/negative_000170.wav,negative,3.0,16000,1,16,0.03029,0.30099,0.5238,OK,Passed all quality checks
D:/HACK-PROJECTS/TRINETRA/TRINETRA_ML/standardized/negative/negative_000171.wav,negative,3.0,16000,1,16,0.03232,0.26443,0.4642,OK,Passed all quality checks
D:/HACK-PROJECTS/TRINETRA/TRINETRA_ML/standardized/negative/negative_000172.wav,negative,3.0,16000,1,16,0.04065,0.23935,0.3404,OK,Passed all quality checks
D:/HACK-PROJECTS/TRINETRA/TRINETRA_ML/standardized/negative/negative_000173.wav,negative,3.0,16000,1,16,0.02295,0.15762,0.5986,OK,Passed all quality checks
D:/HACK-PROJECTS/TRINETRA/TRINETRA_ML/standardized/negative/negative_000174.wav,negative,3.0,16000,1,16,0.03224,0.17679,0.4115,OK,Passed all quality checks
D:/HACK-PROJECTS/TRINETRA/TRINETRA_ML/standardized/negative/negative_000175.wav,negative,3.0,16000,1,16,0.03281,0.21176,0.4844,OK,Passed all quality checks
D:/HACK-PROJECTS/TRINETRA/TRINETRA_ML/standardized/negative/negative_000176.wav,negative,3.0,16000,1,16,0.04131,0.28586,0.3662,OK,Passed all quality checks
D:/HACK-PROJECTS/TRINETRA/TRINETRA_ML/standardized/negative/negative_000177.wav,negative,3.0,16000,1,16,0.03068,0.16214,0.4454,OK,Passed all quality checks
D:/HACK-PROJECTS/TRINETRA/TRINETRA_ML/standardized/negative/negative_000178.wav,negative,3.0,16000,1,16,0.01893,0.15802,0.7129,OK,Passed all quality checks
D:/HACK-PROJECTS/TRINETRA/TRINETRA_ML/standardized/negative/negative_000179.wav,negative,3.0,16000,1,16,0.03685,0.28522,0.58,OK,Passed all quality checks
D:/HACK-PROJECTS/TRINETRA/TRINETRA_ML/standardized/negative/negative_000180.wav,negative,3.0,16000,1,16,0.03025,0.21149,0.5275,OK,Passed all quality checks
D:/HACK-PROJECTS/TRINETRA/TRINETRA_ML/standardized/negative/negative_000181.wav,negative,3.0,16000,1,16,0.02637,0.23911,0.6526,OK,Passed all quality checks
D:/HACK-PROJECTS/TRINETRA/TRINETRA_ML/standardized/negative/negative_000182.wav,negative,3.0,16000,1,16,0.04707,0.32135,0.32,OK,Passed all quality checks
D:/HACK-PROJECTS/TRINETRA/TRINETRA_ML/standardized/negative/negative_000183.wav,negative,3.0,16000,1,16,0.12029,0.74042,0.2556,OK,Passed all quality checks
D:/HACK-PROJECTS/TRINETRA/TRINETRA_ML/standardized/negative/negative_000184.wav,negative,3.0,16000,1,16,0.04833,0.37851,0.6235,OK,Passed all quality checks
D:/HACK-PROJECTS/TRINETRA/TRINETRA_ML/standardized/negative/negative_000185.wav,negative,3.0,16000,1,16,0.03964,0.24023,0.5741,OK,Passed all quality checks
D:/HACK-PROJECTS/TRINETRA/TRINETRA_ML/standardized/negative/negative_000186.wav,negative,3.0,16000,1,16,0.0572,0.35699,0.4307,OK,Passed all quality checks
D:/HACK-PROJECTS/TRINETRA/TRINETRA_ML/standardized/negative/negative_000187.wav,negative,3.0,16000,1,16,0.05968,0.49579,0.7278,OK,Passed all quality checks
D:/HACK-PROJECTS/TRINETRA/TRINETRA_ML/standardized/negative/negative_000188.wav,negative,3.0,16000,1,16,0.01054,0.13278,0.917,OK,Passed all quality checks
D:/HACK-PROJECTS/TRINETRA/TRINETRA_ML/standardized/negative/negative_000189.wav,negative,3.0,16000,1,16,0.00492,0.03931,0.9392,WARNING,Low signal RMS (0.00492)
D:/HACK-PROJECTS/TRINETRA/TRINETRA_ML/standardized/negative/negative_000190.wav,negative,3.0,16000,1,16,0.0414,0.37723,0.6058,OK,Passed all quality checks
D:/HACK-PROJECTS/TRINETRA/TRINETRA_ML/standardized/negative/negative_000191.wav,negative,3.0,16000,1,16,0.04201,0.4368,0.7385,OK,Passed all quality checks
D:/HACK-PROJECTS/TRINETRA/TRINETRA_ML/standardized/negative/negative_000192.wav,negative,3.0,16000,1,16,0.02669,0.27658,0.777,OK,Passed all quality checks
D:/HACK-PROJECTS/TRINETRA/TRINETRA_ML/standardized/negative/negative_000193.wav,negative,3.0,16000,1,16,0.03696,0.47409,0.7038,OK,Passed all quality checks
D:/HACK-PROJECTS/TRINETRA/TRINETRA_ML/standardized/negative/negative_000194.wav,negative,3.0,16000,1,16,0.05238,0.29892,0.5442,OK,Passed all quality checks
D:/HACK-PROJECTS/TRINETRA/TRINETRA_ML/standardized/negative/negative_000195.wav,negative,3.0,16000,1,16,0.06056,0.27182,0.3752,OK,Passed all quality checks
D:/HACK-PROJECTS/TRINETRA/TRINETRA_ML/standardized/negative/negative_000196.wav,negative,3.0,16000,1,16,0.06195,0.40057,0.4421,OK,Passed all quality checks
D:/HACK-PROJECTS/TRINETRA/TRINETRA_ML/standardized/negative/negative_000197.wav,negative,3.0,16000,1,16,0.06242,0.50861,0.4185,OK,Passed all quality checks
D:/HACK-PROJECTS/TRINETRA/TRINETRA_ML/standardized/negative/negative_000198.wav,negative,3.0,16000,1,16,0.0636,0.47238,0.3325,OK,Passed all quality checks
D:/HACK-PROJECTS/TRINETRA/TRINETRA_ML/standardized/negative/negative_000199.wav,negative,3.0,16000,1,16,0.06789,0.45953,0.3243,OK,Passed all quality checks
D:/HACK-PROJECTS/TRINETRA/TRINETRA_ML/standardized/negative/negative_000200.wav,negative,3.0,16000,1,16,0.06062,0.4939,0.4989,OK,Passed all quality checks
D:/HACK-PROJECTS/TRINETRA/TRINETRA_ML/standardized/negative/negative_000201.wav,negative,3.0,16000,1,16,0.07301,0.42386,0.3875,OK,Passed all quality checks
D:/HACK-PROJECTS/TRINETRA/TRINETRA_ML/standardized/negative/negative_000202.wav,negative,3.0,16000,1,16,0.04587,0.34631,0.6118,OK,Passed all quality checks
D:/HACK-PROJECTS/TRINETRA/TRINETRA_ML/standardized/negative/negative_000203.wav,negative,3.0,16000,1,16,0.0572,0.3425,0.4371,OK,Passed all quality checks
D:/HACK-PROJECTS/TRINETRA/TRINETRA_ML/standardized/negative/negative_000204.wav,negative,3.0,16000,1,16,0.04803,0.37601,0.4709,OK,Passed all quality checks
D:/HACK-PROJECTS/TRINETRA/TRINETRA_ML/standardized/negative/negative_000205.wav,negative,3.0,16000,1,16,0.0269,0.25006,0.7048,OK,Passed all quality checks
D:/HACK-PROJECTS/TRINETRA/TRINETRA_ML/standardized/negative/negative_000206.wav,negative,3.0,16000,1,16,0.02266,0.30713,0.7913,OK,Passed all quality checks
D:/HACK-PROJECTS/TRINETRA/TRINETRA_ML/standardized/negative/negative_000207.wav,negative,3.0,16000,1,16,0.00917,0.12265,0.8323,OK,Passed all quality checks
D:/HACK-PROJECTS/TRINETRA/TRINETRA_ML/standardized/negative/negative_000208.wav,negative,3.0,16000,1,16,0.02275,0.24713,0.8513,OK,Passed all quality checks
D:/HACK-PROJECTS/TRINETRA/TRINETRA_ML/standardized/negative/negative_000209.wav,negative,3.0,16000,1,16,0.02568,0.23187,0.5789,OK,Passed all quality checks
D:/HACK-PROJECTS/TRINETRA/TRINETRA_ML/standardized/negative/negative_000210.wav,negative,3.0,16000,1,16,0.0431,0.26212,0.4073,OK,Passed all quality checks
D:/HACK-PROJECTS/TRINETRA/TRINETRA_ML/standardized/negative/negative_000211.wav,negative,3.0,16000,1,16,0.05695,0.55832,0.4224,OK,Passed all quality checks
D:/HACK-PROJECTS/TRINETRA/TRINETRA_ML/standardized/negative/negative_000212.wav,negative,3.0,16000,1,16,0.02939,0.25702,0.6493,OK,Passed all quality checks
D:/HACK-PROJECTS/TRINETRA/TRINETRA_ML/standardized/negative/negative_000213.wav,negative,3.0,16000,1,16,0.08273,0.50217,0.2807,OK,Passed all quality checks
D:/HACK-PROJECTS/TRINETRA/TRINETRA_ML/standardized/negative/negative_000214.wav,negative,3.0,16000,1,16,0.00394,0.02463,0.9656,WARNING,Low signal RMS (0.00394); High silence ratio (0.97)
D:/HACK-PROJECTS/TRINETRA/TRINETRA_ML/standardized/negative/negative_000215.wav,negative,3.0,16000,1,16,0.02637,0.22757,0.7696,OK,Passed all quality checks
D:/HACK-PROJECTS/TRINETRA/TRINETRA_ML/standardized/negative/negative_000216.wav,negative,3.0,16000,1,16,0.00595,0.0593,0.9316,OK,Passed all quality checks
D:/HACK-PROJECTS/TRINETRA/TRINETRA_ML/standardized/negative/negative_000217.wav,negative,3.0,16000,1,16,0.00419,0.03534,0.9586,WARNING,Low signal RMS (0.00419); High silence ratio (0.96)
D:/HACK-PROJECTS/TRINETRA/TRINETRA_ML/standardized/negative/negative_000218.wav,negative,3.0,16000,1,16,0.00789,0.08621,0.9067,OK,Passed all quality checks
D:/HACK-PROJECTS/TRINETRA/TRINETRA_ML/standardized/negative/negative_000219.wav,negative,3.0,16000,1,16,0.03946,0.27283,0.5441,OK,Passed all quality checks
D:/HACK-PROJECTS/TRINETRA/TRINETRA_ML/standardized/negative/negative_000220.wav,negative,3.0,16000,1,16,0.03441,0.30688,0.7777,OK,Passed all quality checks
D:/HACK-PROJECTS/TRINETRA/TRINETRA_ML/standardized/negative/negative_000221.wav,negative,3.0,16000,1,16,0.03476,0.30334,0.7559,OK,Passed all quality checks
D:/HACK-PROJECTS/TRINETRA/TRINETRA_ML/standardized/negative/negative_000222.wav,negative,3.0,16000,1,16,0.0173,0.19635,0.7728,OK,Passed all quality checks
D:/HACK-PROJECTS/TRINETRA/TRINETRA_ML/standardized/negative/negative_000223.wav,negative,3.0,16000,1,16,0.02943,0.38873,0.7028,OK,Passed all quality checks
D:/HACK-PROJECTS/TRINETRA/TRINETRA_ML/standardized/negative/negative_000224.wav,negative,3.0,16000,1,16,0.0259,0.19812,0.6559,OK,Passed all quality checks
D:/HACK-PROJECTS/TRINETRA/TRINETRA_ML/standardized/negative/negative_000225.wav,negative,3.0,16000,1,16,0.02995,0.19763,0.6054,OK,Passed all quality checks
D:/HACK-PROJECTS/TRINETRA/TRINETRA_ML/standardized/negative/negative_000226.wav,negative,3.0,16000,1,16,0.03706,0.22852,0.4923,OK,Passed all quality checks
D:/HACK-PROJECTS/TRINETRA/TRINETRA_ML/standardized/negative/negative_000227.wav,negative,3.0,16000,1,16,0.02753,0.22696,0.6913,OK,Passed all quality checks
D:/HACK-PROJECTS/TRINETRA/TRINETRA_ML/standardized/negative/negative_000228.wav,negative,3.0,16000,1,16,0.03533,0.2626,0.541,OK,Passed all quality checks
D:/HACK-PROJECTS/TRINETRA/TRINETRA_ML/standardized/negative/negative_000229.wav,negative,3.0,16000,1,16,0.02206,0.18634,0.7329,OK,Passed all quality checks
D:/HACK-PROJECTS/TRINETRA/TRINETRA_ML/standardized/negative/negative_000230.wav,negative,3.0,16000,1,16,0.02521,0.21295,0.5932,OK,Passed all quality checks
D:/HACK-PROJECTS/TRINETRA/TRINETRA_ML/standardized/negative/negative_000231.wav,negative,3.0,16000,1,16,0.02948,0.21478,0.6167,OK,Passed all quality checks
D:/HACK-PROJECTS/TRINETRA/TRINETRA_ML/standardized/negative/negative_000232.wav,negative,3.0,16000,1,16,0.03077,0.28543,0.5904,OK,Passed all quality checks
D:/HACK-PROJECTS/TRINETRA/TRINETRA_ML/standardized/negative/negative_000233.wav,negative,3.0,16000,1,16,0.03277,0.24176,0.5473,OK,Passed all quality checks
D:/HACK-PROJECTS/TRINETRA/TRINETRA_ML/standardized/negative/negative_000234.wav,negative,3.0,16000,1,16,0.03017,0.28098,0.5189,OK,Passed all quality checks
D:/HACK-PROJECTS/TRINETRA/TRINETRA_ML/standardized/negative/negative_000235.wav,negative,3.0,16000,1,16,0.01902,0.19772,0.7697,OK,Passed all quality checks
D:/HACK-PROJECTS/TRINETRA/TRINETRA_ML/standardized/negative/negative_000236.wav,negative,3.0,16000,1,16,0.02071,0.15286,0.606,OK,Passed all quality checks
D:/HACK-PROJECTS/TRINETRA/TRINETRA_ML/standardized/negative/negative_000237.wav,negative,3.0,16000,1,16,0.03168,0.23816,0.7258,OK,Passed all quality checks
D:/HACK-PROJECTS/TRINETRA/TRINETRA_ML/standardized/negative/negative_000238.wav,negative,3.0,16000,1,16,0.03716,0.2515,0.5331,OK,Passed all quality checks
D:/HACK-PROJECTS/TRINETRA/TRINETRA_ML/standardized/negative/negative_000239.wav,negative,3.0,16000,1,16,0.02753,0.28024,0.6938,OK,Passed all quality checks
D:/HACK-PROJECTS/TRINETRA/TRINETRA_ML/standardized/negative/negative_000240.wav,negative,3.0,16000,1,16,0.01783,0.1398,0.728,OK,Passed all quality checks
D:/HACK-PROJECTS/TRINETRA/TRINETRA_ML/standardized/negative/negative_000241.wav,negative,3.0,16000,1,16,0.02885,0.32846,0.6026,OK,Passed all quality checks
D:/HACK-PROJECTS/TRINETRA/TRINETRA_ML/standardized/negative/negative_000242.wav,negative,3.0,16000,1,16,0.02526,0.22842,0.645,OK,Passed all quality checks
D:/HACK-PROJECTS/TRINETRA/TRINETRA_ML/standardized/negative/negative_000243.wav,negative,3.0,16000,1,16,0.02029,0.17587,0.7926,OK,Passed all quality checks
D:/HACK-PROJECTS/TRINETRA/TRINETRA_ML/standardized/negative/negative_000244.wav,negative,3.0,16000,1,16,0.03283,0.21924,0.5812,OK,Passed all quality checks
D:/HACK-PROJECTS/TRINETRA/TRINETRA_ML/standardized/negative/negative_000245.wav,negative,3.0,16000,1,16,0.01697,0.21826,0.8326,OK,Passed all quality checks
D:/HACK-PROJECTS/TRINETRA/TRINETRA_ML/standardized/negative/negative_000246.wav,negative,3.0,16000,1,16,0.02195,0.17633,0.656,OK,Passed all quality checks
D:/HACK-PROJECTS/TRINETRA/TRINETRA_ML/standardized/negative/negative_000247.wav,negative,3.0,16000,1,16,0.02018,0.18982,0.648,OK,Passed all quality checks
D:/HACK-PROJECTS/TRINETRA/TRINETRA_ML/standardized/negative/negative_000248.wav,negative,3.0,16000,1,16,0.02132,0.16537,0.6996,OK,Passed all quality checks
D:/HACK-PROJECTS/TRINETRA/TRINETRA_ML/standardized/negative/negative_000249.wav,negative,3.0,16000,1,16,0.01961,0.17087,0.6888,OK,Passed all quality checks
D:/HACK-PROJECTS/TRINETRA/TRINETRA_ML/standardized/negative/negative_000250.wav,negative,3.0,16000,1,16,0.02343,0.14813,0.5885,OK,Passed all quality checks
D:/HACK-PROJECTS/TRINETRA/TRINETRA_ML/standardized/negative/negative_000251.wav,negative,3.0,16000,1,16,0.02282,0.27023,0.6479,OK,Passed all quality checks
D:/HACK-PROJECTS/TRINETRA/TRINETRA_ML/standardized/negative/negative_000252.wav,negative,3.0,16000,1,16,0.02994,0.29984,0.6089,OK,Passed all quality checks
D:/HACK-PROJECTS/TRINETRA/TRINETRA_ML/standardized/negative/negative_000253.wav,negative,3.0,16000,1,16,0.02595,0.26642,0.6366,OK,Passed all quality checks
D:/HACK-PROJECTS/TRINETRA/TRINETRA_ML/standardized/negative/negative_000254.wav,negative,3.0,16000,1,16,0.0215,0.20261,0.7925,OK,Passed all quality checks
D:/HACK-PROJECTS/TRINETRA/TRINETRA_ML/standardized/negative/negative_000255.wav,negative,3.0,16000,1,16,0.02442,0.1907,0.7234,OK,Passed all quality checks
D:/HACK-PROJECTS/TRINETRA/TRINETRA_ML/standardized/negative/negative_000256.wav,negative,3.0,16000,1,16,0.03135,0.28821,0.6022,OK,Passed all quality checks
D:/HACK-PROJECTS/TRINETRA/TRINETRA_ML/standardized/negative/negative_000257.wav,negative,3.0,16000,1,16,0.00234,0.03339,0.9919,WARNING,Low signal RMS (0.00234); High silence ratio (0.99)
D:/HACK-PROJECTS/TRINETRA/TRINETRA_ML/standardized/negative/negative_000258.wav,negative,3.0,16000,1,16,0.00221,0.01453,0.999,WARNING,Low signal RMS (0.00221); High silence ratio (1.00)
D:/HACK-PROJECTS/TRINETRA/TRINETRA_ML/standardized/negative/negative_000259.wav,negative,3.0,16000,1,16,0.00443,0.04861,0.9559,WARNING,Low signal RMS (0.00443); High silence ratio (0.96)
D:/HACK-PROJECTS/TRINETRA/TRINETRA_ML/standardized/negative/negative_000260.wav,negative,3.0,16000,1,16,0.00168,0.01227,0.9995,WARNING,Low signal RMS (0.00168); High silence ratio (1.00)
D:/HACK-PROJECTS/TRINETRA/TRINETRA_ML/standardized/negative/negative_000261.wav,negative,3.0,16000,1,16,0.00231,0.01471,0.9972,WARNING,Low signal RMS (0.00231); High silence ratio (1.00)
D:/HACK-PROJECTS/TRINETRA/TRINETRA_ML/standardized/negative/negative_000262.wav,negative,2.0,16000,1,16,0.0005,0.0069,1.0,WARNING,Low signal RMS (0.00050); High silence ratio (1.00)
D:/HACK-PROJECTS/TRINETRA/TRINETRA_ML/standardized/negative/negative_000263.wav,negative,2.0,16000,1,16,0.00281,0.15445,0.9962,WARNING,Low signal RMS (0.00281); High silence ratio (1.00)
D:/HACK-PROJECTS/TRINETRA/TRINETRA_ML/standardized/negative/negative_000264.wav,negative,2.0,16000,1,16,0.01498,0.20267,0.8725,OK,Passed all quality checks
D:/HACK-PROJECTS/TRINETRA/TRINETRA_ML/standardized/negative/negative_000265.wav,negative,2.0,16000,1,16,0.03028,0.18591,0.7451,OK,Passed all quality checks
D:/HACK-PROJECTS/TRINETRA/TRINETRA_ML/standardized/negative/negative_000266.wav,negative,2.0,16000,1,16,0.01287,0.11783,0.8002,OK,Passed all quality checks
D:/HACK-PROJECTS/TRINETRA/TRINETRA_ML/standardized/negative/negative_000267.wav,negative,2.0,16000,1,16,0.00875,0.09955,0.8951,OK,Passed all quality checks
D:/HACK-PROJECTS/TRINETRA/TRINETRA_ML/standardized/negative/negative_000268.wav,negative,2.0,16000,1,16,0.01255,0.1601,0.8731,OK,Passed all quality checks
D:/HACK-PROJECTS/TRINETRA/TRINETRA_ML/standardized/negative/negative_000269.wav,negative,2.0,16000,1,16,0.03322,0.21448,0.7363,OK,Passed all quality checks
D:/HACK-PROJECTS/TRINETRA/TRINETRA_ML/standardized/negative/negative_000270.wav,negative,2.0,16000,1,16,0.01107,0.09058,0.8552,OK,Passed all quality checks
D:/HACK-PROJECTS/TRINETRA/TRINETRA_ML/standardized/negative/negative_000271.wav,negative,2.0,16000,1,16,0.01731,0.1665,0.8707,OK,Passed all quality checks
D:/HACK-PROJECTS/TRINETRA/TRINETRA_ML/standardized/negative/negative_000272.wav,negative,2.0,16000,1,16,0.00557,0.0777,0.9586,WARNING,High silence ratio (0.96)
D:/HACK-PROJECTS/TRINETRA/TRINETRA_ML/standardized/negative/negative_000273.wav,negative,2.0,16000,1,16,0.00029,0.00488,1.0,WARNING,Low signal RMS (0.00029); High silence ratio (1.00)
D:/HACK-PROJECTS/TRINETRA/TRINETRA_ML/standardized/negative/negative_000274.wav,negative,2.0,16000,1,16,0.01318,0.12646,0.8885,OK,Passed all quality checks
D:/HACK-PROJECTS/TRINETRA/TRINETRA_ML/standardized/negative/negative_000275.wav,negative,2.0,16000,1,16,0.02325,0.13644,0.6413,OK,Passed all quality checks
D:/HACK-PROJECTS/TRINETRA/TRINETRA_ML/standardized/negative/negative_000276.wav,negative,2.0,16000,1,16,0.02206,0.17075,0.7913,OK,Passed all quality checks
D:/HACK-PROJECTS/TRINETRA/TRINETRA_ML/standardized/negative/negative_000277.wav,negative,2.0,16000,1,16,0.00507,0.09369,0.9691,WARNING,High silence ratio (0.97)
D:/HACK-PROJECTS/TRINETRA/TRINETRA_ML/standardized/negative/negative_000278.wav,negative,2.0,16000,1,16,0.00896,0.09021,0.9133,OK,Passed all quality checks
D:/HACK-PROJECTS/TRINETRA/TRINETRA_ML/standardized/negative/negative_000279.wav,negative,2.0,16000,1,16,0.00982,0.09601,0.9237,OK,Passed all quality checks
D:/HACK-PROJECTS/TRINETRA/TRINETRA_ML/standardized/negative/negative_000280.wav,negative,2.0,16000,1,16,0.00695,0.08749,0.9205,OK,Passed all quality checks
D:/HACK-PROJECTS/TRINETRA/TRINETRA_ML/standardized/negative/negative_000281.wav,negative,2.0,16000,1,16,0.01974,0.2027,0.7806,OK,Passed all quality checks
D:/HACK-PROJECTS/TRINETRA/TRINETRA_ML/standardized/negative/negative_000282.wav,negative,2.0,16000,1,16,0.00282,0.04422,0.981,WARNING,Low signal RMS (0.00282); High silence ratio (0.98)
D:/HACK-PROJECTS/TRINETRA/TRINETRA_ML/standardized/negative/negative_000283.wav,negative,2.0,16000,1,16,0.00644,0.13199,0.9761,WARNING,High silence ratio (0.98)
D:/HACK-PROJECTS/TRINETRA/TRINETRA_ML/standardized/negative/negative_000284.wav,negative,2.0,16000,1,16,0.00236,0.02631,0.988,WARNING,Low signal RMS (0.00236); High silence ratio (0.99)
D:/HACK-PROJECTS/TRINETRA/TRINETRA_ML/standardized/negative/negative_000285.wav,negative,2.0,16000,1,16,0.00158,0.02063,0.9979,WARNING,Low signal RMS (0.00158); High silence ratio (1.00)
D:/HACK-PROJECTS/TRINETRA/TRINETRA_ML/standardized/negative/negative_000286.wav,negative,2.0,16000,1,16,0.00021,0.00195,1.0,WARNING,Low signal RMS (0.00021); High silence ratio (1.00)
D:/HACK-PROJECTS/TRINETRA/TRINETRA_ML/standardized/negative/negative_000287.wav,negative,2.0,16000,1,16,0.00148,0.01721,0.9962,WARNING,Low signal RMS (0.00148); High silence ratio (1.00)
D:/HACK-PROJECTS/TRINETRA/TRINETRA_ML/standardized/negative/negative_000288.wav,negative,2.0,16000,1,16,0.00104,0.00885,1.0,WARNING,Low signal RMS (0.00104); High silence ratio (1.00)
D:/HACK-PROJECTS/TRINETRA/TRINETRA_ML/standardized/negative/negative_000289.wav,negative,2.0,16000,1,16,0.00102,0.01251,0.9989,WARNING,Low signal RMS (0.00102); High silence ratio (1.00)
D:/HACK-PROJECTS/TRINETRA/TRINETRA_ML/standardized/negative/negative_000290.wav,negative,2.0,16000,1,16,0.00109,0.01605,0.9987,WARNING,Low signal RMS (0.00109); High silence ratio (1.00)
D:/HACK-PROJECTS/TRINETRA/TRINETRA_ML/standardized/negative/negative_000291.wav,negative,2.0,16000,1,16,0.00068,0.00964,1.0,WARNING,Low signal RMS (0.00068); High silence ratio (1.00)
D:/HACK-PROJECTS/TRINETRA/TRINETRA_ML/standardized/negative/negative_000292.wav,negative,2.0,16000,1,16,0.00228,0.03549,0.9862,WARNING,Low signal RMS (0.00228); High silence ratio (0.99)
D:/HACK-PROJECTS/TRINETRA/TRINETRA_ML/standardized/negative/negative_000293.wav,negative,2.0,16000,1,16,0.00037,0.00351,1.0,WARNING,Low signal RMS (0.00037); High silence ratio (1.00)
D:/HACK-PROJECTS/TRINETRA/TRINETRA_ML/standardized/negative/negative_000294.wav,negative,2.0,16000,1,16,0.00135,0.00897,1.0,WARNING,Low signal RMS (0.00135); High silence ratio (1.00)
D:/HACK-PROJECTS/TRINETRA/TRINETRA_ML/standardized/negative/negative_000295.wav,negative,2.0,16000,1,16,0.00144,0.01389,0.9976,WARNING,Low signal RMS (0.00144); High silence ratio (1.00)
D:/HACK-PROJECTS/TRINETRA/TRINETRA_ML/standardized/negative/negative_000296.wav,negative,2.0,16000,1,16,0.00162,0.0228,0.9925,WARNING,Low signal RMS (0.00162); High silence ratio (0.99)
D:/HACK-PROJECTS/TRINETRA/TRINETRA_ML/standardized/negative/negative_000297.wav,negative,2.0,16000,1,16,0.00297,0.06049,0.9819,WARNING,Low signal RMS (0.00297); High silence ratio (0.98)
D:/HACK-PROJECTS/TRINETRA/TRINETRA_ML/standardized/negative/negative_000298.wav,negative,2.0,16000,1,16,0.00399,0.04315,0.9626,WARNING,Low signal RMS (0.00399); High silence ratio (0.96)
D:/HACK-PROJECTS/TRINETRA/TRINETRA_ML/standardized/negative/negative_000299.wav,negative,2.0,16000,1,16,0.00547,0.04733,0.9401,OK,Passed all quality checks
D:/HACK-PROJECTS/TRINETRA/TRINETRA_ML/standardized/negative/negative_000300.wav,negative,2.0,16000,1,16,0.0011,0.01373,0.9997,WARNING,Low signal RMS (0.00110); High silence ratio (1.00)
D:/HACK-PROJECTS/TRINETRA/TRINETRA_ML/standardized/negative/negative_000301.wav,negative,2.0,16000,1,16,0.00062,0.00589,1.0,WARNING,Low signal RMS (0.00062); High silence ratio (1.00)
D:/HACK-PROJECTS/TRINETRA/TRINETRA_ML/standardized/negative/negative_000302.wav,negative,2.0,16000,1,16,0.00152,0.0239,0.9949,WARNING,Low signal RMS (0.00152); High silence ratio (0.99)
D:/HACK-PROJECTS/TRINETRA/TRINETRA_ML/standardized/negative/negative_000303.wav,negative,2.0,16000,1,16,0.00168,0.02823,0.9933,WARNING,Low signal RMS (0.00168); High silence ratio (0.99)
D:/HACK-PROJECTS/TRINETRA/TRINETRA_ML/standardized/negative/negative_000304.wav,negative,2.0,16000,1,16,0.00041,0.00681,1.0,WARNING,Low signal RMS (0.00041); High silence ratio (1.00)
D:/HACK-PROJECTS/TRINETRA/TRINETRA_ML/standardized/negative/negative_000305.wav,negative,2.0,16000,1,16,0.00054,0.0036,1.0,WARNING,Low signal RMS (0.00054); High silence ratio (1.00)
D:/HACK-PROJECTS/TRINETRA/TRINETRA_ML/standardized/negative/negative_000306.wav,negative,2.0,16000,1,16,0.00037,0.00369,1.0,WARNING,Low signal RMS (0.00037); High silence ratio (1.00)
D:/HACK-PROJECTS/TRINETRA/TRINETRA_ML/standardized/negative/negative_000307.wav,negative,2.0,16000,1,16,0.00092,0.00854,1.0,WARNING,Low signal RMS (0.00092); High silence ratio (1.00)
D:/HACK-PROJECTS/TRINETRA/TRINETRA_ML/standardized/negative/negative_000308.wav,negative,2.0,16000,1,16,0.00166,0.0126,0.9979,WARNING,Low signal RMS (0.00166); High silence ratio (1.00)
D:/HACK-PROJECTS/TRINETRA/TRINETRA_ML/standardized/negative/negative_000309.wav,negative,2.0,16000,1,16,0.00176,0.01294,0.999,WARNING,Low signal RMS (0.00176); High silence ratio (1.00)
D:/HACK-PROJECTS/TRINETRA/TRINETRA_ML/standardized/negative/negative_000310.wav,negative,2.0,16000,1,16,0.00099,0.00726,1.0,WARNING,Low signal RMS (0.00099); High silence ratio (1.00)
D:/HACK-PROJECTS/TRINETRA/TRINETRA_ML/standardized/negative/negative_000311.wav,negative,2.0,16000,1,16,0.00051,0.00479,1.0,WARNING,Low signal RMS (0.00051); High silence ratio (1.00)
D:/HACK-PROJECTS/TRINETRA/TRINETRA_ML/standardized/negative/negative_000312.wav,negative,2.0,16000,1,16,0.00549,0.0434,0.9193,OK,Passed all quality checks
D:/HACK-PROJECTS/TRINETRA/TRINETRA_ML/standardized/negative/negative_000313.wav,negative,2.0,16000,1,16,0.00768,0.0589,0.9038,OK,Passed all quality checks
D:/HACK-PROJECTS/TRINETRA/TRINETRA_ML/standardized/negative/negative_000314.wav,negative,2.0,16000,1,16,0.00856,0.04831,0.7966,OK,Passed all quality checks
D:/HACK-PROJECTS/TRINETRA/TRINETRA_ML/standardized/negative/negative_000315.wav,negative,2.0,16000,1,16,0.00097,0.00842,1.0,WARNING,Low signal RMS (0.00097); High silence ratio (1.00)
D:/HACK-PROJECTS/TRINETRA/TRINETRA_ML/standardized/negative/negative_000316.wav,negative,2.0,16000,1,16,0.00075,0.01245,0.9987,WARNING,Low signal RMS (0.00075); High silence ratio (1.00)
D:/HACK-PROJECTS/TRINETRA/TRINETRA_ML/standardized/positive/positive_000001.wav,positive,1.556,16000,1,16,0.01811,0.12408,0.8314,OK,Passed all quality checks
D:/HACK-PROJECTS/TRINETRA/TRINETRA_ML/standardized/positive/positive_000002.wav,positive,1.9826875,16000,1,16,0.02231,0.10883,0.6869,OK,Passed all quality checks
D:/HACK-PROJECTS/TRINETRA/TRINETRA_ML/standardized/positive/positive_000003.wav,positive,1.7266875,16000,1,16,0.02293,0.15286,0.6892,OK,Passed all quality checks
D:/HACK-PROJECTS/TRINETRA/TRINETRA_ML/standardized/positive/positive_000004.wav,positive,1.812,16000,1,16,0.04967,0.66956,0.6929,OK,Passed all quality checks
D:/HACK-PROJECTS/TRINETRA/TRINETRA_ML/standardized/positive/positive_000005.wav,positive,1.3,16000,1,16,0.03382,0.33389,0.8292,OK,Passed all quality checks
D:/HACK-PROJECTS/TRINETRA/TRINETRA_ML/standardized/positive/positive_000006.wav,positive,1.2146875,16000,1,16,0.13677,0.73993,0.4551,OK,Passed all quality checks
D:/HACK-PROJECTS/TRINETRA/TRINETRA_ML/standardized/positive/positive_000007.wav,positive,1.812,16000,1,16,0.09176,0.68036,0.756,OK,Passed all quality checks
D:/HACK-PROJECTS/TRINETRA/TRINETRA_ML/standardized/positive/positive_000008.wav,positive,1.044,16000,1,16,0.11817,0.66107,0.6065,OK,Passed all quality checks
D:/HACK-PROJECTS/TRINETRA/TRINETRA_ML/standardized/positive/positive_000009.wav,positive,2.2386875,16000,1,16,0.09368,0.35535,0.4456,OK,Passed all quality checks
D:/HACK-PROJECTS/TRINETRA/TRINETRA_ML/standardized/positive/positive_000010.wav,positive,1.129375,16000,1,16,0.10543,0.65366,0.6817,OK,Passed all quality checks
D:/HACK-PROJECTS/TRINETRA/TRINETRA_ML/standardized/positive/positive_000011.wav,positive,1.556,16000,1,16,0.04977,0.68878,0.5482,OK,Passed all quality checks
D:/HACK-PROJECTS/TRINETRA/TRINETRA_ML/standardized/positive/positive_000012.wav,positive,1.812,16000,1,16,0.04739,0.53583,0.7931,OK,Passed all quality checks
D:/HACK-PROJECTS/TRINETRA/TRINETRA_ML/standardized/positive/positive_000013.wav,positive,1.897375,16000,1,16,0.08872,0.63855,0.5096,OK,Passed all quality checks
D:/HACK-PROJECTS/TRINETRA/TRINETRA_ML/standardized/positive/positive_000014.wav,positive,2.58,16000,1,16,0.07995,0.6763,0.29,OK,Passed all quality checks
D:/HACK-PROJECTS/TRINETRA/TRINETRA_ML/standardized/positive/positive_000015.wav,positive,1.9826875,16000,1,16,0.09073,0.56424,0.6418,OK,Passed all quality checks
D:/HACK-PROJECTS/TRINETRA/TRINETRA_ML/standardized/positive/positive_000016.wav,positive,1.3,16000,1,16,0.06549,0.37769,0.6337,OK,Passed all quality checks
D:/HACK-PROJECTS/TRINETRA/TRINETRA_ML/standardized/positive/positive_000017.wav,positive,1.385375,16000,1,16,0.07463,0.49478,0.4472,OK,Passed all quality checks
D:/HACK-PROJECTS/TRINETRA/TRINETRA_ML/standardized/positive/positive_000018.wav,positive,2.324,16000,1,16,0.11802,0.75677,0.4587,OK,Passed all quality checks
D:/HACK-PROJECTS/TRINETRA/TRINETRA_ML/standardized/positive/positive_000019.wav,positive,1.9826875,16000,1,16,0.07112,0.46457,0.7004,OK,Passed all quality checks
D:/HACK-PROJECTS/TRINETRA/TRINETRA_ML/standardized/positive/positive_000020.wav,positive,1.3,16000,1,16,0.05227,0.41815,0.651,OK,Passed all quality checks
D:/HACK-PROJECTS/TRINETRA/TRINETRA_ML/standardized/positive/positive_000021.wav,positive,0.788,16000,1,16,0.1247,0.57333,0.1401,OK,Passed all quality checks
D:/HACK-PROJECTS/TRINETRA/TRINETRA_ML/standardized/positive/positive_000022.wav,positive,1.812,16000,1,16,0.07518,0.6308,0.5068,OK,Passed all quality checks
D:/HACK-PROJECTS/TRINETRA/TRINETRA_ML/standardized/positive/positive_000023.wav,positive,1.812,16000,1,16,0.08461,0.62839,0.2104,OK,Passed all quality checks
D:/HACK-PROJECTS/TRINETRA/TRINETRA_ML/standardized/positive/positive_000024.wav,positive,1.812,16000,1,16,0.05776,0.51166,0.7242,OK,Passed all quality checks
D:/HACK-PROJECTS/TRINETRA/TRINETRA_ML/standardized/positive/positive_000025.wav,positive,2.2386875,16000,1,16,0.08772,0.83719,0.5744,OK,Passed all quality checks
D:/HACK-PROJECTS/TRINETRA/TRINETRA_ML/standardized/positive/positive_000026.wav,positive,1.4706875,16000,1,16,0.13958,0.76086,0.2065,OK,Passed all quality checks
D:/HACK-PROJECTS/TRINETRA/TRINETRA_ML/standardized/positive/positive_000027.wav,positive,1.556,16000,1,16,0.10603,0.66278,0.124,OK,Passed all quality checks
D:/HACK-PROJECTS/TRINETRA/TRINETRA_ML/standardized/positive/positive_000028.wav,positive,1.897375,16000,1,16,0.13167,0.78467,0.2691,OK,Passed all quality checks
D:/HACK-PROJECTS/TRINETRA/TRINETRA_ML/standardized/positive/positive_000029.wav,positive,1.812,16000,1,16,0.11046,0.78986,0.2188,OK,Passed all quality checks
D:/HACK-PROJECTS/TRINETRA/TRINETRA_ML/standardized/positive/positive_000030.wav,positive,1.897375,16000,1,16,0.11048,0.64908,0.1208,OK,Passed all quality checks
D:/HACK-PROJECTS/TRINETRA/TRINETRA_ML/standardized/positive/positive_000031.wav,positive,1.4706875,16000,1,16,0.11673,0.65482,0.1434,OK,Passed all quality checks
D:/HACK-PROJECTS/TRINETRA/TRINETRA_ML/standardized/positive/positive_000032.wav,positive,2.2386875,16000,1,16,0.10878,0.65509,0.2553,OK,Passed all quality checks
D:/HACK-PROJECTS/TRINETRA/TRINETRA_ML/standardized/positive/positive_000033.wav,positive,1.7266875,16000,1,16,0.10856,0.7121,0.5622,OK,Passed all quality checks
D:/HACK-PROJECTS/TRINETRA/TRINETRA_ML/standardized/positive/positive_000034.wav,positive,3.092,16000,1,16,0.0958,0.8024,0.4176,OK,Passed all quality checks
D:/HACK-PROJECTS/TRINETRA/TRINETRA_ML/standardized/positive/positive_000035.wav,positive,1.7266875,16000,1,16,0.15587,0.76581,0.2625,OK,Passed all quality checks
D:/HACK-PROJECTS/TRINETRA/TRINETRA_ML/standardized/positive/positive_000036.wav,positive,2.068,16000,1,16,0.10748,0.63867,0.4575,OK,Passed all quality checks
D:/HACK-PROJECTS/TRINETRA/TRINETRA_ML/standardized/positive/positive_000037.wav,positive,1.556,16000,1,16,0.12074,0.8187,0.3904,OK,Passed all quality checks
D:/HACK-PROJECTS/TRINETRA/TRINETRA_ML/standardized/positive/positive_000038.wav,positive,1.556,16000,1,16,0.08852,0.73032,0.7355,OK,Passed all quality checks
D:/HACK-PROJECTS/TRINETRA/TRINETRA_ML/standardized/positive/positive_000039.wav,positive,1.9826875,16000,1,16,0.05969,0.40265,0.7025,OK,Passed all quality checks
D:/HACK-PROJECTS/TRINETRA/TRINETRA_ML/standardized/positive/positive_000040.wav,positive,1.385375,16000,1,16,0.15827,0.77444,0.3781,OK,Passed all quality checks
D:/HACK-PROJECTS/TRINETRA/TRINETRA_ML/standardized/positive/positive_000041.wav,positive,1.641375,16000,1,16,0.13771,0.7019,0.1447,OK,Passed all quality checks
D:/HACK-PROJECTS/TRINETRA/TRINETRA_ML/standardized/positive/positive_000042.wav,positive,1.556,16000,1,16,0.1136,0.7225,0.2893,OK,Passed all quality checks
D:/HACK-PROJECTS/TRINETRA/TRINETRA_ML/standardized/positive/positive_000043.wav,positive,1.7266875,16000,1,16,0.12021,0.65771,0.1547,OK,Passed all quality checks
D:/HACK-PROJECTS/TRINETRA/TRINETRA_ML/standardized/positive/positive_000044.wav,positive,1.9826875,16000,1,16,0.11208,0.67007,0.1994,OK,Passed all quality checks
D:/HACK-PROJECTS/TRINETRA/TRINETRA_ML/standardized/positive/positive_000045.wav,positive,1.9826875,16000,1,16,0.13215,0.7131,0.2358,OK,Passed all quality checks
D:/HACK-PROJECTS/TRINETRA/TRINETRA_ML/standardized/positive/positive_000046.wav,positive,1.556,16000,1,16,0.08972,0.59021,0.6397,OK,Passed all quality checks
D:/HACK-PROJECTS/TRINETRA/TRINETRA_ML/standardized/positive/positive_000047.wav,positive,2.409375,16000,1,16,0.11524,0.63818,0.421,OK,Passed all quality checks
D:/HACK-PROJECTS/TRINETRA/TRINETRA_ML/standardized/positive/positive_000048.wav,positive,1.641375,16000,1,16,0.12013,0.69797,0.1874,OK,Passed all quality checks
D:/HACK-PROJECTS/TRINETRA/TRINETRA_ML/standardized/positive/positive_000049.wav,positive,1.4706875,16000,1,16,0.13893,0.67111,0.2319,OK,Passed all quality checks
D:/HACK-PROJECTS/TRINETRA/TRINETRA_ML/standardized/positive/positive_000050.wav,positive,2.58,16000,1,16,0.1609,0.7067,0.1764,OK,Passed all quality checks
D:/HACK-PROJECTS/TRINETRA/TRINETRA_ML/standardized/positive/positive_000051.wav,positive,1.3,16000,1,16,0.1276,0.64017,0.1492,OK,Passed all quality checks
D:/HACK-PROJECTS/TRINETRA/TRINETRA_ML/standardized/positive/positive_000052.wav,positive,1.3,16000,1,16,0.12833,0.67636,0.4914,OK,Passed all quality checks
D:/HACK-PROJECTS/TRINETRA/TRINETRA_ML/standardized/positive/positive_000053.wav,positive,1.812,16000,1,16,0.10184,0.68594,0.3303,OK,Passed all quality checks
D:/HACK-PROJECTS/TRINETRA/TRINETRA_ML/standardized/positive/positive_000054.wav,positive,1.556,16000,1,16,0.12822,0.67297,0.157,OK,Passed all quality checks
D:/HACK-PROJECTS/TRINETRA/TRINETRA_ML/standardized/positive/positive_000055.wav,positive,2.153375,16000,1,16,0.12072,0.74442,0.1948,OK,Passed all quality checks
D:/HACK-PROJECTS/TRINETRA/TRINETRA_ML/standardized/positive/positive_000056.wav,positive,1.556,16000,1,16,0.1379,0.72821,0.2916,OK,Passed all quality checks
D:/HACK-PROJECTS/TRINETRA/TRINETRA_ML/standardized/positive/positive_000057.wav,positive,1.897375,16000,1,16,0.10072,0.75592,0.7275,OK,Passed all quality checks
D:/HACK-PROJECTS/TRINETRA/TRINETRA_ML/standardized/positive/positive_000058.wav,positive,1.812,16000,1,16,0.15188,0.81882,0.1658,OK,Passed all quality checks
D:/HACK-PROJECTS/TRINETRA/TRINETRA_ML/standardized/positive/positive_000059.wav,positive,1.641375,16000,1,16,0.13454,0.60315,0.0981,OK,Passed all quality checks
D:/HACK-PROJECTS/TRINETRA/TRINETRA_ML/standardized/positive/positive_000060.wav,positive,1.044,16000,1,16,0.12994,0.63235,0.1639,OK,Passed all quality checks
D:/HACK-PROJECTS/TRINETRA/TRINETRA_ML/standardized/positive/positive_000061.wav,positive,1.897375,16000,1,16,0.13664,0.73041,0.1906,OK,Passed all quality checks
D:/HACK-PROJECTS/TRINETRA/TRINETRA_ML/standardized/positive/positive_000062.wav,positive,1.897375,16000,1,16,0.11713,0.74576,0.4522,OK,Passed all quality checks
D:/HACK-PROJECTS/TRINETRA/TRINETRA_ML/standardized/positive/positive_000063.wav,positive,1.2146875,16000,1,16,0.10904,0.70258,0.608,OK,Passed all quality checks
D:/HACK-PROJECTS/TRINETRA/TRINETRA_ML/standardized/positive/positive_000064.wav,positive,1.3,16000,1,16,0.12973,0.59973,0.1379,OK,Passed all quality checks
D:/HACK-PROJECTS/TRINETRA/TRINETRA_ML/standardized/positive/positive_000065.wav,positive,1.4706875,16000,1,16,0.14602,0.74811,0.1301,OK,Passed all quality checks
D:/HACK-PROJECTS/TRINETRA/TRINETRA_ML/standardized/positive/positive_000066.wav,positive,1.7266875,16000,1,16,0.16392,0.79816,0.1889,OK,Passed all quality checks
D:/HACK-PROJECTS/TRINETRA/TRINETRA_ML/standardized/positive/positive_000067.wav,positive,1.4706875,16000,1,16,0.13423,0.70215,0.1522,OK,Passed all quality checks
D:/HACK-PROJECTS/TRINETRA/TRINETRA_ML/standardized/positive/positive_000068.wav,positive,1.385375,16000,1,16,0.12366,0.67404,0.1356,OK,Passed all quality checks
D:/HACK-PROJECTS/TRINETRA/TRINETRA_ML/standardized/positive/positive_000069.wav,positive,1.385375,16000,1,16,0.13956,0.66556,0.1185,OK,Passed all quality checks
D:/HACK-PROJECTS/TRINETRA/TRINETRA_ML/standardized/positive/positive_000070.wav,positive,1.3,16000,1,16,0.14516,0.72177,0.1513,OK,Passed all quality checks
D:/HACK-PROJECTS/TRINETRA/TRINETRA_ML/standardized/positive/positive_000071.wav,positive,1.556,16000,1,16,0.13777,0.72998,0.1644,OK,Passed all quality checks
D:/HACK-PROJECTS/TRINETRA/TRINETRA_ML/standardized/positive/positive_000072.wav,positive,1.556,16000,1,16,0.11965,0.73938,0.3851,OK,Passed all quality checks
D:/HACK-PROJECTS/TRINETRA/TRINETRA_ML/standardized/positive/positive_000073.wav,positive,1.641375,16000,1,16,0.13204,0.76703,0.6465,OK,Passed all quality checks
D:/HACK-PROJECTS/TRINETRA/TRINETRA_ML/standardized/positive/positive_000074.wav,positive,1.3,16000,1,16,0.13732,0.66412,0.2928,OK,Passed all quality checks
D:/HACK-PROJECTS/TRINETRA/TRINETRA_ML/standardized/positive/positive_000075.wav,positive,1.385375,16000,1,16,0.10745,0.68124,0.5777,OK,Passed all quality checks
D:/HACK-PROJECTS/TRINETRA/TRINETRA_ML/standardized/positive/positive_000076.wav,positive,1.3,16000,1,16,0.12602,0.69434,0.3951,OK,Passed all quality checks
D:/HACK-PROJECTS/TRINETRA/TRINETRA_ML/standardized/positive/positive_000077.wav,positive,1.2146875,16000,1,16,0.1391,0.67859,0.2206,OK,Passed all quality checks
D:/HACK-PROJECTS/TRINETRA/TRINETRA_ML/standardized/positive/positive_000078.wav,positive,1.2146875,16000,1,16,0.08658,0.58829,0.3042,OK,Passed all quality checks
D:/HACK-PROJECTS/TRINETRA/TRINETRA_ML/standardized/positive/positive_000079.wav,positive,1.641375,16000,1,16,0.12765,0.74426,0.5475,OK,Passed all quality checks
D:/HACK-PROJECTS/TRINETRA/TRINETRA_ML/standardized/positive/positive_000080.wav,positive,1.556,16000,1,16,0.12182,0.61978,0.117,OK,Passed all quality checks
D:/HACK-PROJECTS/TRINETRA/TRINETRA_ML/standardized/positive/positive_000081.wav,positive,1.129375,16000,1,16,0.15717,0.6445,0.0999,OK,Passed all quality checks
D:/HACK-PROJECTS/TRINETRA/TRINETRA_ML/standardized/positive/positive_000082.wav,positive,1.385375,16000,1,16,0.11409,0.68665,0.1525,OK,Passed all quality checks
D:/HACK-PROJECTS/TRINETRA/TRINETRA_ML/standardized/positive/positive_000083.wav,positive,1.4706875,16000,1,16,0.12805,0.6705,0.1541,OK,Passed all quality checks
D:/HACK-PROJECTS/TRINETRA/TRINETRA_ML/standardized/positive/positive_000084.wav,positive,1.4706875,16000,1,16,0.13015,0.68582,0.1679,OK,Passed all quality checks
D:/HACK-PROJECTS/TRINETRA/TRINETRA_ML/standardized/positive/positive_000085.wav,positive,1.385375,16000,1,16,0.13404,0.66287,0.1299,OK,Passed all quality checks
D:/HACK-PROJECTS/TRINETRA/TRINETRA_ML/standardized/positive/positive_000086.wav,positive,2.068,16000,1,16,0.11838,0.6489,0.1347,OK,Passed all quality checks
D:/HACK-PROJECTS/TRINETRA/TRINETRA_ML/standardized/positive/positive_000087.wav,positive,1.556,16000,1,16,0.12743,0.71402,0.1256,OK,Passed all quality checks
D:/HACK-PROJECTS/TRINETRA/TRINETRA_ML/standardized/positive/positive_000088.wav,positive,1.556,16000,1,16,0.11303,0.68286,0.1474,OK,Passed all quality checks
D:/HACK-PROJECTS/TRINETRA/TRINETRA_ML/standardized/positive/positive_000089.wav,positive,1.7266875,16000,1,16,0.10238,0.71255,0.358,OK,Passed all quality checks
D:/HACK-PROJECTS/TRINETRA/TRINETRA_ML/standardized/positive/positive_000090.wav,positive,1.641375,16000,1,16,0.10738,0.68832,0.4592,OK,Passed all quality checks
D:/HACK-PROJECTS/TRINETRA/TRINETRA_ML/standardized/positive/positive_000091.wav,positive,2.153375,16000,1,16,0.09045,0.69055,0.3212,OK,Passed all quality checks
D:/HACK-PROJECTS/TRINETRA/TRINETRA_ML/standardized/positive/positive_000092.wav,positive,2.153375,16000,1,16,0.05488,0.4071,0.4888,OK,Passed all quality checks
D:/HACK-PROJECTS/TRINETRA/TRINETRA_ML/standardized/positive/positive_000093.wav,positive,1.3,16000,1,16,0.07844,0.44574,0.5786,OK,Passed all quality checks
D:/HACK-PROJECTS/TRINETRA/TRINETRA_ML/standardized/positive/positive_000094.wav,positive,0.873375,16000,1,16,0.09524,0.50916,0.3607,OK,Passed all quality checks
D:/HACK-PROJECTS/TRINETRA/TRINETRA_ML/standardized/positive/positive_000095.wav,positive,1.3,16000,1,16,0.07544,0.54315,0.5827,OK,Passed all quality checks
D:/HACK-PROJECTS/TRINETRA/TRINETRA_ML/standardized/positive/positive_000096.wav,positive,1.044,16000,1,16,0.07005,0.53671,0.6652,OK,Passed all quality checks
D:/HACK-PROJECTS/TRINETRA/TRINETRA_ML/standardized/positive/positive_000097.wav,positive,0.9586875,16000,1,16,0.07858,0.67627,0.6495,OK,Passed all quality checks
D:/HACK-PROJECTS/TRINETRA/TRINETRA_ML/standardized/positive/positive_000098.wav,positive,0.788,16000,1,16,0.07246,0.47589,0.5715,OK,Passed all quality checks
D:/HACK-PROJECTS/TRINETRA/TRINETRA_ML/standardized/positive/positive_000099.wav,positive,1.2146875,16000,1,16,0.07534,0.41177,0.548,OK,Passed all quality checks
D:/HACK-PROJECTS/TRINETRA/TRINETRA_ML/standardized/positive/positive_000100.wav,positive,1.3,16000,1,16,0.06166,0.47809,0.6196,OK,Passed all quality checks
D:/HACK-PROJECTS/TRINETRA/TRINETRA_ML/standardized/positive/positive_000101.wav,positive,1.9826875,16000,1,16,0.05208,0.35367,0.6042,OK,Passed all quality checks
D:/HACK-PROJECTS/TRINETRA/TRINETRA_ML/standardized/positive/positive_000102.wav,positive,0.873375,16000,1,16,0.10776,0.60318,0.5794,OK,Passed all quality checks
D:/HACK-PROJECTS/TRINETRA/TRINETRA_ML/standardized/positive/positive_000103.wav,positive,1.641375,16000,1,16,0.04392,0.34943,0.717,OK,Passed all quality checks
D:/HACK-PROJECTS/TRINETRA/TRINETRA_ML/standardized/positive/positive_000104.wav,positive,0.998875,16000,1,16,0.04944,0.50476,0.6828,OK,Passed all quality checks
D:/HACK-PROJECTS/TRINETRA/TRINETRA_ML/standardized/positive/positive_000105.wav,positive,0.981125,16000,1,16,0.04134,0.41269,0.7059,OK,Passed all quality checks
D:/HACK-PROJECTS/TRINETRA/TRINETRA_ML/standardized/positive/positive_000106.wav,positive,1.04475,16000,1,16,0.03447,0.36026,0.7376,OK,Passed all quality checks
D:/HACK-PROJECTS/TRINETRA/TRINETRA_ML/standardized/positive/positive_000107.wav,positive,1.016625,16000,1,16,0.03761,0.38098,0.7206,OK,Passed all quality checks
D:/HACK-PROJECTS/TRINETRA/TRINETRA_ML/standardized/positive/positive_000108.wav,positive,0.9378125,16000,1,16,0.02857,0.28812,0.7559,OK,Passed all quality checks
D:/HACK-PROJECTS/TRINETRA/TRINETRA_ML/standardized/positive/positive_000109.wav,positive,0.984,16000,1,16,0.04502,0.47464,0.709,OK,Passed all quality checks
D:/HACK-PROJECTS/TRINETRA/TRINETRA_ML/standardized/positive/positive_000110.wav,positive,1.045125,16000,1,16,0.0478,0.49365,0.7026,OK,Passed all quality checks
D:/HACK-PROJECTS/TRINETRA/TRINETRA_ML/standardized/positive/positive_000111.wav,positive,1.0478125,16000,1,16,0.0288,0.31573,0.7797,OK,Passed all quality checks
D:/HACK-PROJECTS/TRINETRA/TRINETRA_ML/standardized/positive/positive_000112.wav,positive,0.9455625,16000,1,16,0.02685,0.27414,0.7711,OK,Passed all quality checks
D:/HACK-PROJECTS/TRINETRA/TRINETRA_ML/standardized/positive/positive_000113.wav,positive,1.0515,16000,1,16,0.02448,0.26288,0.7985,OK,Passed all quality checks
D:/HACK-PROJECTS/TRINETRA/TRINETRA_ML/standardized/positive/positive_000114.wav,positive,1.009375,16000,1,16,0.04684,0.48975,0.7001,OK,Passed all quality checks
D:/HACK-PROJECTS/TRINETRA/TRINETRA_ML/standardized/positive/positive_000115.wav,positive,0.979625,16000,1,16,0.02799,0.29422,0.7698,OK,Passed all quality checks
D:/HACK-PROJECTS/TRINETRA/TRINETRA_ML/standardized/positive/positive_000116.wav,positive,1.04675,16000,1,16,0.04263,0.43732,0.7042,OK,Passed all quality checks
D:/HACK-PROJECTS/TRINETRA/TRINETRA_ML/standardized/positive/positive_000117.wav,positive,1.0664375,16000,1,16,0.02743,0.29184,0.7781,OK,Passed all quality checks
D:/HACK-PROJECTS/TRINETRA/TRINETRA_ML/standardized/positive/positive_000118.wav,positive,0.9616875,16000,1,16,0.02678,0.27673,0.7697,OK,Passed all quality checks
D:/HACK-PROJECTS/TRINETRA/TRINETRA_ML/standardized/positive/positive_000119.wav,positive,1.02875,16000,1,16,0.04671,0.37958,0.6152,OK,Passed all quality checks
D:/HACK-PROJECTS/TRINETRA/TRINETRA_ML/standardized/positive/positive_000120.wav,positive,0.972375,16000,1,16,0.05436,0.44061,0.5841,OK,Passed all quality checks
D:/HACK-PROJECTS/TRINETRA/TRINETRA_ML/standardized/positive/positive_000121.wav,positive,1.1635,16000,1,16,0.05711,0.48453,0.6138,OK,Passed all quality checks
D:/HACK-PROJECTS/TRINETRA/TRINETRA_ML/standardized/positive/positive_000122.wav,positive,0.9176875,16000,1,16,0.05573,0.44382,0.5723,OK,Passed all quality checks
D:/HACK-PROJECTS/TRINETRA/TRINETRA_ML/standardized/positive/positive_000123.wav,positive,1.0250625,16000,1,16,0.045,0.366,0.6095,OK,Passed all quality checks
D:/HACK-PROJECTS/TRINETRA/TRINETRA_ML/standardized/positive/positive_000124.wav,positive,1.0144375,16000,1,16,0.05329,0.43915,0.5976,OK,Passed all quality checks
D:/HACK-PROJECTS/TRINETRA/TRINETRA_ML/standardized/positive/positive_000125.wav,positive,0.99625,16000,1,16,0.05741,0.4762,0.5872,OK,Passed all quality checks
D:/HACK-PROJECTS/TRINETRA/TRINETRA_ML/standardized/positive/positive_000126.wav,positive,0.9560625,16000,1,16,0.02971,0.23969,0.6811,OK,Passed all quality checks
D:/HACK-PROJECTS/TRINETRA/TRINETRA_ML/standardized/positive/positive_000127.wav,positive,1.076625,16000,1,16,0.0384,0.31549,0.6577,OK,Passed all quality checks
D:/HACK-PROJECTS/TRINETRA/TRINETRA_ML/standardized/positive/positive_000128.wav,positive,0.94225,16000,1,16,0.03517,0.2847,0.651,OK,Passed all quality checks
D:/HACK-PROJECTS/TRINETRA/TRINETRA_ML/standardized/positive/positive_000129.wav,positive,1.04375,16000,1,16,0.05566,0.46262,0.5925,OK,Passed all quality checks
D:/HACK-PROJECTS/TRINETRA/TRINETRA_ML/standardized/positive/positive_000130.wav,positive,1.10375,16000,1,16,0.04664,0.39206,0.627,OK,Passed all quality checks
D:/HACK-PROJECTS/TRINETRA/TRINETRA_ML/standardized/positive/positive_000131.wav,positive,1.0575,16000,1,16,0.03475,0.28491,0.6586,OK,Passed all quality checks
D:/HACK-PROJECTS/TRINETRA/TRINETRA_ML/standardized/positive/positive_000132.wav,positive,1.0216875,16000,1,16,0.04564,0.38232,0.6234,OK,Passed all quality checks
D:/HACK-PROJECTS/TRINETRA/TRINETRA_ML/standardized/positive/positive_000133.wav,positive,1.038,16000,1,16,0.05386,0.44894,0.619,OK,Passed all quality checks
D:/HACK-PROJECTS/TRINETRA/TRINETRA_ML/standardized/positive/positive_000134.wav,positive,1.1003125,16000,1,16,0.05896,0.51465,0.639,OK,Passed all quality checks
D:/HACK-PROJECTS/TRINETRA/TRINETRA_ML/standardized/positive/positive_000135.wav,positive,1.08575,16000,1,16,0.04057,0.34418,0.6745,OK,Passed all quality checks
D:/HACK-PROJECTS/TRINETRA/TRINETRA_ML/standardized/positive/positive_000136.wav,positive,1.153625,16000,1,16,0.04087,0.35562,0.6856,OK,Passed all quality checks
D:/HACK-PROJECTS/TRINETRA/TRINETRA_ML/standardized/positive/positive_000137.wav,positive,1.198875,16000,1,16,0.04854,0.42184,0.6595,OK,Passed all quality checks
D:/HACK-PROJECTS/TRINETRA/TRINETRA_ML/standardized/positive/positive_000138.wav,positive,1.191125,16000,1,16,0.05232,0.4538,0.6563,OK,Passed all quality checks
D:/HACK-PROJECTS/TRINETRA/TRINETRA_ML/standardized/positive/positive_000139.wav,positive,1.05275,16000,1,16,0.0398,0.33539,0.6833,OK,Passed all quality checks
D:/HACK-PROJECTS/TRINETRA/TRINETRA_ML/standardized/positive/positive_000140.wav,positive,1.0991875,16000,1,16,0.0605,0.50702,0.6163,OK,Passed all quality checks
D:/HACK-PROJECTS/TRINETRA/TRINETRA_ML/standardized/positive/positive_000141.wav,positive,1.1876875,16000,1,16,0.06833,0.58392,0.6161,OK,Passed all quality checks
D:/HACK-PROJECTS/TRINETRA/TRINETRA_ML/standardized/positive/positive_000142.wav,positive,1.1035625,16000,1,16,0.03552,0.30527,0.6966,OK,Passed all quality checks
D:/HACK-PROJECTS/TRINETRA/TRINETRA_ML/standardized/positive/positive_000143.wav,positive,1.0800625,16000,1,16,0.05928,0.50339,0.6342,OK,Passed all quality checks
D:/HACK-PROJECTS/TRINETRA/TRINETRA_ML/standardized/positive/positive_000144.wav,positive,1.20975,16000,1,16,0.03621,0.32172,0.7141,OK,Passed all quality checks
D:/HACK-PROJECTS/TRINETRA/TRINETRA_ML/standardized/positive/positive_000145.wav,positive,1.1424375,16000,1,16,0.04313,0.3815,0.6873,OK,Passed all quality checks
D:/HACK-PROJECTS/TRINETRA/TRINETRA_ML/standardized/positive/positive_000146.wav,positive,1.070625,16000,1,16,0.04195,0.35251,0.6737,OK,Passed all quality checks
D:/HACK-PROJECTS/TRINETRA/TRINETRA_ML/standardized/positive/positive_000147.wav,positive,1.15925,16000,1,16,0.03412,0.28802,0.707,OK,Passed all quality checks
D:/HACK-PROJECTS/TRINETRA/TRINETRA_ML/standardized/positive/positive_000148.wav,positive,1.1363125,16000,1,16,0.0602,0.50107,0.621,OK,Passed all quality checks
D:/HACK-PROJECTS/TRINETRA/TRINETRA_ML/standardized/positive/positive_000149.wav,positive,1.2784375,16000,1,16,0.0601,0.46954,0.6254,OK,Passed all quality checks
D:/HACK-PROJECTS/TRINETRA/TRINETRA_ML/standardized/positive/positive_000150.wav,positive,1.216375,16000,1,16,0.06699,0.51297,0.6143,OK,Passed all quality checks
D:/HACK-PROJECTS/TRINETRA/TRINETRA_ML/standardized/positive/positive_000151.wav,positive,1.236875,16000,1,16,0.06825,0.52216,0.6079,OK,Passed all quality checks
D:/HACK-PROJECTS/TRINETRA/TRINETRA_ML/standardized/positive/positive_000152.wav,positive,1.2008125,16000,1,16,0.07057,0.54028,0.6011,OK,Passed all quality checks
D:/HACK-PROJECTS/TRINETRA/TRINETRA_ML/standardized/positive/positive_000153.wav,positive,1.2060625,16000,1,16,0.03322,0.26245,0.7142,OK,Passed all quality checks
D:/HACK-PROJECTS/TRINETRA/TRINETRA_ML/standardized/positive/positive_000154.wav,positive,1.2324375,16000,1,16,0.05367,0.43005,0.6578,OK,Passed all quality checks
D:/HACK-PROJECTS/TRINETRA/TRINETRA_ML/standardized/positive/positive_000155.wav,positive,1.231375,16000,1,16,0.06765,0.52643,0.6178,OK,Passed all quality checks
D:/HACK-PROJECTS/TRINETRA/TRINETRA_ML/standardized/positive/positive_000156.wav,positive,1.174375,16000,1,16,0.04486,0.34671,0.6677,OK,Passed all quality checks
D:/HACK-PROJECTS/TRINETRA/TRINETRA_ML/standardized/positive/positive_000157.wav,positive,1.2313125,16000,1,16,0.06685,0.51477,0.6093,OK,Passed all quality checks
D:/HACK-PROJECTS/TRINETRA/TRINETRA_ML/standardized/positive/positive_000158.wav,positive,1.1120625,16000,1,16,0.05294,0.40063,0.631,OK,Passed all quality checks
D:/HACK-PROJECTS/TRINETRA/TRINETRA_ML/standardized/positive/positive_000159.wav,positive,1.249,16000,1,16,0.04132,0.32037,0.675,OK,Passed all quality checks
D:/HACK-PROJECTS/TRINETRA/TRINETRA_ML/standardized/positive/positive_000160.wav,positive,1.1596875,16000,1,16,0.06615,0.50134,0.6055,OK,Passed all quality checks
D:/HACK-PROJECTS/TRINETRA/TRINETRA_ML/standardized/positive/positive_000161.wav,positive,1.18275,16000,1,16,0.05492,0.41681,0.6229,OK,Passed all quality checks
D:/HACK-PROJECTS/TRINETRA/TRINETRA_ML/standardized/positive/positive_000162.wav,positive,1.1489375,16000,1,16,0.06643,0.509,0.6088,OK,Passed all quality checks
D:/HACK-PROJECTS/TRINETRA/TRINETRA_ML/standardized/positive/positive_000163.wav,positive,1.2353125,16000,1,16,0.0631,0.47641,0.609,OK,Passed all quality checks
D:/HACK-PROJECTS/TRINETRA/TRINETRA_ML/standardized/positive/positive_000164.wav,positive,1.2405,16000,1,16,0.0558,0.44022,0.6339,OK,Passed all quality checks
D:/HACK-PROJECTS/TRINETRA/TRINETRA_ML/standardized/positive/positive_000165.wav,positive,1.2353125,16000,1,16,0.05117,0.40405,0.6514,OK,Passed all quality checks
D:/HACK-PROJECTS/TRINETRA/TRINETRA_ML/standardized/positive/positive_000166.wav,positive,1.191875,16000,1,16,0.04547,0.36563,0.6734,OK,Passed all quality checks
D:/HACK-PROJECTS/TRINETRA/TRINETRA_ML/standardized/positive/positive_000167.wav,positive,1.1785625,16000,1,16,0.04076,0.30838,0.6565,OK,Passed all quality checks
D:/HACK-PROJECTS/TRINETRA/TRINETRA_ML/standardized/positive/positive_000168.wav,positive,1.1970625,16000,1,16,0.06454,0.48956,0.61,OK,Passed all quality checks
D:/HACK-PROJECTS/TRINETRA/TRINETRA_ML/standardized/positive/positive_000169.wav,positive,1.23875,16000,1,16,0.04245,0.32739,0.6658,OK,Passed all quality checks
D:/HACK-PROJECTS/TRINETRA/TRINETRA_ML/standardized/positive/positive_000170.wav,positive,1.2389375,16000,1,16,0.06589,0.52762,0.6289,OK,Passed all quality checks
D:/HACK-PROJECTS/TRINETRA/TRINETRA_ML/standardized/positive/positive_000171.wav,positive,1.2620625,16000,1,16,0.05573,0.43536,0.6315,OK,Passed all quality checks
D:/HACK-PROJECTS/TRINETRA/TRINETRA_ML/standardized/positive/positive_000172.wav,positive,1.245875,16000,1,16,0.05216,0.40805,0.6496,OK,Passed all quality checks
D:/HACK-PROJECTS/TRINETRA/TRINETRA_ML/standardized/positive/positive_000173.wav,positive,1.1671875,16000,1,16,0.04138,0.3186,0.6633,OK,Passed all quality checks
D:/HACK-PROJECTS/TRINETRA/TRINETRA_ML/standardized/positive/positive_000174.wav,positive,1.30825,16000,1,16,0.0462,0.36615,0.666,OK,Passed all quality checks
D:/HACK-PROJECTS/TRINETRA/TRINETRA_ML/standardized/positive/positive_000175.wav,positive,1.1168125,16000,1,16,0.06863,0.51892,0.5882,OK,Passed all quality checks
D:/HACK-PROJECTS/TRINETRA/TRINETRA_ML/standardized/positive/positive_000176.wav,positive,1.2301875,16000,1,16,0.07325,0.57327,0.596,OK,Passed all quality checks
D:/HACK-PROJECTS/TRINETRA/TRINETRA_ML/standardized/positive/positive_000177.wav,positive,1.256375,16000,1,16,0.03925,0.31262,0.6944,OK,Passed all quality checks
D:/HACK-PROJECTS/TRINETRA/TRINETRA_ML/standardized/positive/positive_000178.wav,positive,1.2131875,16000,1,16,0.0471,0.37955,0.6683,OK,Passed all quality checks
D:/HACK-PROJECTS/TRINETRA/TRINETRA_ML/standardized/positive/positive_000179.wav,positive,1.1024375,16000,1,16,0.04047,0.37527,0.6803,OK,Passed all quality checks
D:/HACK-PROJECTS/TRINETRA/TRINETRA_ML/standardized/positive/positive_000180.wav,positive,1.0175,16000,1,16,0.02754,0.25214,0.727,OK,Passed all quality checks
D:/HACK-PROJECTS/TRINETRA/TRINETRA_ML/standardized/positive/positive_000181.wav,positive,0.9746875,16000,1,16,0.03931,0.35278,0.6647,OK,Passed all quality checks
D:/HACK-PROJECTS/TRINETRA/TRINETRA_ML/standardized/positive/positive_000182.wav,positive,0.9300625,16000,1,16,0.0513,0.45923,0.6164,OK,Passed all quality checks
D:/HACK-PROJECTS/TRINETRA/TRINETRA_ML/standardized/positive/positive_000183.wav,positive,1.02575,16000,1,16,0.03489,0.32608,0.696,OK,Passed all quality checks
D:/HACK-PROJECTS/TRINETRA/TRINETRA_ML/standardized/positive/positive_000184.wav,positive,1.0311875,16000,1,16,0.0508,0.47021,0.6391,OK,Passed all quality checks
D:/HACK-PROJECTS/TRINETRA/TRINETRA_ML/standardized/positive/positive_000185.wav,positive,0.94125,16000,1,16,0.05302,0.45905,0.6029,OK,Passed all quality checks
D:/HACK-PROJECTS/TRINETRA/TRINETRA_ML/standardized/positive/positive_000186.wav,positive,1.017,16000,1,16,0.05045,0.45407,0.6257,OK,Passed all quality checks
D:/HACK-PROJECTS/TRINETRA/TRINETRA_ML/standardized/positive/positive_000187.wav,positive,0.9400625,16000,1,16,0.03807,0.33563,0.6641,OK,Passed all quality checks
D:/HACK-PROJECTS/TRINETRA/TRINETRA_ML/standardized/positive/positive_000188.wav,positive,0.9029375,16000,1,16,0.04706,0.41342,0.6277,OK,Passed all quality checks
D:/HACK-PROJECTS/TRINETRA/TRINETRA_ML/standardized/positive/positive_000189.wav,positive,1.07675,16000,1,16,0.04556,0.41736,0.6571,OK,Passed all quality checks
D:/HACK-PROJECTS/TRINETRA/TRINETRA_ML/standardized/positive/positive_000190.wav,positive,0.99575,16000,1,16,0.04532,0.4201,0.663,OK,Passed all quality checks
D:/HACK-PROJECTS/TRINETRA/TRINETRA_ML/standardized/positive/positive_000191.wav,positive,1.0908125,16000,1,16,0.03643,0.33762,0.6862,OK,Passed all quality checks
D:/HACK-PROJECTS/TRINETRA/TRINETRA_ML/standardized/positive/positive_000192.wav,positive,0.959625,16000,1,16,0.03355,0.29575,0.6811,OK,Passed all quality checks
D:/HACK-PROJECTS/TRINETRA/TRINETRA_ML/standardized/positive/positive_000193.wav,positive,0.9659375,16000,1,16,0.03761,0.33267,0.6654,OK,Passed all quality checks
D:/HACK-PROJECTS/TRINETRA/TRINETRA_ML/standardized/positive/positive_000194.wav,positive,1.2155625,16000,1,16,0.06565,0.66959,0.675,OK,Passed all quality checks
D:/HACK-PROJECTS/TRINETRA/TRINETRA_ML/standardized/positive/positive_000195.wav,positive,1.272375,16000,1,16,0.05887,0.60193,0.6867,OK,Passed all quality checks
D:/HACK-PROJECTS/TRINETRA/TRINETRA_ML/standardized/positive/positive_000196.wav,positive,1.261125,16000,1,16,0.05852,0.59048,0.6869,OK,Passed all quality checks
D:/HACK-PROJECTS/TRINETRA/TRINETRA_ML/standardized/positive/positive_000197.wav,positive,1.238625,16000,1,16,0.05378,0.53952,0.6956,OK,Passed all quality checks
D:/HACK-PROJECTS/TRINETRA/TRINETRA_ML/standardized/positive/positive_000198.wav,positive,1.1313125,16000,1,16,0.04048,0.40326,0.7313,OK,Passed all quality checks
D:/HACK-PROJECTS/TRINETRA/TRINETRA_ML/standardized/positive/positive_000199.wav,positive,1.2343125,16000,1,16,0.05441,0.56567,0.7105,OK,Passed all quality checks
D:/HACK-PROJECTS/TRINETRA/TRINETRA_ML/standardized/positive/positive_000200.wav,positive,1.2578125,16000,1,16,0.06482,0.66141,0.6728,OK,Passed all quality checks
D:/HACK-PROJECTS/TRINETRA/TRINETRA_ML/standardized/positive/positive_000201.wav,positive,1.2584375,16000,1,16,0.04045,0.41068,0.7414,OK,Passed all quality checks
D:/HACK-PROJECTS/TRINETRA/TRINETRA_ML/standardized/positive/positive_000202.wav,positive,1.250375,16000,1,16,0.04361,0.43549,0.7247,OK,Passed all quality checks
D:/HACK-PROJECTS/TRINETRA/TRINETRA_ML/standardized/positive/positive_000203.wav,positive,1.3324375,16000,1,16,0.04914,0.50098,0.7161,OK,Passed all quality checks
D:/HACK-PROJECTS/TRINETRA/TRINETRA_ML/standardized/positive/positive_000204.wav,positive,1.266125,16000,1,16,0.05148,0.52298,0.7067,OK,Passed all quality checks
D:/HACK-PROJECTS/TRINETRA/TRINETRA_ML/standardized/positive/positive_000205.wav,positive,1.136875,16000,1,16,0.06936,0.69604,0.6559,OK,Passed all quality checks
D:/HACK-PROJECTS/TRINETRA/TRINETRA_ML/standardized/positive/positive_000206.wav,positive,1.1479375,16000,1,16,0.07267,0.72604,0.6502,OK,Passed all quality checks
D:/HACK-PROJECTS/TRINETRA/TRINETRA_ML/standardized/positive/positive_000207.wav,positive,1.2905625,16000,1,16,0.06989,0.73187,0.6817,OK,Passed all quality checks
D:/HACK-PROJECTS/TRINETRA/TRINETRA_ML/standardized/positive/positive_000208.wav,positive,1.287875,16000,1,16,0.0468,0.46954,0.7167,OK,Passed all quality checks
D:/HACK-PROJECTS/TRINETRA/TRINETRA_ML/standardized/positive/positive_000209.wav,positive,0.997375,16000,1,16,0.05422,0.48462,0.6582,OK,Passed all quality checks
D:/HACK-PROJECTS/TRINETRA/TRINETRA_ML/standardized/positive/positive_000210.wav,positive,0.8875,16000,1,16,0.04742,0.42758,0.6725,OK,Passed all quality checks
D:/HACK-PROJECTS/TRINETRA/TRINETRA_ML/standardized/positive/positive_000211.wav,positive,0.8568125,16000,1,16,0.05854,0.5007,0.617,OK,Passed all quality checks
D:/HACK-PROJECTS/TRINETRA/TRINETRA_ML/standardized/positive/positive_000212.wav,positive,0.8943125,16000,1,16,0.04233,0.37411,0.6836,OK,Passed all quality checks
D:/HACK-PROJECTS/TRINETRA/TRINETRA_ML/standardized/positive/positive_000213.wav,positive,0.929875,16000,1,16,0.03517,0.30731,0.7064,OK,Passed all quality checks
D:/HACK-PROJECTS/TRINETRA/TRINETRA_ML/standardized/positive/positive_000214.wav,positive,0.86925,16000,1,16,0.05347,0.45795,0.6343,OK,Passed all quality checks
D:/HACK-PROJECTS/TRINETRA/TRINETRA_ML/standardized/positive/positive_000215.wav,positive,1.0085625,16000,1,16,0.04864,0.44046,0.6733,OK,Passed all quality checks
D:/HACK-PROJECTS/TRINETRA/TRINETRA_ML/standardized/positive/positive_000216.wav,positive,0.907125,16000,1,16,0.0343,0.30673,0.7178,OK,Passed all quality checks
D:/HACK-PROJECTS/TRINETRA/TRINETRA_ML/standardized/positive/positive_000217.wav,positive,0.9249375,16000,1,16,0.06207,0.54855,0.6279,OK,Passed all quality checks
D:/HACK-PROJECTS/TRINETRA/TRINETRA_ML/standardized/positive/positive_000218.wav,positive,0.8111875,16000,1,16,0.04842,0.40201,0.6282,OK,Passed all quality checks
D:/HACK-PROJECTS/TRINETRA/TRINETRA_ML/standardized/positive/positive_000219.wav,positive,0.9154375,16000,1,16,0.05165,0.45261,0.6556,OK,Passed all quality checks
D:/HACK-PROJECTS/TRINETRA/TRINETRA_ML/standardized/positive/positive_000220.wav,positive,0.964875,16000,1,16,0.04075,0.36899,0.6958,OK,Passed all quality checks
D:/HACK-PROJECTS/TRINETRA/TRINETRA_ML/standardized/positive/positive_000221.wav,positive,0.88725,16000,1,16,0.05324,0.47159,0.6541,OK,Passed all quality checks
D:/HACK-PROJECTS/TRINETRA/TRINETRA_ML/standardized/positive/positive_000222.wav,positive,0.9143125,16000,1,16,0.05733,0.51059,0.6421,OK,Passed all quality checks
D:/HACK-PROJECTS/TRINETRA/TRINETRA_ML/standardized/positive/positive_000223.wav,positive,0.9348125,16000,1,16,0.04161,0.36731,0.6827,OK,Passed all quality checks
D:/HACK-PROJECTS/TRINETRA/TRINETRA_ML/standardized/positive/positive_000224.wav,positive,0.9731875,16000,1,16,0.04528,0.43845,0.7134,OK,Passed all quality checks
D:/HACK-PROJECTS/TRINETRA/TRINETRA_ML/standardized/positive/positive_000225.wav,positive,0.814,16000,1,16,0.02712,0.25247,0.7666,OK,Passed all quality checks
D:/HACK-PROJECTS/TRINETRA/TRINETRA_ML/standardized/positive/positive_000226.wav,positive,0.97675,16000,1,16,0.05073,0.48822,0.6959,OK,Passed all quality checks
D:/HACK-PROJECTS/TRINETRA/TRINETRA_ML/standardized/positive/positive_000227.wav,positive,0.94475,16000,1,16,0.02956,0.28439,0.7607,OK,Passed all quality checks
D:/HACK-PROJECTS/TRINETRA/TRINETRA_ML/standardized/positive/positive_000228.wav,positive,0.8861875,16000,1,16,0.04081,0.38531,0.7187,OK,Passed all quality checks
D:/HACK-PROJECTS/TRINETRA/TRINETRA_ML/standardized/positive/positive_000229.wav,positive,0.8266875,16000,1,16,0.05577,0.50705,0.6365,OK,Passed all quality checks
D:/HACK-PROJECTS/TRINETRA/TRINETRA_ML/standardized/positive/positive_000230.wav,positive,0.872125,16000,1,16,0.04492,0.41418,0.687,OK,Passed all quality checks
D:/HACK-PROJECTS/TRINETRA/TRINETRA_ML/standardized/positive/positive_000231.wav,positive,0.8955625,16000,1,16,0.02627,0.25766,0.7842,OK,Passed all quality checks
D:/HACK-PROJECTS/TRINETRA/TRINETRA_ML/standardized/positive/positive_000232.wav,positive,0.9065625,16000,1,16,0.0528,0.50253,0.6718,OK,Passed all quality checks
D:/HACK-PROJECTS/TRINETRA/TRINETRA_ML/standardized/positive/positive_000233.wav,positive,0.917125,16000,1,16,0.04538,0.42615,0.6982,OK,Passed all quality checks
D:/HACK-PROJECTS/TRINETRA/TRINETRA_ML/standardized/positive/positive_000234.wav,positive,0.8914375,16000,1,16,0.03864,0.35828,0.7058,OK,Passed all quality checks
D:/HACK-PROJECTS/TRINETRA/TRINETRA_ML/standardized/positive/positive_000235.wav,positive,0.981125,16000,1,16,0.03437,0.33463,0.7494,OK,Passed all quality checks
D:/HACK-PROJECTS/TRINETRA/TRINETRA_ML/standardized/positive/positive_000236.wav,positive,0.9615,16000,1,16,0.04795,0.46725,0.6936,OK,Passed all quality checks
D:/HACK-PROJECTS/TRINETRA/TRINETRA_ML/standardized/positive/positive_000237.wav,positive,0.9426875,16000,1,16,0.04546,0.43442,0.6981,OK,Passed all quality checks
D:/HACK-PROJECTS/TRINETRA/TRINETRA_ML/standardized/positive/positive_000238.wav,positive,0.8898125,16000,1,16,0.02675,0.25375,0.7733,OK,Passed all quality checks
D:/HACK-PROJECTS/TRINETRA/TRINETRA_ML/standardized/positive/positive_000239.wav,positive,1.0085625,16000,1,16,0.06168,0.59747,0.6641,OK,Passed all quality checks
D:/HACK-PROJECTS/TRINETRA/TRINETRA_ML/standardized/positive/positive_000240.wav,positive,0.9218125,16000,1,16,0.0662,0.6073,0.62,OK,Passed all quality checks
D:/HACK-PROJECTS/TRINETRA/TRINETRA_ML/standardized/positive/positive_000241.wav,positive,1.044875,16000,1,16,0.05943,0.5546,0.6558,OK,Passed all quality checks
D:/HACK-PROJECTS/TRINETRA/TRINETRA_ML/standardized/positive/positive_000242.wav,positive,0.9531875,16000,1,16,0.04076,0.37424,0.6949,OK,Passed all quality checks
D:/HACK-PROJECTS/TRINETRA/TRINETRA_ML/standardized/positive/positive_000243.wav,positive,1.0573125,16000,1,16,0.04293,0.40918,0.7058,OK,Passed all quality checks
D:/HACK-PROJECTS/TRINETRA/TRINETRA_ML/standardized/positive/positive_000244.wav,positive,0.916875,16000,1,16,0.04376,0.39923,0.682,OK,Passed all quality checks
D:/HACK-PROJECTS/TRINETRA/TRINETRA_ML/standardized/positive/positive_000245.wav,positive,0.95625,16000,1,16,0.0596,0.54471,0.6379,OK,Passed all quality checks
D:/HACK-PROJECTS/TRINETRA/TRINETRA_ML/standardized/positive/positive_000246.wav,positive,0.9990625,16000,1,16,0.05101,0.48605,0.6786,OK,Passed all quality checks
D:/HACK-PROJECTS/TRINETRA/TRINETRA_ML/standardized/positive/positive_000247.wav,positive,0.9363125,16000,1,16,0.0431,0.39944,0.694,OK,Passed all quality checks
D:/HACK-PROJECTS/TRINETRA/TRINETRA_ML/standardized/positive/positive_000248.wav,positive,1.0240625,16000,1,16,0.03558,0.33109,0.723,OK,Passed all quality checks
D:/HACK-PROJECTS/TRINETRA/TRINETRA_ML/standardized/positive/positive_000249.wav,positive,1.0705,16000,1,16,0.04245,0.40503,0.7036,OK,Passed all quality checks
D:/HACK-PROJECTS/TRINETRA/TRINETRA_ML/standardized/positive/positive_000250.wav,positive,1.028,16000,1,16,0.05889,0.54791,0.6466,OK,Passed all quality checks
D:/HACK-PROJECTS/TRINETRA/TRINETRA_ML/standardized/positive/positive_000251.wav,positive,0.9386875,16000,1,16,0.04433,0.40439,0.6749,OK,Passed all quality checks
D:/HACK-PROJECTS/TRINETRA/TRINETRA_ML/standardized/positive/positive_000252.wav,positive,1.064125,16000,1,16,0.05664,0.53354,0.6694,OK,Passed all quality checks
D:/HACK-PROJECTS/TRINETRA/TRINETRA_ML/standardized/positive/positive_000253.wav,positive,0.964625,16000,1,16,0.05099,0.4704,0.6628,OK,Passed all quality checks
D:/HACK-PROJECTS/TRINETRA/TRINETRA_ML/standardized/positive/positive_000254.wav,positive,0.7924375,16000,1,16,0.07757,0.56943,0.5429,OK,Passed all quality checks
D:/HACK-PROJECTS/TRINETRA/TRINETRA_ML/standardized/positive/positive_000255.wav,positive,0.869875,16000,1,16,0.05802,0.46637,0.6193,OK,Passed all quality checks
D:/HACK-PROJECTS/TRINETRA/TRINETRA_ML/standardized/positive/positive_000256.wav,positive,0.967375,16000,1,16,0.05727,0.46838,0.6417,OK,Passed all quality checks
D:/HACK-PROJECTS/TRINETRA/TRINETRA_ML/standardized/positive/positive_000257.wav,positive,0.9249375,16000,1,16,0.07206,0.58783,0.6084,OK,Passed all quality checks
D:/HACK-PROJECTS/TRINETRA/TRINETRA_ML/standardized/positive/positive_000258.wav,positive,0.897,16000,1,16,0.06925,0.54391,0.6065,OK,Passed all quality checks
D:/HACK-PROJECTS/TRINETRA/TRINETRA_ML/standardized/positive/positive_000259.wav,positive,0.9289375,16000,1,16,0.06238,0.49405,0.6212,OK,Passed all quality checks
D:/HACK-PROJECTS/TRINETRA/TRINETRA_ML/standardized/positive/positive_000260.wav,positive,0.8778125,16000,1,16,0.06957,0.53708,0.5761,OK,Passed all quality checks
D:/HACK-PROJECTS/TRINETRA/TRINETRA_ML/standardized/positive/positive_000261.wav,positive,0.84125,16000,1,16,0.06686,0.52005,0.5941,OK,Passed all quality checks
D:/HACK-PROJECTS/TRINETRA/TRINETRA_ML/standardized/positive/positive_000262.wav,positive,0.8676875,16000,1,16,0.05797,0.45859,0.6138,OK,Passed all quality checks
D:/HACK-PROJECTS/TRINETRA/TRINETRA_ML/standardized/positive/positive_000263.wav,positive,0.95675,16000,1,16,0.04505,0.35373,0.661,OK,Passed all quality checks
D:/HACK-PROJECTS/TRINETRA/TRINETRA_ML/standardized/positive/positive_000264.wav,positive,0.9895,16000,1,16,0.05661,0.46985,0.6493,OK,Passed all quality checks
D:/HACK-PROJECTS/TRINETRA/TRINETRA_ML/standardized/positive/positive_000265.wav,positive,0.88325,16000,1,16,0.05644,0.44168,0.6133,OK,Passed all quality checks
D:/HACK-PROJECTS/TRINETRA/TRINETRA_ML/standardized/positive/positive_000266.wav,positive,0.861625,16000,1,16,0.03627,0.28552,0.6847,OK,Passed all quality checks
D:/HACK-PROJECTS/TRINETRA/TRINETRA_ML/standardized/positive/positive_000267.wav,positive,0.889875,16000,1,16,0.06152,0.46762,0.5963,OK,Passed all quality checks
D:/HACK-PROJECTS/TRINETRA/TRINETRA_ML/standardized/positive/positive_000268.wav,positive,0.8529375,16000,1,16,0.06685,0.51395,0.5761,OK,Passed all quality checks
D:/HACK-PROJECTS/TRINETRA/TRINETRA_ML/standardized/positive/positive_000269.wav,positive,1.2494375,16000,1,16,0.05848,0.51233,0.6453,OK,Passed all quality checks
D:/HACK-PROJECTS/TRINETRA/TRINETRA_ML/standardized/positive/positive_000270.wav,positive,1.183625,16000,1,16,0.06388,0.54962,0.6086,OK,Passed all quality checks
D:/HACK-PROJECTS/TRINETRA/TRINETRA_ML/standardized/positive/positive_000271.wav,positive,1.23925,16000,1,16,0.03802,0.35004,0.7148,OK,Passed all quality checks
D:/HACK-PROJECTS/TRINETRA/TRINETRA_ML/standardized/positive/positive_000272.wav,positive,1.1388125,16000,1,16,0.06361,0.56741,0.6233,OK,Passed all quality checks
D:/HACK-PROJECTS/TRINETRA/TRINETRA_ML/standardized/positive/positive_000273.wav,positive,1.211625,16000,1,16,0.06343,0.59232,0.6407,OK,Passed all quality checks
D:/HACK-PROJECTS/TRINETRA/TRINETRA_ML/standardized/positive/positive_000274.wav,positive,1.150375,16000,1,16,0.04744,0.4136,0.6643,OK,Passed all quality checks
D:/HACK-PROJECTS/TRINETRA/TRINETRA_ML/standardized/positive/positive_000275.wav,positive,1.155875,16000,1,16,0.05369,0.47778,0.6542,OK,Passed all quality checks
D:/HACK-PROJECTS/TRINETRA/TRINETRA_ML/standardized/positive/positive_000276.wav,positive,1.279375,16000,1,16,0.03659,0.33041,0.7075,OK,Passed all quality checks
D:/HACK-PROJECTS/TRINETRA/TRINETRA_ML/standardized/positive/positive_000277.wav,positive,1.202125,16000,1,16,0.05268,0.45779,0.646,OK,Passed all quality checks
D:/HACK-PROJECTS/TRINETRA/TRINETRA_ML/standardized/positive/positive_000278.wav,positive,1.246875,16000,1,16,0.06068,0.56042,0.6368,OK,Passed all quality checks
D:/HACK-PROJECTS/TRINETRA/TRINETRA_ML/standardized/positive/positive_000279.wav,positive,1.168125,16000,1,16,0.06304,0.56885,0.6322,OK,Passed all quality checks
D:/HACK-PROJECTS/TRINETRA/TRINETRA_ML/standardized/positive/positive_000280.wav,positive,1.3015,16000,1,16,0.04486,0.40967,0.6856,OK,Passed all quality checks
D:/HACK-PROJECTS/TRINETRA/TRINETRA_ML/standardized/positive/positive_000281.wav,positive,1.1921875,16000,1,16,0.03336,0.30225,0.7251,OK,Passed all quality checks
D:/HACK-PROJECTS/TRINETRA/TRINETRA_ML/standardized/positive/positive_000282.wav,positive,1.1664375,16000,1,16,0.04382,0.38138,0.6798,OK,Passed all quality checks
D:/HACK-PROJECTS/TRINETRA/TRINETRA_ML/standardized/positive/positive_000283.wav,positive,1.23025,16000,1,16,0.06282,0.56778,0.6288,OK,Passed all quality checks
D:/HACK-PROJECTS/TRINETRA/TRINETRA_ML/standardized/positive/positive_000284.wav,positive,0.9489375,16000,1,16,0.06458,0.59689,0.6182,OK,Passed all quality checks
D:/HACK-PROJECTS/TRINETRA/TRINETRA_ML/standardized/positive/positive_000285.wav,positive,1.005875,16000,1,16,0.05379,0.513,0.6716,OK,Passed all quality checks
D:/HACK-PROJECTS/TRINETRA/TRINETRA_ML/standardized/positive/positive_000286.wav,positive,0.8726875,16000,1,16,0.04913,0.44894,0.6522,OK,Passed all quality checks
D:/HACK-PROJECTS/TRINETRA/TRINETRA_ML/standardized/positive/positive_000287.wav,positive,1.026375,16000,1,16,0.05017,0.46759,0.6674,OK,Passed all quality checks
D:/HACK-PROJECTS/TRINETRA/TRINETRA_ML/standardized/positive/positive_000288.wav,positive,0.8716875,16000,1,16,0.04976,0.45135,0.6424,OK,Passed all quality checks
D:/HACK-PROJECTS/TRINETRA/TRINETRA_ML/standardized/positive/positive_000289.wav,positive,1.01075,16000,1,16,0.03389,0.31741,0.7255,OK,Passed all quality checks
D:/HACK-PROJECTS/TRINETRA/TRINETRA_ML/standardized/positive/positive_000290.wav,positive,1.0253125,16000,1,16,0.05989,0.55963,0.6461,OK,Passed all quality checks
D:/HACK-PROJECTS/TRINETRA/TRINETRA_ML/standardized/positive/positive_000291.wav,positive,0.9469375,16000,1,16,0.04667,0.42337,0.6561,OK,Passed all quality checks
D:/HACK-PROJECTS/TRINETRA/TRINETRA_ML/standardized/positive/positive_000292.wav,positive,0.981125,16000,1,16,0.04331,0.40591,0.6926,OK,Passed all quality checks
D:/HACK-PROJECTS/TRINETRA/TRINETRA_ML/standardized/positive/positive_000293.wav,positive,0.87625,16000,1,16,0.03543,0.32379,0.7019,OK,Passed all quality checks
D:/HACK-PROJECTS/TRINETRA/TRINETRA_ML/standardized/positive/positive_000294.wav,positive,0.848625,16000,1,16,0.05625,0.50687,0.6248,OK,Passed all quality checks
D:/HACK-PROJECTS/TRINETRA/TRINETRA_ML/standardized/positive/positive_000295.wav,positive,0.9014375,16000,1,16,0.06357,0.57242,0.6069,OK,Passed all quality checks
D:/HACK-PROJECTS/TRINETRA/TRINETRA_ML/standardized/positive/positive_000296.wav,positive,1.0150625,16000,1,16,0.05872,0.56592,0.6469,OK,Passed all quality checks
D:/HACK-PROJECTS/TRINETRA/TRINETRA_ML/standardized/positive/positive_000297.wav,positive,1.0540625,16000,1,16,0.03934,0.38474,0.7113,OK,Passed all quality checks
D:/HACK-PROJECTS/TRINETRA/TRINETRA_ML/standardized/positive/positive_000298.wav,positive,0.9393125,16000,1,16,0.05204,0.49902,0.6652,OK,Passed all quality checks
D:/HACK-PROJECTS/TRINETRA/TRINETRA_ML/standardized/positive/positive_000299.wav,positive,1.1406875,16000,1,16,0.02623,0.22098,0.7659,OK,Passed all quality checks
D:/HACK-PROJECTS/TRINETRA/TRINETRA_ML/standardized/positive/positive_000300.wav,positive,1.206625,16000,1,16,0.04979,0.43146,0.6818,OK,Passed all quality checks
D:/HACK-PROJECTS/TRINETRA/TRINETRA_ML/standardized/positive/positive_000301.wav,positive,1.042625,16000,1,16,0.04584,0.37326,0.6604,OK,Passed all quality checks
D:/HACK-PROJECTS/TRINETRA/TRINETRA_ML/standardized/positive/positive_000302.wav,positive,1.130375,16000,1,16,0.02781,0.23483,0.7543,OK,Passed all quality checks
D:/HACK-PROJECTS/TRINETRA/TRINETRA_ML/standardized/positive/positive_000303.wav,positive,1.063,16000,1,16,0.02868,0.24249,0.749,OK,Passed all quality checks
D:/HACK-PROJECTS/TRINETRA/TRINETRA_ML/standardized/positive/positive_000304.wav,positive,1.0219375,16000,1,16,0.04749,0.39246,0.6705,OK,Passed all quality checks
D:/HACK-PROJECTS/TRINETRA/TRINETRA_ML/standardized/positive/positive_000305.wav,positive,1.057875,16000,1,16,0.04666,0.39218,0.6691,OK,Passed all quality checks
D:/HACK-PROJECTS/TRINETRA/TRINETRA_ML/standardized/positive/positive_000306.wav,positive,1.197,16000,1,16,0.03384,0.29251,0.7353,OK,Passed all quality checks
D:/HACK-PROJECTS/TRINETRA/TRINETRA_ML/standardized/positive/positive_000307.wav,positive,0.997125,16000,1,16,0.02774,0.22305,0.7444,OK,Passed all quality checks
D:/HACK-PROJECTS/TRINETRA/TRINETRA_ML/standardized/positive/positive_000308.wav,positive,1.1536875,16000,1,16,0.02763,0.23727,0.7652,OK,Passed all quality checks
D:/HACK-PROJECTS/TRINETRA/TRINETRA_ML/standardized/positive/positive_000309.wav,positive,1.034625,16000,1,16,0.03587,0.29651,0.7064,OK,Passed all quality checks
D:/HACK-PROJECTS/TRINETRA/TRINETRA_ML/standardized/positive/positive_000310.wav,positive,1.0891875,16000,1,16,0.04365,0.37646,0.6895,OK,Passed all quality checks
D:/HACK-PROJECTS/TRINETRA/TRINETRA_ML/standardized/positive/positive_000311.wav,positive,1.129125,16000,1,16,0.03526,0.29727,0.7178,OK,Passed all quality checks
D:/HACK-PROJECTS/TRINETRA/TRINETRA_ML/standardized/positive/positive_000312.wav,positive,1.114375,16000,1,16,0.02703,0.22525,0.7566,OK,Passed all quality checks
D:/HACK-PROJECTS/TRINETRA/TRINETRA_ML/standardized/positive/positive_000313.wav,positive,1.1175625,16000,1,16,0.03432,0.30011,0.7317,OK,Passed all quality checks
D:/HACK-PROJECTS/TRINETRA/TRINETRA_ML/standardized/positive/positive_000314.wav,positive,0.875125,16000,1,16,0.04737,0.35455,0.6162,OK,Passed all quality checks
D:/HACK-PROJECTS/TRINETRA/TRINETRA_ML/standardized/positive/positive_000315.wav,positive,1.005625,16000,1,16,0.05642,0.46082,0.6341,OK,Passed all quality checks
D:/HACK-PROJECTS/TRINETRA/TRINETRA_ML/standardized/positive/positive_000316.wav,positive,0.8816875,16000,1,16,0.04341,0.34177,0.6537,OK,Passed all quality checks
D:/HACK-PROJECTS/TRINETRA/TRINETRA_ML/standardized/positive/positive_000317.wav,positive,0.88225,16000,1,16,0.02876,0.22488,0.7112,OK,Passed all quality checks
D:/HACK-PROJECTS/TRINETRA/TRINETRA_ML/standardized/positive/positive_000318.wav,positive,0.9235625,16000,1,16,0.03111,0.24707,0.7092,OK,Passed all quality checks
D:/HACK-PROJECTS/TRINETRA/TRINETRA_ML/standardized/positive/positive_000319.wav,positive,0.94475,16000,1,16,0.05905,0.46072,0.6031,OK,Passed all quality checks
D:/HACK-PROJECTS/TRINETRA/TRINETRA_ML/standardized/positive/positive_000320.wav,positive,0.9405,16000,1,16,0.05004,0.39221,0.6308,OK,Passed all quality checks
D:/HACK-PROJECTS/TRINETRA/TRINETRA_ML/standardized/positive/positive_000321.wav,positive,0.9565,16000,1,16,0.0384,0.3114,0.685,OK,Passed all quality checks
D:/HACK-PROJECTS/TRINETRA/TRINETRA_ML/standardized/positive/positive_000322.wav,positive,0.8803125,16000,1,16,0.04415,0.35083,0.6531,OK,Passed all quality checks
D:/HACK-PROJECTS/TRINETRA/TRINETRA_ML/standardized/positive/positive_000323.wav,positive,0.959,16000,1,16,0.03272,0.255,0.6918,OK,Passed all quality checks
D:/HACK-PROJECTS/TRINETRA/TRINETRA_ML/standardized/positive/positive_000324.wav,positive,0.9376875,16000,1,16,0.04549,0.35364,0.6336,OK,Passed all quality checks
D:/HACK-PROJECTS/TRINETRA/TRINETRA_ML/standardized/positive/positive_000325.wav,positive,0.9349375,16000,1,16,0.04396,0.34189,0.6456,OK,Passed all quality checks
D:/HACK-PROJECTS/TRINETRA/TRINETRA_ML/standardized/positive/positive_000326.wav,positive,0.926625,16000,1,16,0.0487,0.37527,0.6308,OK,Passed all quality checks
D:/HACK-PROJECTS/TRINETRA/TRINETRA_ML/standardized/positive/positive_000327.wav,positive,0.9735,16000,1,16,0.03357,0.26987,0.7022,OK,Passed all quality checks
D:/HACK-PROJECTS/TRINETRA/TRINETRA_ML/standardized/positive/positive_000328.wav,positive,0.9241875,16000,1,16,0.03497,0.27539,0.6861,OK,Passed all quality checks
D:/HACK-PROJECTS/TRINETRA/TRINETRA_ML/standardized/positive/positive_000329.wav,positive,1.04925,16000,1,16,0.0586,0.48212,0.6214,OK,Passed all quality checks
D:/HACK-PROJECTS/TRINETRA/TRINETRA_ML/standardized/positive/positive_000330.wav,positive,0.9541875,16000,1,16,0.03829,0.30933,0.6608,OK,Passed all quality checks
D:/HACK-PROJECTS/TRINETRA/TRINETRA_ML/standardized/positive/positive_000331.wav,positive,0.9738125,16000,1,16,0.0506,0.3945,0.6022,OK,Passed all quality checks
D:/HACK-PROJECTS/TRINETRA/TRINETRA_ML/standardized/positive/positive_000332.wav,positive,1.0144375,16000,1,16,0.04634,0.37857,0.65,OK,Passed all quality checks
D:/HACK-PROJECTS/TRINETRA/TRINETRA_ML/standardized/positive/positive_000333.wav,positive,1.0143125,16000,1,16,0.03766,0.2912,0.6532,OK,Passed all quality checks
D:/HACK-PROJECTS/TRINETRA/TRINETRA_ML/standardized/positive/positive_000334.wav,positive,1.041625,16000,1,16,0.03651,0.28922,0.6804,OK,Passed all quality checks
D:/HACK-PROJECTS/TRINETRA/TRINETRA_ML/standardized/positive/positive_000335.wav,positive,0.9651875,16000,1,16,0.06203,0.48996,0.6033,OK,Passed all quality checks
D:/HACK-PROJECTS/TRINETRA/TRINETRA_ML/standardized/positive/positive_000336.wav,positive,1.0581875,16000,1,16,0.03549,0.28983,0.6839,OK,Passed all quality checks
D:/HACK-PROJECTS/TRINETRA/TRINETRA_ML/standardized/positive/positive_000337.wav,positive,1.0106875,16000,1,16,0.05921,0.4888,0.6249,OK,Passed all quality checks
D:/HACK-PROJECTS/TRINETRA/TRINETRA_ML/standardized/positive/positive_000338.wav,positive,1.0705,16000,1,16,0.04636,0.38812,0.6559,OK,Passed all quality checks
D:/HACK-PROJECTS/TRINETRA/TRINETRA_ML/standardized/positive/positive_000339.wav,positive,0.9678125,16000,1,16,0.05346,0.42719,0.6226,OK,Passed all quality checks
D:/HACK-PROJECTS/TRINETRA/TRINETRA_ML/standardized/positive/positive_000340.wav,positive,1.0033125,16000,1,16,0.03226,0.25439,0.6818,OK,Passed all quality checks
D:/HACK-PROJECTS/TRINETRA/TRINETRA_ML/standardized/positive/positive_000341.wav,positive,0.9616875,16000,1,16,0.04447,0.34119,0.621,OK,Passed all quality checks
D:/HACK-PROJECTS/TRINETRA/TRINETRA_ML/standardized/positive/positive_000342.wav,positive,1.0454375,16000,1,16,0.06413,0.52133,0.5998,OK,Passed all quality checks
D:/HACK-PROJECTS/TRINETRA/TRINETRA_ML/standardized/positive/positive_000343.wav,positive,0.99925,16000,1,16,0.03712,0.3078,0.6766,OK,Passed all quality checks
D:/HACK-PROJECTS/TRINETRA/TRINETRA_ML/standardized/positive/positive_000344.wav,positive,1.2380625,16000,1,16,0.0518,0.46185,0.6498,OK,Passed all quality checks
D:/HACK-PROJECTS/TRINETRA/TRINETRA_ML/standardized/positive/positive_000345.wav,positive,1.271375,16000,1,16,0.05349,0.48248,0.6403,OK,Passed all quality checks
D:/HACK-PROJECTS/TRINETRA/TRINETRA_ML/standardized/positive/positive_000346.wav,positive,1.133625,16000,1,16,0.03845,0.32681,0.6766,OK,Passed all quality checks
D:/HACK-PROJECTS/TRINETRA/TRINETRA_ML/standardized/positive/positive_000347.wav,positive,1.3111875,16000,1,16,0.03936,0.34146,0.6884,OK,Passed all quality checks
D:/HACK-PROJECTS/TRINETRA/TRINETRA_ML/standardized/positive/positive_000348.wav,positive,1.217375,16000,1,16,0.06171,0.54941,0.6382,OK,Passed all quality checks
D:/HACK-PROJECTS/TRINETRA/TRINETRA_ML/standardized/positive/positive_000349.wav,positive,1.202625,16000,1,16,0.05932,0.52228,0.6288,OK,Passed all quality checks
D:/HACK-PROJECTS/TRINETRA/TRINETRA_ML/standardized/positive/positive_000350.wav,positive,1.243875,16000,1,16,0.03354,0.29767,0.7062,OK,Passed all quality checks
D:/HACK-PROJECTS/TRINETRA/TRINETRA_ML/standardized/positive/positive_000351.wav,positive,1.288375,16000,1,16,0.04661,0.40134,0.6599,OK,Passed all quality checks
D:/HACK-PROJECTS/TRINETRA/TRINETRA_ML/standardized/positive/positive_000352.wav,positive,1.2835,16000,1,16,0.05118,0.44415,0.649,OK,Passed all quality checks
D:/HACK-PROJECTS/TRINETRA/TRINETRA_ML/standardized/positive/positive_000353.wav,positive,1.3361875,16000,1,16,0.04407,0.39508,0.6826,OK,Passed all quality checks
D:/HACK-PROJECTS/TRINETRA/TRINETRA_ML/standardized/positive/positive_000354.wav,positive,1.18275,16000,1,16,0.03496,0.29416,0.6878,OK,Passed all quality checks
D:/HACK-PROJECTS/TRINETRA/TRINETRA_ML/standardized/positive/positive_000355.wav,positive,1.30025,16000,1,16,0.06487,0.5885,0.6204,OK,Passed all quality checks
D:/HACK-PROJECTS/TRINETRA/TRINETRA_ML/standardized/positive/positive_000356.wav,positive,1.347375,16000,1,16,0.05223,0.46857,0.6652,OK,Passed all quality checks
D:/HACK-PROJECTS/TRINETRA/TRINETRA_ML/standardized/positive/positive_000357.wav,positive,1.3524375,16000,1,16,0.04365,0.39584,0.682,OK,Passed all quality checks
D:/HACK-PROJECTS/TRINETRA/TRINETRA_ML/standardized/positive/positive_000358.wav,positive,1.1948125,16000,1,16,0.05395,0.47171,0.643,OK,Passed all quality checks
D:/HACK-PROJECTS/TRINETRA/TRINETRA_ML/standardized/positive/positive_000359.wav,positive,0.9055,16000,1,16,0.04005,0.32761,0.6647,OK,Passed all quality checks
D:/HACK-PROJECTS/TRINETRA/TRINETRA_ML/standardized/positive/positive_000360.wav,positive,0.89725,16000,1,16,0.04643,0.37799,0.6419,OK,Passed all quality checks
D:/HACK-PROJECTS/TRINETRA/TRINETRA_ML/standardized/positive/positive_000361.wav,positive,0.93025,16000,1,16,0.04669,0.37372,0.6253,OK,Passed all quality checks
D:/HACK-PROJECTS/TRINETRA/TRINETRA_ML/standardized/positive/positive_000362.wav,positive,0.986125,16000,1,16,0.04872,0.40045,0.6505,OK,Passed all quality checks
D:/HACK-PROJECTS/TRINETRA/TRINETRA_ML/standardized/positive/positive_000363.wav,positive,0.9876875,16000,1,16,0.05446,0.45889,0.6379,OK,Passed all quality checks
D:/HACK-PROJECTS/TRINETRA/TRINETRA_ML/standardized/positive/positive_000364.wav,positive,0.959875,16000,1,16,0.04804,0.3782,0.6276,OK,Passed all quality checks
D:/HACK-PROJECTS/TRINETRA/TRINETRA_ML/standardized/positive/positive_000365.wav,positive,0.8735625,16000,1,16,0.06109,0.47684,0.5862,OK,Passed all quality checks
D:/HACK-PROJECTS/TRINETRA/TRINETRA_ML/standardized/positive/positive_000366.wav,positive,0.888875,16000,1,16,0.0439,0.34384,0.6318,OK,Passed all quality checks
D:/HACK-PROJECTS/TRINETRA/TRINETRA_ML/standardized/positive/positive_000367.wav,positive,0.99325,16000,1,16,0.06484,0.53134,0.6112,OK,Passed all quality checks
D:/HACK-PROJECTS/TRINETRA/TRINETRA_ML/standardized/positive/positive_000368.wav,positive,0.8845,16000,1,16,0.04252,0.34052,0.6475,OK,Passed all quality checks
D:/HACK-PROJECTS/TRINETRA/TRINETRA_ML/standardized/positive/positive_000369.wav,positive,1.00375,16000,1,16,0.0397,0.33499,0.6803,OK,Passed all quality checks
D:/HACK-PROJECTS/TRINETRA/TRINETRA_ML/standardized/positive/positive_000370.wav,positive,0.936625,16000,1,16,0.05118,0.40622,0.6219,OK,Passed all quality checks
D:/HACK-PROJECTS/TRINETRA/TRINETRA_ML/standardized/positive/positive_000371.wav,positive,0.9214375,16000,1,16,0.03868,0.30331,0.6585,OK,Passed all quality checks
D:/HACK-PROJECTS/TRINETRA/TRINETRA_ML/standardized/positive/positive_000372.wav,positive,1.0225625,16000,1,16,0.03493,0.28674,0.6946,OK,Passed all quality checks
D:/HACK-PROJECTS/TRINETRA/TRINETRA_ML/standardized/positive/positive_000373.wav,positive,0.9486875,16000,1,16,0.05993,0.49817,0.6236,OK,Passed all quality checks
D:/HACK-PROJECTS/TRINETRA/TRINETRA_ML/standardized/positive/positive_000374.wav,positive,0.9433125,16000,1,16,0.03804,0.33206,0.6669,OK,Passed all quality checks
D:/HACK-PROJECTS/TRINETRA/TRINETRA_ML/standardized/positive/positive_000375.wav,positive,1.021125,16000,1,16,0.04672,0.41437,0.638,OK,Passed all quality checks
D:/HACK-PROJECTS/TRINETRA/TRINETRA_ML/standardized/positive/positive_000376.wav,positive,1.06025,16000,1,16,0.04146,0.37299,0.6624,OK,Passed all quality checks
D:/HACK-PROJECTS/TRINETRA/TRINETRA_ML/standardized/positive/positive_000377.wav,positive,0.9711875,16000,1,16,0.03492,0.31039,0.6848,OK,Passed all quality checks
D:/HACK-PROJECTS/TRINETRA/TRINETRA_ML/standardized/positive/positive_000378.wav,positive,1.0673125,16000,1,16,0.03582,0.31656,0.6789,OK,Passed all quality checks
D:/HACK-PROJECTS/TRINETRA/TRINETRA_ML/standardized/positive/positive_000379.wav,positive,0.95475,16000,1,16,0.05472,0.46933,0.5943,OK,Passed all quality checks
D:/HACK-PROJECTS/TRINETRA/TRINETRA_ML/standardized/positive/positive_000380.wav,positive,0.96775,16000,1,16,0.03161,0.27225,0.6872,OK,Passed all quality checks
D:/HACK-PROJECTS/TRINETRA/TRINETRA_ML/standardized/positive/positive_000381.wav,positive,0.85475,16000,1,16,0.03788,0.32028,0.6425,OK,Passed all quality checks
D:/HACK-PROJECTS/TRINETRA/TRINETRA_ML/standardized/positive/positive_000382.wav,positive,0.989625,16000,1,16,0.04805,0.42035,0.6356,OK,Passed all quality checks
D:/HACK-PROJECTS/TRINETRA/TRINETRA_ML/standardized/positive/positive_000383.wav,positive,0.912,16000,1,16,0.05452,0.45764,0.585,OK,Passed all quality checks
D:/HACK-PROJECTS/TRINETRA/TRINETRA_ML/standardized/positive/positive_000384.wav,positive,1.04975,16000,1,16,0.04848,0.43423,0.6422,OK,Passed all quality checks
D:/HACK-PROJECTS/TRINETRA/TRINETRA_ML/standardized/positive/positive_000385.wav,positive,1.055875,16000,1,16,0.04389,0.39276,0.6498,OK,Passed all quality checks
D:/HACK-PROJECTS/TRINETRA/TRINETRA_ML/standardized/positive/positive_000386.wav,positive,0.96775,16000,1,16,0.06022,0.53241,0.5991,OK,Passed all quality checks
D:/HACK-PROJECTS/TRINETRA/TRINETRA_ML/standardized/positive/positive_000387.wav,positive,0.963875,16000,1,16,0.04782,0.4263,0.6339,OK,Passed all quality checks
D:/HACK-PROJECTS/TRINETRA/TRINETRA_ML/standardized/positive/positive_000388.wav,positive,0.9380625,16000,1,16,0.05146,0.44437,0.6058,OK,Passed all quality checks
D:/HACK-PROJECTS/TRINETRA/TRINETRA_ML/standardized/positive/positive_000389.wav,positive,0.903375,16000,1,16,0.04433,0.42923,0.6676,OK,Passed all quality checks
D:/HACK-PROJECTS/TRINETRA/TRINETRA_ML/standardized/positive/positive_000390.wav,positive,1.0051875,16000,1,16,0.03724,0.38663,0.727,OK,Passed all quality checks
D:/HACK-PROJECTS/TRINETRA/TRINETRA_ML/standardized/positive/positive_000391.wav,positive,1.0125,16000,1,16,0.03471,0.35559,0.7324,OK,Passed all quality checks
D:/HACK-PROJECTS/TRINETRA/TRINETRA_ML/standardized/positive/positive_000392.wav,positive,0.9205,16000,1,16,0.03055,0.30289,0.7341,OK,Passed all quality checks
D:/HACK-PROJECTS/TRINETRA/TRINETRA_ML/standardized/positive/positive_000393.wav,positive,0.9073125,16000,1,16,0.03441,0.33722,0.7086,OK,Passed all quality checks
D:/HACK-PROJECTS/TRINETRA/TRINETRA_ML/standardized/positive/positive_000394.wav,positive,0.967375,16000,1,16,0.02653,0.26746,0.7625,OK,Passed all quality checks
D:/HACK-PROJECTS/TRINETRA/TRINETRA_ML/standardized/positive/positive_000395.wav,positive,1.0035625,16000,1,16,0.04788,0.47742,0.6719,OK,Passed all quality checks
D:/HACK-PROJECTS/TRINETRA/TRINETRA_ML/standardized/positive/positive_000396.wav,positive,0.95075,16000,1,16,0.0272,0.27686,0.7594,OK,Passed all quality checks
D:/HACK-PROJECTS/TRINETRA/TRINETRA_ML/standardized/positive/positive_000397.wav,positive,0.9519375,16000,1,16,0.02698,0.26822,0.7533,OK,Passed all quality checks
D:/HACK-PROJECTS/TRINETRA/TRINETRA_ML/standardized/positive/positive_000398.wav,positive,1.0356875,16000,1,16,0.04424,0.44986,0.6965,OK,Passed all quality checks
D:/HACK-PROJECTS/TRINETRA/TRINETRA_ML/standardized/positive/positive_000399.wav,positive,0.945125,16000,1,16,0.02994,0.28909,0.7328,OK,Passed all quality checks
D:/HACK-PROJECTS/TRINETRA/TRINETRA_ML/standardized/positive/positive_000400.wav,positive,1.0320625,16000,1,16,0.03929,0.39502,0.7071,OK,Passed all quality checks
D:/HACK-PROJECTS/TRINETRA/TRINETRA_ML/standardized/positive/positive_000401.wav,positive,1.0164375,16000,1,16,0.04726,0.47009,0.677,OK,Passed all quality checks
D:/HACK-PROJECTS/TRINETRA/TRINETRA_ML/standardized/positive/positive_000402.wav,positive,0.9860625,16000,1,16,0.03054,0.29959,0.737,OK,Passed all quality checks
D:/HACK-PROJECTS/TRINETRA/TRINETRA_ML/standardized/positive/positive_000403.wav,positive,0.9163125,16000,1,16,0.0305,0.29453,0.7284,OK,Passed all quality checks
D:/HACK-PROJECTS/TRINETRA/TRINETRA_ML/standardized/positive/positive_000404.wav,positive,1.4396875,16000,1,16,0.21796,0.92798,0.5453,OK,Passed all quality checks
D:/HACK-PROJECTS/TRINETRA/TRINETRA_ML/standardized/positive/positive_000405.wav,positive,1.1378125,16000,1,16,0.09455,0.58804,0.4466,OK,Passed all quality checks
D:/HACK-PROJECTS/TRINETRA/TRINETRA_ML/standardized/positive/positive_000406.wav,positive,1.462875,16000,1,16,0.18619,0.88254,0.4654,OK,Passed all quality checks
D:/HACK-PROJECTS/TRINETRA/TRINETRA_ML/standardized/positive/positive_000407.wav,positive,1.37,16000,1,16,0.06461,0.67346,0.6211,OK,Passed all quality checks
D:/HACK-PROJECTS/TRINETRA/TRINETRA_ML/standardized/positive/positive_000408.wav,positive,1.0449375,16000,1,16,0.14572,0.86176,0.4713,OK,Passed all quality checks
D:/HACK-PROJECTS/TRINETRA/TRINETRA_ML/standardized/positive/positive_000409.wav,positive,2.0201875,16000,1,16,0.18791,0.88644,0.5874,OK,Passed all quality checks
D:/HACK-PROJECTS/TRINETRA/TRINETRA_ML/standardized/positive/positive_000410.wav,positive,1.6021875,16000,1,16,0.03573,0.25244,0.6424,OK,Passed all quality checks
D:/HACK-PROJECTS/TRINETRA/TRINETRA_ML/standardized/positive/positive_000411.wav,positive,1.6021875,16000,1,16,0.03573,0.25244,0.6424,OK,Passed all quality checks
D:/HACK-PROJECTS/TRINETRA/TRINETRA_ML/standardized/positive/positive_000412.wav,positive,2.0201875,16000,1,16,0.01562,0.11871,0.7283,OK,Passed all quality checks
D:/HACK-PROJECTS/TRINETRA/TRINETRA_ML/standardized/positive/positive_000413.wav,positive,1.1378125,16000,1,16,0.09645,0.89502,0.6769,OK,Passed all quality checks
D:/HACK-PROJECTS/TRINETRA/TRINETRA_ML/standardized/positive/positive_000414.wav,positive,1.5325625,16000,1,16,0.0541,0.41553,0.43,OK,Passed all quality checks
D:/HACK-PROJECTS/TRINETRA/TRINETRA_ML/standardized/positive/positive_000415.wav,positive,1.6950625,16000,1,16,0.09385,0.51471,0.3008,OK,Passed all quality checks
D:/HACK-PROJECTS/TRINETRA/TRINETRA_ML/standardized/positive/positive_000416.wav,positive,1.7879375,16000,1,16,0.04999,0.43802,0.5523,OK,Passed all quality checks
D:/HACK-PROJECTS/TRINETRA/TRINETRA_ML/standardized/positive/positive_000417.wav,positive,1.18425,16000,1,16,0.10354,0.80817,0.4148,OK,Passed all quality checks
D:/HACK-PROJECTS/TRINETRA/TRINETRA_ML/standardized/positive/positive_000418.wav,positive,1.18425,16000,1,16,0.10354,0.80817,0.4148,OK,Passed all quality checks
D:/HACK-PROJECTS/TRINETRA/TRINETRA_ML/standardized/positive/positive_000419.wav,positive,1.18425,16000,1,16,0.15523,0.88943,0.5148,OK,Passed all quality checks
D:/HACK-PROJECTS/TRINETRA/TRINETRA_ML/standardized/positive/positive_000420.wav,positive,1.462875,16000,1,16,0.08177,0.63519,0.5059,OK,Passed all quality checks
D:/HACK-PROJECTS/TRINETRA/TRINETRA_ML/standardized/positive/positive_000421.wav,positive,1.18425,16000,1,16,0.10354,0.80817,0.4148,OK,Passed all quality checks
D:/HACK-PROJECTS/TRINETRA/TRINETRA_ML/standardized/positive/positive_000422.wav,positive,1.9626875,16000,1,16,0.06333,0.67252,0.5942,OK,Passed all quality checks
D:/HACK-PROJECTS/TRINETRA/TRINETRA_ML/standardized/positive/positive_000423.wav,positive,2.2186875,16000,1,16,0.05047,0.71094,0.625,OK,Passed all quality checks
D:/HACK-PROJECTS/TRINETRA/TRINETRA_ML/standardized/positive/positive_000424.wav,positive,2.56,16000,1,16,0.07099,0.53104,0.3935,OK,Passed all quality checks
D:/HACK-PROJECTS/TRINETRA/TRINETRA_ML/standardized/positive/positive_000425.wav,positive,1.557375,16000,1,16,0.05453,0.45615,0.5413,OK,Passed all quality checks
D:/HACK-PROJECTS/TRINETRA/TRINETRA_ML/standardized/positive/positive_000426.wav,positive,2.2186875,16000,1,16,0.04868,0.39822,0.6427,OK,Passed all quality checks
D:/HACK-PROJECTS/TRINETRA/TRINETRA_ML/standardized/positive/positive_000427.wav,positive,2.2186875,16000,1,16,0.04868,0.39822,0.6427,OK,Passed all quality checks
D:/HACK-PROJECTS/TRINETRA/TRINETRA_ML/standardized/positive/positive_000428.wav,positive,2.517375,16000,1,16,0.07363,0.57388,0.6656,OK,Passed all quality checks
D:/HACK-PROJECTS/TRINETRA/TRINETRA_ML/standardized/positive/positive_000429.wav,positive,2.0,16000,1,16,0.00056,0.00464,1.0,WARNING,Low signal RMS (0.00056); High silence ratio (1.00)
D:/HACK-PROJECTS/TRINETRA/TRINETRA_ML/standardized/positive/positive_000430.wav,positive,2.0,16000,1,16,0.00041,0.00436,1.0,WARNING,Low signal RMS (0.00041); High silence ratio (1.00)
D:/HACK-PROJECTS/TRINETRA/TRINETRA_ML/standardized/positive/positive_000431.wav,positive,2.0,16000,1,16,0.00046,0.00504,1.0,WARNING,Low signal RMS (0.00046); High silence ratio (1.00)
D:/HACK-PROJECTS/TRINETRA/TRINETRA_ML/standardized/positive/positive_000432.wav,positive,2.0,16000,1,16,0.0103,0.14294,0.9106,OK,Passed all quality checks
D:/HACK-PROJECTS/TRINETRA/TRINETRA_ML/standardized/positive/positive_000433.wav,positive,2.0,16000,1,16,0.0163,0.151,0.8223,OK,Passed all quality checks
D:/HACK-PROJECTS/TRINETRA/TRINETRA_ML/standardized/positive/positive_000434.wav,positive,2.0,16000,1,16,0.00017,0.00125,1.0,WARNING,Low signal RMS (0.00017); High silence ratio (1.00)
D:/HACK-PROJECTS/TRINETRA/TRINETRA_ML/standardized/positive/positive_000435.wav,positive,2.0,16000,1,16,0.05321,0.56775,0.7005,OK,Passed all quality checks
D:/HACK-PROJECTS/TRINETRA/TRINETRA_ML/standardized/positive/positive_000436.wav,positive,2.0,16000,1,16,0.02612,0.18039,0.7001,OK,Passed all quality checks
D:/HACK-PROJECTS/TRINETRA/TRINETRA_ML/standardized/positive/positive_000437.wav,positive,2.0,16000,1,16,0.01042,0.13254,0.8731,OK,Passed all quality checks
D:/HACK-PROJECTS/TRINETRA/TRINETRA_ML/standardized/positive/positive_000438.wav,positive,2.0,16000,1,16,0.01391,0.15021,0.7882,OK,Passed all quality checks
D:/HACK-PROJECTS/TRINETRA/TRINETRA_ML/standardized/positive/positive_000439.wav,positive,2.0,16000,1,16,0.01511,0.17236,0.9034,OK,Passed all quality checks
D:/HACK-PROJECTS/TRINETRA/TRINETRA_ML/standardized/positive/positive_000440.wav,positive,2.0,16000,1,16,0.02709,0.21283,0.7724,OK,Passed all quality checks
D:/HACK-PROJECTS/TRINETRA/TRINETRA_ML/standardized/positive/positive_000441.wav,positive,2.0,16000,1,16,0.00057,0.00424,1.0,WARNING,Low signal RMS (0.00057); High silence ratio (1.00)
D:/HACK-PROJECTS/TRINETRA/TRINETRA_ML/standardized/positive/positive_000442.wav,positive,2.0,16000,1,16,0.00092,0.00766,1.0,WARNING,Low signal RMS (0.00092); High silence ratio (1.00)
D:/HACK-PROJECTS/TRINETRA/TRINETRA_ML/standardized/positive/positive_000443.wav,positive,2.0,16000,1,16,0.01996,0.2421,0.8596,OK,Passed all quality checks
D:/HACK-PROJECTS/TRINETRA/TRINETRA_ML/standardized/positive/positive_000444.wav,positive,2.0,16000,1,16,0.02806,0.21848,0.8082,OK,Passed all quality checks
D:/HACK-PROJECTS/TRINETRA/TRINETRA_ML/standardized/positive/positive_000445.wav,positive,2.0,16000,1,16,0.00059,0.00851,1.0,WARNING,Low signal RMS (0.00059); High silence ratio (1.00)
D:/HACK-PROJECTS/TRINETRA/TRINETRA_ML/standardized/positive/positive_000446.wav,positive,2.0,16000,1,16,0.01108,0.13843,0.8885,OK,Passed all quality checks
D:/HACK-PROJECTS/TRINETRA/TRINETRA_ML/standardized/positive/positive_000447.wav,positive,2.0,16000,1,16,0.00029,0.00296,1.0,WARNING,Low signal RMS (0.00029); High silence ratio (1.00)
D:/HACK-PROJECTS/TRINETRA/TRINETRA_ML/standardized/positive/positive_000448.wav,positive,2.0,16000,1,16,0.00149,0.02383,0.9971,WARNING,Low signal RMS (0.00149); High silence ratio (1.00)
D:/HACK-PROJECTS/TRINETRA/TRINETRA_ML/standardized/positive/positive_000449.wav,positive,2.0,16000,1,16,0.00149,0.03528,0.9961,WARNING,Low signal RMS (0.00149); High silence ratio (1.00)
D:/HACK-PROJECTS/TRINETRA/TRINETRA_ML/standardized/positive/positive_000450.wav,positive,2.0,16000,1,16,0.03509,0.36853,0.8054,OK,Passed all quality checks
D:/HACK-PROJECTS/TRINETRA/TRINETRA_ML/standardized/positive/positive_000451.wav,positive,2.0,16000,1,16,0.00143,0.022,0.9957,WARNING,Low signal RMS (0.00143); High silence ratio (1.00)
D:/HACK-PROJECTS/TRINETRA/TRINETRA_ML/standardized/positive/positive_000452.wav,positive,2.0,16000,1,16,0.02557,0.24814,0.8144,OK,Passed all quality checks
D:/HACK-PROJECTS/TRINETRA/TRINETRA_ML/standardized/positive/positive_000453.wav,positive,2.0,16000,1,16,0.00953,0.07623,0.8782,OK,Passed all quality checks
D:/HACK-PROJECTS/TRINETRA/TRINETRA_ML/standardized/positive/positive_000454.wav,positive,2.0,16000,1,16,0.00503,0.04742,0.9283,OK,Passed all quality checks
D:/HACK-PROJECTS/TRINETRA/TRINETRA_ML/standardized/positive/positive_000455.wav,positive,2.0,16000,1,16,0.03832,0.45096,0.72,OK,Passed all quality checks
D:/HACK-PROJECTS/TRINETRA/TRINETRA_ML/standardized/positive/positive_000456.wav,positive,2.0,16000,1,16,0.01306,0.1286,0.8737,OK,Passed all quality checks
D:/HACK-PROJECTS/TRINETRA/TRINETRA_ML/standardized/positive/positive_000457.wav,positive,2.0,16000,1,16,0.01052,0.13541,0.9161,OK,Passed all quality checks
D:/HACK-PROJECTS/TRINETRA/TRINETRA_ML/standardized/positive/positive_000458.wav,positive,2.0,16000,1,16,0.00817,0.12064,0.9377,OK,Passed all quality checks
D:/HACK-PROJECTS/TRINETRA/TRINETRA_ML/standardized/positive/positive_000459.wav,positive,2.0,16000,1,16,0.00997,0.08105,0.8521,OK,Passed all quality checks
D:/HACK-PROJECTS/TRINETRA/TRINETRA_ML/standardized/positive/positive_000460.wav,positive,2.0,16000,1,16,0.01013,0.21481,0.9561,WARNING,High silence ratio (0.96)
D:/HACK-PROJECTS/TRINETRA/TRINETRA_ML/standardized/positive/positive_000461.wav,positive,2.0,16000,1,16,0.0004,0.00415,1.0,WARNING,Low signal RMS (0.00040); High silence ratio (1.00)
D:/HACK-PROJECTS/TRINETRA/TRINETRA_ML/standardized/positive/positive_000462.wav,positive,2.0,16000,1,16,0.00056,0.00479,1.0,WARNING,Low signal RMS (0.00056); High silence ratio (1.00)
D:/HACK-PROJECTS/TRINETRA/TRINETRA_ML/standardized/positive/positive_000463.wav,positive,2.0,16000,1,16,0.0194,0.28897,0.8987,OK,Passed all quality checks
D:/HACK-PROJECTS/TRINETRA/TRINETRA_ML/standardized/positive/positive_000464.wav,positive,2.0,16000,1,16,0.00105,0.01382,0.9986,WARNING,Low signal RMS (0.00105); High silence ratio (1.00)
D:/HACK-PROJECTS/TRINETRA/TRINETRA_ML/standardized/positive/positive_000465.wav,positive,2.0,16000,1,16,0.00649,0.06735,0.9063,OK,Passed all quality checks
D:/HACK-PROJECTS/TRINETRA/TRINETRA_ML/standardized/positive/positive_000466.wav,positive,2.0,16000,1,16,0.00098,0.01447,0.9988,WARNING,Low signal RMS (0.00098); High silence ratio (1.00)
D:/HACK-PROJECTS/TRINETRA/TRINETRA_ML/standardized/positive/positive_000467.wav,positive,2.0,16000,1,16,0.00067,0.008,1.0,WARNING,Low signal RMS (0.00067); High silence ratio (1.00)
D:/HACK-PROJECTS/TRINETRA/TRINETRA_ML/standardized/positive/positive_000468.wav,positive,2.0,16000,1,16,0.00353,0.03745,0.9656,WARNING,Low signal RMS (0.00353); High silence ratio (0.97)
D:/HACK-PROJECTS/TRINETRA/TRINETRA_ML/standardized/positive/positive_000469.wav,positive,2.0,16000,1,16,0.03568,0.53729,0.857,OK,Passed all quality checks
D:/HACK-PROJECTS/TRINETRA/TRINETRA_ML/standardized/positive/positive_000470.wav,positive,2.0,16000,1,16,0.00142,0.0145,0.9985,WARNING,Low signal RMS (0.00142); High silence ratio (1.00)
D:/HACK-PROJECTS/TRINETRA/TRINETRA_ML/standardized/positive/positive_000471.wav,positive,2.0,16000,1,16,0.00031,0.00247,1.0,WARNING,Low signal RMS (0.00031); High silence ratio (1.00)
D:/HACK-PROJECTS/TRINETRA/TRINETRA_ML/standardized/positive/positive_000472.wav,positive,2.0,16000,1,16,0.01851,0.26846,0.8302,OK,Passed all quality checks
D:/HACK-PROJECTS/TRINETRA/TRINETRA_ML/standardized/positive/positive_000473.wav,positive,2.0,16000,1,16,0.0171,0.27228,0.9173,OK,Passed all quality checks
D:/HACK-PROJECTS/TRINETRA/TRINETRA_ML/standardized/positive/positive_000474.wav,positive,2.0,16000,1,16,0.00221,0.02649,0.9885,WARNING,Low signal RMS (0.00221); High silence ratio (0.99)
D:/HACK-PROJECTS/TRINETRA/TRINETRA_ML/standardized/positive/positive_000475.wav,positive,2.0,16000,1,16,0.0181,0.33398,0.93,OK,Passed all quality checks
D:/HACK-PROJECTS/TRINETRA/TRINETRA_ML/standardized/positive/positive_000476.wav,positive,2.0,16000,1,16,0.00616,0.09106,0.9513,WARNING,High silence ratio (0.95)
D:/HACK-PROJECTS/TRINETRA/TRINETRA_ML/standardized/positive/positive_000477.wav,positive,2.0,16000,1,16,0.00062,0.00739,1.0,WARNING,Low signal RMS (0.00062); High silence ratio (1.00)
D:/HACK-PROJECTS/TRINETRA/TRINETRA_ML/standardized/positive/positive_000478.wav,positive,2.0,16000,1,16,0.00091,0.00986,1.0,WARNING,Low signal RMS (0.00091); High silence ratio (1.00)
D:/HACK-PROJECTS/TRINETRA/TRINETRA_ML/standardized/positive/positive_000479.wav,positive,2.0,16000,1,16,0.0029,0.04205,0.9779,WARNING,Low signal RMS (0.00290); High silence ratio (0.98)
D:/HACK-PROJECTS/TRINETRA/TRINETRA_ML/standardized/positive/positive_000480.wav,positive,2.0,16000,1,16,0.00485,0.04504,0.9474,WARNING,Low signal RMS (0.00485)
D:/HACK-PROJECTS/TRINETRA/TRINETRA_ML/standardized/positive/positive_000481.wav,positive,2.0,16000,1,16,0.00093,0.00906,1.0,WARNING,Low signal RMS (0.00093); High silence ratio (1.00)
D:/HACK-PROJECTS/TRINETRA/TRINETRA_ML/standardized/positive/positive_000482.wav,positive,2.0,16000,1,16,0.00022,0.00577,1.0,WARNING,Low signal RMS (0.00022); High silence ratio (1.00)
D:/HACK-PROJECTS/TRINETRA/TRINETRA_ML/standardized/positive/positive_000483.wav,positive,2.0,16000,1,16,0.00623,0.09027,0.9534,WARNING,High silence ratio (0.95)
D:/HACK-PROJECTS/TRINETRA/TRINETRA_ML/standardized/positive/positive_000484.wav,positive,2.0,16000,1,16,0.01484,0.09552,0.8339,OK,Passed all quality checks
D:/HACK-PROJECTS/TRINETRA/TRINETRA_ML/standardized/positive/positive_000485.wav,positive,2.0,16000,1,16,0.01001,0.10446,0.9234,OK,Passed all quality checks
D:/HACK-PROJECTS/TRINETRA/TRINETRA_ML/standardized/positive/positive_000486.wav,positive,2.0,16000,1,16,0.01724,0.11499,0.8079,OK,Passed all quality checks
D:/HACK-PROJECTS/TRINETRA/TRINETRA_ML/standardized/positive/positive_000487.wav,positive,2.0,16000,1,16,0.01976,0.11383,0.7752,OK,Passed all quality checks
D:/HACK-PROJECTS/TRINETRA/TRINETRA_ML/standardized/positive/positive_000488.wav,positive,2.0,16000,1,16,0.00636,0.07764,0.9431,OK,Passed all quality checks
D:/HACK-PROJECTS/TRINETRA/TRINETRA_ML/standardized/positive/positive_000489.wav,positive,2.0,16000,1,16,0.00031,0.00308,1.0,WARNING,Low signal RMS (0.00031); High silence ratio (1.00)
D:/HACK-PROJECTS/TRINETRA/TRINETRA_ML/standardized/positive/positive_000490.wav,positive,2.0,16000,1,16,0.01751,0.17593,0.8107,OK,Passed all quality checks
D:/HACK-PROJECTS/TRINETRA/TRINETRA_ML/standardized/positive/positive_000491.wav,positive,2.0,16000,1,16,0.00069,0.00519,1.0,WARNING,Low signal RMS (0.00069); High silence ratio (1.00)
D:/HACK-PROJECTS/TRINETRA/TRINETRA_ML/standardized/positive/positive_000492.wav,positive,2.0,16000,1,16,0.00057,0.00815,1.0,WARNING,Low signal RMS (0.00057); High silence ratio (1.00)
D:/HACK-PROJECTS/TRINETRA/TRINETRA_ML/standardized/positive/positive_000493.wav,positive,2.0,16000,1,16,0.00765,0.08664,0.9244,OK,Passed all quality checks
D:/HACK-PROJECTS/TRINETRA/TRINETRA_ML/standardized/positive/positive_000494.wav,positive,2.0,16000,1,16,0.0049,0.10275,0.9711,WARNING,Low signal RMS (0.00490); High silence ratio (0.97)
D:/HACK-PROJECTS/TRINETRA/TRINETRA_ML/standardized/positive/positive_000495.wav,positive,2.0,16000,1,16,0.00022,0.00198,1.0,WARNING,Low signal RMS (0.00022); High silence ratio (1.00)
D:/HACK-PROJECTS/TRINETRA/TRINETRA_ML/standardized/positive/positive_000496.wav,positive,2.0,16000,1,16,0.00231,0.02774,0.9875,WARNING,Low signal RMS (0.00231); High silence ratio (0.99)
D:/HACK-PROJECTS/TRINETRA/TRINETRA_ML/standardized/positive/positive_000497.wav,positive,2.0,16000,1,16,0.0146,0.12402,0.813,OK,Passed all quality checks
D:/HACK-PROJECTS/TRINETRA/TRINETRA_ML/standardized/positive/positive_000498.wav,positive,2.0,16000,1,16,0.0144,0.14893,0.8317,OK,Passed all quality checks
D:/HACK-PROJECTS/TRINETRA/TRINETRA_ML/standardized/positive/positive_000499.wav,positive,2.0,16000,1,16,0.01378,0.13925,0.8502,OK,Passed all quality checks
D:/HACK-PROJECTS/TRINETRA/TRINETRA_ML/standardized/positive/positive_000500.wav,positive,2.0,16000,1,16,0.03032,0.1886,0.7419,OK,Passed all quality checks
D:/HACK-PROJECTS/TRINETRA/TRINETRA_ML/standardized/positive/positive_000501.wav,positive,2.0,16000,1,16,0.01454,0.13358,0.8768,OK,Passed all quality checks
D:/HACK-PROJECTS/TRINETRA/TRINETRA_ML/standardized/positive/positive_000502.wav,positive,2.0,16000,1,16,0.01779,0.14148,0.8649,OK,Passed all quality checks
D:/HACK-PROJECTS/TRINETRA/TRINETRA_ML/standardized/positive/positive_000503.wav,positive,2.0,16000,1,16,0.005,0.05408,0.9462,OK,Passed all quality checks
D:/HACK-PROJECTS/TRINETRA/TRINETRA_ML/standardized/positive/positive_000504.wav,positive,2.0,16000,1,16,0.00478,0.05231,0.9593,WARNING,Low signal RMS (0.00478); High silence ratio (0.96)
D:/HACK-PROJECTS/TRINETRA/TRINETRA_ML/standardized/positive/positive_000505.wav,positive,2.0,16000,1,16,0.00866,0.12317,0.9073,OK,Passed all quality checks
D:/HACK-PROJECTS/TRINETRA/TRINETRA_ML/standardized/positive/positive_000506.wav,positive,2.0,16000,1,16,0.01068,0.14594,0.9437,OK,Passed all quality checks
D:/HACK-PROJECTS/TRINETRA/TRINETRA_ML/standardized/positive/positive_000507.wav,positive,2.0,16000,1,16,0.00791,0.1265,0.9267,OK,Passed all quality checks
D:/HACK-PROJECTS/TRINETRA/TRINETRA_ML/standardized/positive/positive_000508.wav,positive,2.0,16000,1,16,0.01671,0.14673,0.7178,OK,Passed all quality checks
D:/HACK-PROJECTS/TRINETRA/TRINETRA_ML/standardized/positive/positive_000509.wav,positive,2.0,16000,1,16,0.02351,0.22852,0.8326,OK,Passed all quality checks
D:/HACK-PROJECTS/TRINETRA/TRINETRA_ML/standardized/positive/positive_000510.wav,positive,2.0,16000,1,16,0.01278,0.19388,0.8945,OK,Passed all quality checks
D:/HACK-PROJECTS/TRINETRA/TRINETRA_ML/standardized/positive/positive_000511.wav,positive,2.0,16000,1,16,0.01009,0.11377,0.9016,OK,Passed all quality checks
D:/HACK-PROJECTS/TRINETRA/TRINETRA_ML/standardized/positive/positive_000512.wav,positive,2.0,16000,1,16,0.02229,0.15381,0.7092,OK,Passed all quality checks
D:/HACK-PROJECTS/TRINETRA/TRINETRA_ML/standardized/positive/positive_000513.wav,positive,2.0,16000,1,16,0.00075,0.02094,0.9989,WARNING,Low signal RMS (0.00075); High silence ratio (1.00)
D:/HACK-PROJECTS/TRINETRA/TRINETRA_ML/standardized/positive/positive_000514.wav,positive,2.0,16000,1,16,0.03129,0.29593,0.7812,OK,Passed all quality checks
D:/HACK-PROJECTS/TRINETRA/TRINETRA_ML/standardized/positive/positive_000515.wav,positive,2.0,16000,1,16,0.02191,0.2171,0.838,OK,Passed all quality checks
D:/HACK-PROJECTS/TRINETRA/TRINETRA_ML/standardized/positive/positive_000516.wav,positive,2.0,16000,1,16,0.04516,0.34769,0.7587,OK,Passed all quality checks
D:/HACK-PROJECTS/TRINETRA/TRINETRA_ML/standardized/positive/positive_000517.wav,positive,2.0,16000,1,16,0.03904,0.28754,0.769,OK,Passed all quality checks
D:/HACK-PROJECTS/TRINETRA/TRINETRA_ML/standardized/positive/positive_000518.wav,positive,2.0,16000,1,16,0.08194,0.26358,0.5202,OK,Passed all quality checks
D:/HACK-PROJECTS/TRINETRA/TRINETRA_ML/standardized/positive/positive_000519.wav,positive,2.0,16000,1,16,0.00822,0.1171,0.9162,OK,Passed all quality checks
D:/HACK-PROJECTS/TRINETRA/TRINETRA_ML/standardized/positive/positive_000520.wav,positive,2.0,16000,1,16,0.03425,0.42932,0.7686,OK,Passed all quality checks
D:/HACK-PROJECTS/TRINETRA/TRINETRA_ML/standardized/positive/positive_000521.wav,positive,2.0,16000,1,16,0.0078,0.11377,0.9142,OK,Passed all quality checks
D:/HACK-PROJECTS/TRINETRA/TRINETRA_ML/standardized/positive/positive_000522.wav,positive,2.0,16000,1,16,0.00328,0.03363,0.97,WARNING,Low signal RMS (0.00328); High silence ratio (0.97)
D:/HACK-PROJECTS/TRINETRA/TRINETRA_ML/standardized/positive/positive_000523.wav,positive,2.0,16000,1,16,0.05389,0.40662,0.6818,OK,Passed all quality checks
D:/HACK-PROJECTS/TRINETRA/TRINETRA_ML/standardized/positive/positive_000524.wav,positive,2.0,16000,1,16,0.04119,0.32416,0.7655,OK,Passed all quality checks
D:/HACK-PROJECTS/TRINETRA/TRINETRA_ML/standardized/positive/positive_000525.wav,positive,2.0,16000,1,16,0.05406,0.56284,0.844,OK,Passed all quality checks
D:/HACK-PROJECTS/TRINETRA/TRINETRA_ML/standardized/positive/positive_000526.wav,positive,2.0,16000,1,16,0.06385,0.43079,0.6271,OK,Passed all quality checks
D:/HACK-PROJECTS/TRINETRA/TRINETRA_ML/standardized/positive/positive_000527.wav,positive,2.0,16000,1,16,0.01571,0.19299,0.7837,OK,Passed all quality checks
D:/HACK-PROJECTS/TRINETRA/TRINETRA_ML/standardized/positive/positive_000528.wav,positive,2.0,16000,1,16,0.00233,0.03461,0.9872,WARNING,Low signal RMS (0.00233); High silence ratio (0.99)
D:/HACK-PROJECTS/TRINETRA/TRINETRA_ML/standardized/positive/positive_000529.wav,positive,2.0,16000,1,16,0.03204,0.23355,0.6435,OK,Passed all quality checks
D:/HACK-PROJECTS/TRINETRA/TRINETRA_ML/standardized/positive/positive_000530.wav,positive,2.0,16000,1,16,0.00066,0.00967,1.0,WARNING,Low signal RMS (0.00066); High silence ratio (1.00)
D:/HACK-PROJECTS/TRINETRA/TRINETRA_ML/standardized/positive/positive_000531.wav,positive,2.0,16000,1,16,0.01277,0.14227,0.8733,OK,Passed all quality checks
D:/HACK-PROJECTS/TRINETRA/TRINETRA_ML/standardized/positive/positive_000532.wav,positive,2.0,16000,1,16,0.00564,0.13745,0.9714,WARNING,High silence ratio (0.97)
D:/HACK-PROJECTS/TRINETRA/TRINETRA_ML/standardized/positive/positive_000533.wav,positive,2.0,16000,1,16,0.0077,0.20343,0.9529,WARNING,High silence ratio (0.95)
D:/HACK-PROJECTS/TRINETRA/TRINETRA_ML/standardized/positive/positive_000534.wav,positive,2.0,16000,1,16,0.01592,0.18787,0.8344,OK,Passed all quality checks
D:/HACK-PROJECTS/TRINETRA/TRINETRA_ML/standardized/positive/positive_000535.wav,positive,2.0,16000,1,16,0.0153,0.14688,0.8204,OK,Passed all quality checks
D:/HACK-PROJECTS/TRINETRA/TRINETRA_ML/standardized/positive/positive_000536.wav,positive,2.0,16000,1,16,0.0171,0.23923,0.8512,OK,Passed all quality checks
D:/HACK-PROJECTS/TRINETRA/TRINETRA_ML/standardized/positive/positive_000537.wav,positive,2.0,16000,1,16,0.01293,0.13776,0.9357,OK,Passed all quality checks
D:/HACK-PROJECTS/TRINETRA/TRINETRA_ML/standardized/positive/positive_000538.wav,positive,2.0,16000,1,16,0.04508,0.31271,0.7729,OK,Passed all quality checks
D:/HACK-PROJECTS/TRINETRA/TRINETRA_ML/standardized/positive/positive_000539.wav,positive,2.0,16000,1,16,0.01735,0.12708,0.8409,OK,Passed all quality checks
D:/HACK-PROJECTS/TRINETRA/TRINETRA_ML/standardized/positive/positive_000540.wav,positive,2.0,16000,1,16,0.00907,0.10434,0.8371,OK,Passed all quality checks
D:/HACK-PROJECTS/TRINETRA/TRINETRA_ML/standardized/positive/positive_000541.wav,positive,2.0,16000,1,16,0.01445,0.15637,0.8616,OK,Passed all quality checks
D:/HACK-PROJECTS/TRINETRA/TRINETRA_ML/standardized/positive/positive_000542.wav,positive,2.0,16000,1,16,0.03261,0.39301,0.8192,OK,Passed all quality checks
D:/HACK-PROJECTS/TRINETRA/TRINETRA_ML/standardized/positive/positive_000543.wav,positive,2.0,16000,1,16,0.00024,0.00333,1.0,WARNING,Low signal RMS (0.00024); High silence ratio (1.00)
D:/HACK-PROJECTS/TRINETRA/TRINETRA_ML/standardized/similar/similar_000001.wav,similar,1.385375,16000,1,16,0.0806,0.52869,0.5585,OK,Passed all quality checks
D:/HACK-PROJECTS/TRINETRA/TRINETRA_ML/standardized/similar/similar_000002.wav,similar,0.873375,16000,1,16,0.08484,0.33252,0.5703,OK,Passed all quality checks
D:/HACK-PROJECTS/TRINETRA/TRINETRA_ML/standardized/similar/similar_000003.wav,similar,0.788,16000,1,16,0.09376,0.3992,0.4645,OK,Passed all quality checks
D:/HACK-PROJECTS/TRINETRA/TRINETRA_ML/standardized/similar/similar_000004.wav,similar,1.129375,16000,1,16,0.06038,0.50931,0.718,OK,Passed all quality checks
D:/HACK-PROJECTS/TRINETRA/TRINETRA_ML/standardized/similar/similar_000005.wav,similar,0.788,16000,1,16,0.11271,0.59457,0.5149,OK,Passed all quality checks
D:/HACK-PROJECTS/TRINETRA/TRINETRA_ML/standardized/similar/similar_000006.wav,similar,1.3,16000,1,16,0.05415,0.37054,0.7187,OK,Passed all quality checks
D:/HACK-PROJECTS/TRINETRA/TRINETRA_ML/standardized/similar/similar_000007.wav,similar,1.3,16000,1,16,0.06849,0.41101,0.5936,OK,Passed all quality checks
D:/HACK-PROJECTS/TRINETRA/TRINETRA_ML/standardized/similar/similar_000008.wav,similar,0.788,16000,1,16,0.0581,0.28018,0.5232,OK,Passed all quality checks
D:/HACK-PROJECTS/TRINETRA/TRINETRA_ML/standardized/similar/similar_000009.wav,similar,1.3,16000,1,16,0.10258,0.55176,0.4572,OK,Passed all quality checks
D:/HACK-PROJECTS/TRINETRA/TRINETRA_ML/standardized/similar/similar_000010.wav,similar,1.2146875,16000,1,16,0.09424,0.74567,0.687,OK,Passed all quality checks
D:/HACK-PROJECTS/TRINETRA/TRINETRA_ML/standardized/similar/similar_000011.wav,similar,1.4706875,16000,1,16,0.08453,0.72031,0.6763,OK,Passed all quality checks
D:/HACK-PROJECTS/TRINETRA/TRINETRA_ML/standardized/similar/similar_000012.wav,similar,1.556,16000,1,16,0.07534,0.47552,0.6493,OK,Passed all quality checks
D:/HACK-PROJECTS/TRINETRA/TRINETRA_ML/standardized/similar/similar_000013.wav,similar,0.788,16000,1,16,0.11421,0.42178,0.3121,OK,Passed all quality checks
D:/HACK-PROJECTS/TRINETRA/TRINETRA_ML/standardized/similar/similar_000014.wav,similar,0.788,16000,1,16,0.0855,0.56711,0.5079,OK,Passed all quality checks
D:/HACK-PROJECTS/TRINETRA/TRINETRA_ML/standardized/similar/similar_000015.wav,similar,1.129375,16000,1,16,0.0998,0.7084,0.583,OK,Passed all quality checks
D:/HACK-PROJECTS/TRINETRA/TRINETRA_ML/standardized/similar/similar_000016.wav,similar,1.044,16000,1,16,0.07282,0.70001,0.7001,OK,Passed all quality checks
D:/HACK-PROJECTS/TRINETRA/TRINETRA_ML/standardized/similar/similar_000017.wav,similar,0.9586875,16000,1,16,0.0927,0.51605,0.6032,OK,Passed all quality checks
D:/HACK-PROJECTS/TRINETRA/TRINETRA_ML/standardized/similar/similar_000018.wav,similar,1.044,16000,1,16,0.10076,0.52924,0.3605,OK,Passed all quality checks
D:/HACK-PROJECTS/TRINETRA/TRINETRA_ML/standardized/similar/similar_000019.wav,similar,1.2146875,16000,1,16,0.10759,0.47076,0.3521,OK,Passed all quality checks
D:/HACK-PROJECTS/TRINETRA/TRINETRA_ML/standardized/similar/similar_000020.wav,similar,0.9586875,16000,1,16,0.10478,0.55597,0.5204,OK,Passed all quality checks
D:/HACK-PROJECTS/TRINETRA/TRINETRA_ML/standardized/similar/similar_000021.wav,similar,0.9586875,16000,1,16,0.10607,0.72232,0.5338,OK,Passed all quality checks
D:/HACK-PROJECTS/TRINETRA/TRINETRA_ML/standardized/similar/similar_000022.wav,similar,1.044,16000,1,16,0.11995,0.63715,0.546,OK,Passed all quality checks
D:/HACK-PROJECTS/TRINETRA/TRINETRA_ML/standardized/similar/similar_000023.wav,similar,1.2146875,16000,1,16,0.06091,0.33081,0.6497,OK,Passed all quality checks
D:/HACK-PROJECTS/TRINETRA/TRINETRA_ML/standardized/similar/similar_000024.wav,similar,0.873375,16000,1,16,0.09667,0.5961,0.4389,OK,Passed all quality checks
D:/HACK-PROJECTS/TRINETRA/TRINETRA_ML/standardized/similar/similar_000025.wav,similar,1.3,16000,1,16,0.06728,0.52396,0.6262,OK,Passed all quality checks
D:/HACK-PROJECTS/TRINETRA/TRINETRA_ML/standardized/similar/similar_000026.wav,similar,1.2146875,16000,1,16,0.07351,0.51926,0.5573,OK,Passed all quality checks
D:/HACK-PROJECTS/TRINETRA/TRINETRA_ML/standardized/similar/similar_000027.wav,similar,1.044,16000,1,16,0.06611,0.36514,0.5789,OK,Passed all quality checks
D:/HACK-PROJECTS/TRINETRA/TRINETRA_ML/standardized/similar/similar_000028.wav,similar,1.2146875,16000,1,16,0.10607,0.58466,0.4932,OK,Passed all quality checks
D:/HACK-PROJECTS/TRINETRA/TRINETRA_ML/standardized/similar/similar_000029.wav,similar,1.3,16000,1,16,0.06894,0.42764,0.6436,OK,Passed all quality checks
D:/HACK-PROJECTS/TRINETRA/TRINETRA_ML/standardized/similar/similar_000030.wav,similar,1.385375,16000,1,16,0.07236,0.54144,0.6002,OK,Passed all quality checks
D:/HACK-PROJECTS/TRINETRA/TRINETRA_ML/standardized/similar/similar_000031.wav,similar,1.3,16000,1,16,0.0645,0.58765,0.736,OK,Passed all quality checks
D:/HACK-PROJECTS/TRINETRA/TRINETRA_ML/standardized/similar/similar_000032.wav,similar,0.873375,16000,1,16,0.07697,0.33768,0.6473,OK,Passed all quality checks
D:/HACK-PROJECTS/TRINETRA/TRINETRA_ML/standardized/similar/similar_000033.wav,similar,1.129375,16000,1,16,0.0728,0.33063,0.5353,OK,Passed all quality checks
D:/HACK-PROJECTS/TRINETRA/TRINETRA_ML/standardized/similar/similar_000034.wav,similar,0.9586875,16000,1,16,0.06739,0.44965,0.6722,OK,Passed all quality checks
D:/HACK-PROJECTS/TRINETRA/TRINETRA_ML/standardized/similar/similar_000035.wav,similar,1.556,16000,1,16,0.0489,0.23251,0.4424,OK,Passed all quality checks
D:/HACK-PROJECTS/TRINETRA/TRINETRA_ML/standardized/similar/similar_000036.wav,similar,0.873375,16000,1,16,0.10536,0.47882,0.2432,OK,Passed all quality checks
D:/HACK-PROJECTS/TRINETRA/TRINETRA_ML/standardized/similar/similar_000037.wav,similar,0.9586875,16000,1,16,0.08189,0.36859,0.456,OK,Passed all quality checks
D:/HACK-PROJECTS/TRINETRA/TRINETRA_ML/standardized/similar/similar_000038.wav,similar,1.2146875,16000,1,16,0.07214,0.43066,0.6743,OK,Passed all quality checks
D:/HACK-PROJECTS/TRINETRA/TRINETRA_ML/standardized/similar/similar_000039.wav,similar,1.2146875,16000,1,16,0.05736,0.56448,0.7597,OK,Passed all quality checks
D:/HACK-PROJECTS/TRINETRA/TRINETRA_ML/standardized/similar/similar_000040.wav,similar,0.9586875,16000,1,16,0.04522,0.39618,0.7117,OK,Passed all quality checks
D:/HACK-PROJECTS/TRINETRA/TRINETRA_ML/standardized/similar/similar_000041.wav,similar,0.873375,16000,1,16,0.04866,0.29288,0.6686,OK,Passed all quality checks
D:/HACK-PROJECTS/TRINETRA/TRINETRA_ML/standardized/similar/similar_000042.wav,similar,1.4706875,16000,1,16,0.04567,0.23312,0.7562,OK,Passed all quality checks
D:/HACK-PROJECTS/TRINETRA/TRINETRA_ML/standardized/similar/similar_000043.wav,similar,1.129375,16000,1,16,0.0565,0.39099,0.5612,OK,Passed all quality checks
D:/HACK-PROJECTS/TRINETRA/TRINETRA_ML/standardized/similar/similar_000044.wav,similar,1.556,16000,1,16,0.04986,0.27393,0.5821,OK,Passed all quality checks
D:/HACK-PROJECTS/TRINETRA/TRINETRA_ML/standardized/similar/similar_000045.wav,similar,1.3,16000,1,16,0.06579,0.44113,0.6179,OK,Passed all quality checks
D:/HACK-PROJECTS/TRINETRA/TRINETRA_ML/standardized/similar/similar_000046.wav,similar,1.044,16000,1,16,0.05112,0.23608,0.6381,OK,Passed all quality checks
D:/HACK-PROJECTS/TRINETRA/TRINETRA_ML/standardized/similar/similar_000047.wav,similar,1.044,16000,1,16,0.07801,0.37442,0.4412,OK,Passed all quality checks
D:/HACK-PROJECTS/TRINETRA/TRINETRA_ML/standardized/similar/similar_000048.wav,similar,1.3,16000,1,16,0.06556,0.36734,0.4261,OK,Passed all quality checks
D:/HACK-PROJECTS/TRINETRA/TRINETRA_ML/standardized/similar/similar_000049.wav,similar,1.3,16000,1,16,0.0618,0.33572,0.5657,OK,Passed all quality checks
D:/HACK-PROJECTS/TRINETRA/TRINETRA_ML/standardized/similar/similar_000050.wav,similar,1.556,16000,1,16,0.06425,0.32394,0.5632,OK,Passed all quality checks
D:/HACK-PROJECTS/TRINETRA/TRINETRA_ML/standardized/similar/similar_000051.wav,similar,1.641375,16000,1,16,0.03564,0.25705,0.7765,OK,Passed all quality checks
D:/HACK-PROJECTS/TRINETRA/TRINETRA_ML/standardized/similar/similar_000052.wav,similar,1.044,16000,1,16,0.04198,0.26025,0.617,OK,Passed all quality checks
D:/HACK-PROJECTS/TRINETRA/TRINETRA_ML/standardized/similar/similar_000053.wav,similar,1.2146875,16000,1,16,0.06728,0.29248,0.6039,OK,Passed all quality checks
D:/HACK-PROJECTS/TRINETRA/TRINETRA_ML/standardized/similar/similar_000054.wav,similar,0.873375,16000,1,16,0.0511,0.30551,0.6259,OK,Passed all quality checks
D:/HACK-PROJECTS/TRINETRA/TRINETRA_ML/standardized/similar/similar_000055.wav,similar,0.9586875,16000,1,16,0.08616,0.42087,0.6131,OK,Passed all quality checks
D:/HACK-PROJECTS/TRINETRA/TRINETRA_ML/standardized/similar/similar_000056.wav,similar,0.788,16000,1,16,0.06066,0.45071,0.7692,OK,Passed all quality checks
D:/HACK-PROJECTS/TRINETRA/TRINETRA_ML/standardized/similar/similar_000057.wav,similar,1.385375,16000,1,16,0.07069,0.27478,0.664,OK,Passed all quality checks
D:/HACK-PROJECTS/TRINETRA/TRINETRA_ML/standardized/similar/similar_000058.wav,similar,0.7026875,16000,1,16,0.0614,0.27631,0.4352,OK,Passed all quality checks
D:/HACK-PROJECTS/TRINETRA/TRINETRA_ML/standardized/similar/similar_000059.wav,similar,0.9586875,16000,1,16,0.04519,0.19186,0.6321,OK,Passed all quality checks
D:/HACK-PROJECTS/TRINETRA/TRINETRA_ML/standardized/similar/similar_000060.wav,similar,0.873375,16000,1,16,0.06543,0.42001,0.5678,OK,Passed all quality checks
D:/HACK-PROJECTS/TRINETRA/TRINETRA_ML/standardized/similar/similar_000061.wav,similar,1.2146875,16000,1,16,0.05188,0.31775,0.7117,OK,Passed all quality checks
D:/HACK-PROJECTS/TRINETRA/TRINETRA_ML/standardized/similar/similar_000062.wav,similar,1.3,16000,1,16,0.09794,0.5983,0.5616,OK,Passed all quality checks
D:/HACK-PROJECTS/TRINETRA/TRINETRA_ML/standardized/similar/similar_000063.wav,similar,0.788,16000,1,16,0.06783,0.31003,0.415,OK,Passed all quality checks
D:/HACK-PROJECTS/TRINETRA/TRINETRA_ML/standardized/similar/similar_000064.wav,similar,1.641375,16000,1,16,0.08459,0.61063,0.6848,OK,Passed all quality checks
D:/HACK-PROJECTS/TRINETRA/TRINETRA_ML/standardized/similar/similar_000065.wav,similar,1.556,16000,1,16,0.10519,0.6066,0.6101,OK,Passed all quality checks
D:/HACK-PROJECTS/TRINETRA/TRINETRA_ML/standardized/similar/similar_000066.wav,similar,1.3,16000,1,16,0.09178,0.58694,0.6469,OK,Passed all quality checks
D:/HACK-PROJECTS/TRINETRA/TRINETRA_ML/standardized/similar/similar_000067.wav,similar,1.641375,16000,1,16,0.08083,0.46191,0.6889,OK,Passed all quality checks
D:/HACK-PROJECTS/TRINETRA/TRINETRA_ML/standardized/similar/similar_000068.wav,similar,1.385375,16000,1,16,0.07456,0.42456,0.7267,OK,Passed all quality checks
D:/HACK-PROJECTS/TRINETRA/TRINETRA_ML/standardized/similar/similar_000069.wav,similar,1.129375,16000,1,16,0.08208,0.44205,0.5649,OK,Passed all quality checks
D:/HACK-PROJECTS/TRINETRA/TRINETRA_ML/standardized/similar/similar_000070.wav,similar,1.129375,16000,1,16,0.0795,0.59393,0.6668,OK,Passed all quality checks
D:/HACK-PROJECTS/TRINETRA/TRINETRA_ML/standardized/similar/similar_000071.wav,similar,1.129375,16000,1,16,0.06538,0.39075,0.5651,OK,Passed all quality checks
D:/HACK-PROJECTS/TRINETRA/TRINETRA_ML/standardized/similar/similar_000072.wav,similar,1.044,16000,1,16,0.08819,0.50818,0.57,OK,Passed all quality checks
D:/HACK-PROJECTS/TRINETRA/TRINETRA_ML/standardized/similar/similar_000073.wav,similar,1.129375,16000,1,16,0.04404,0.2742,0.6262,OK,Passed all quality checks
D:/HACK-PROJECTS/TRINETRA/TRINETRA_ML/standardized/similar/similar_000074.wav,similar,0.873375,16000,1,16,0.05552,0.28613,0.6466,OK,Passed all quality checks
D:/HACK-PROJECTS/TRINETRA/TRINETRA_ML/standardized/similar/similar_000075.wav,similar,1.2146875,16000,1,16,0.08322,0.39087,0.5294,OK,Passed all quality checks
D:/HACK-PROJECTS/TRINETRA/TRINETRA_ML/standardized/similar/similar_000076.wav,similar,1.3,16000,1,16,0.0859,0.43225,0.6813,OK,Passed all quality checks
D:/HACK-PROJECTS/TRINETRA/TRINETRA_ML/standardized/similar/similar_000077.wav,similar,0.788,16000,1,16,0.05351,0.20718,0.5235,OK,Passed all quality checks
D:/HACK-PROJECTS/TRINETRA/TRINETRA_ML/standardized/similar/similar_000078.wav,similar,0.873375,16000,1,16,0.07318,0.267,0.3709,OK,Passed all quality checks
D:/HACK-PROJECTS/TRINETRA/TRINETRA_ML/standardized/similar/similar_000079.wav,similar,1.4706875,16000,1,16,0.10432,0.61502,0.5189,OK,Passed all quality checks
D:/HACK-PROJECTS/TRINETRA/TRINETRA_ML/standardized/similar/similar_000080.wav,similar,0.873375,16000,1,16,0.09874,0.42914,0.4569,OK,Passed all quality checks
D:/HACK-PROJECTS/TRINETRA/TRINETRA_ML/standardized/similar/similar_000081.wav,similar,1.2146875,16000,1,16,0.10803,0.53732,0.4046,OK,Passed all quality checks
D:/HACK-PROJECTS/TRINETRA/TRINETRA_ML/standardized/similar/similar_000082.wav,similar,1.3,16000,1,16,0.074,0.49802,0.6534,OK,Passed all quality checks
D:/HACK-PROJECTS/TRINETRA/TRINETRA_ML/standardized/similar/similar_000083.wav,similar,0.873375,16000,1,16,0.09614,0.37524,0.4714,OK,Passed all quality checks
D:/HACK-PROJECTS/TRINETRA/TRINETRA_ML/standardized/similar/similar_000084.wav,similar,1.2146875,16000,1,16,0.06503,0.35733,0.7153,OK,Passed all quality checks
D:/HACK-PROJECTS/TRINETRA/TRINETRA_ML/standardized/similar/similar_000085.wav,similar,0.873375,16000,1,16,0.06909,0.24915,0.6482,OK,Passed all quality checks
D:/HACK-PROJECTS/TRINETRA/TRINETRA_ML/standardized/similar/similar_000086.wav,similar,1.2146875,16000,1,16,0.09288,0.35803,0.5428,OK,Passed all quality checks
D:/HACK-PROJECTS/TRINETRA/TRINETRA_ML/standardized/similar/similar_000087.wav,similar,0.7026875,16000,1,16,0.08243,0.30347,0.489,OK,Passed all quality checks
D:/HACK-PROJECTS/TRINETRA/TRINETRA_ML/standardized/similar/similar_000088.wav,similar,1.044,16000,1,16,0.08871,0.40051,0.6178,OK,Passed all quality checks
D:/HACK-PROJECTS/TRINETRA/TRINETRA_ML/standardized/similar/similar_000089.wav,similar,1.044,16000,1,16,0.07203,0.30432,0.5157,OK,Passed all quality checks
D:/HACK-PROJECTS/TRINETRA/TRINETRA_ML/standardized/similar/similar_000090.wav,similar,0.9586875,16000,1,16,0.09728,0.42542,0.3758,OK,Passed all quality checks
D:/HACK-PROJECTS/TRINETRA/TRINETRA_ML/standardized/similar/similar_000091.wav,similar,0.9586875,16000,1,16,0.09825,0.45496,0.4363,OK,Passed all quality checks
D:/HACK-PROJECTS/TRINETRA/TRINETRA_ML/standardized/similar/similar_000092.wav,similar,1.3,16000,1,16,0.08402,0.49622,0.6417,OK,Passed all quality checks
D:/HACK-PROJECTS/TRINETRA/TRINETRA_ML/standardized/similar/similar_000093.wav,similar,0.9586875,16000,1,16,0.07116,0.44556,0.7397,OK,Passed all quality checks
D:/HACK-PROJECTS/TRINETRA/TRINETRA_ML/standardized/similar/similar_000094.wav,similar,1.2146875,16000,1,16,0.05359,0.32687,0.7348,OK,Passed all quality checks
D:/HACK-PROJECTS/TRINETRA/TRINETRA_ML/standardized/similar/similar_000095.wav,similar,0.873375,16000,1,16,0.10777,0.42538,0.4403,OK,Passed all quality checks
D:/HACK-PROJECTS/TRINETRA/TRINETRA_ML/standardized/similar/similar_000096.wav,similar,1.044,16000,1,16,0.0919,0.46405,0.4325,OK,Passed all quality checks
D:/HACK-PROJECTS/TRINETRA/TRINETRA_ML/standardized/similar/similar_000097.wav,similar,0.788,16000,1,16,0.10533,0.39612,0.4607,OK,Passed all quality checks
D:/HACK-PROJECTS/TRINETRA/TRINETRA_ML/standardized/similar/similar_000098.wav,similar,1.129375,16000,1,16,0.11815,0.43982,0.3198,OK,Passed all quality checks
D:/HACK-PROJECTS/TRINETRA/TRINETRA_ML/standardized/similar/similar_000099.wav,similar,2.153375,16000,1,16,0.05662,0.45728,0.7313,OK,Passed all quality checks
D:/HACK-PROJECTS/TRINETRA/TRINETRA_ML/standardized/similar/similar_000100.wav,similar,0.9586875,16000,1,16,0.07562,0.42725,0.3938,OK,Passed all quality checks
D:/HACK-PROJECTS/TRINETRA/TRINETRA_ML/standardized/similar/similar_000101.wav,similar,0.788,16000,1,16,0.12674,0.59052,0.1687,OK,Passed all quality checks
D:/HACK-PROJECTS/TRINETRA/TRINETRA_ML/standardized/similar/similar_000102.wav,similar,0.873375,16000,1,16,0.0979,0.44989,0.4058,OK,Passed all quality checks
D:/HACK-PROJECTS/TRINETRA/TRINETRA_ML/standardized/similar/similar_000103.wav,similar,1.385375,16000,1,16,0.07667,0.37549,0.4528,OK,Passed all quality checks
D:/HACK-PROJECTS/TRINETRA/TRINETRA_ML/standardized/similar/similar_000104.wav,similar,1.385375,16000,1,16,0.07169,0.36517,0.6294,OK,Passed all quality checks
D:/HACK-PROJECTS/TRINETRA/TRINETRA_ML/standardized/similar/similar_000105.wav,similar,1.3,16000,1,16,0.09497,0.36243,0.3205,OK,Passed all quality checks
D:/HACK-PROJECTS/TRINETRA/TRINETRA_ML/standardized/similar/similar_000106.wav,similar,1.129375,16000,1,16,0.10219,0.59662,0.5292,OK,Passed all quality checks
D:/HACK-PROJECTS/TRINETRA/TRINETRA_ML/standardized/similar/similar_000107.wav,similar,0.873375,16000,1,16,0.05672,0.27142,0.5794,OK,Passed all quality checks
D:/HACK-PROJECTS/TRINETRA/TRINETRA_ML/standardized/similar/similar_000108.wav,similar,1.2146875,16000,1,16,0.09131,0.35696,0.4037,OK,Passed all quality checks
D:/HACK-PROJECTS/TRINETRA/TRINETRA_ML/standardized/similar/similar_000109.wav,similar,1.2146875,16000,1,16,0.08686,0.45807,0.6585,OK,Passed all quality checks
D:/HACK-PROJECTS/TRINETRA/TRINETRA_ML/standardized/similar/similar_000110.wav,similar,1.2146875,16000,1,16,0.07737,0.50732,0.5526,OK,Passed all quality checks
D:/HACK-PROJECTS/TRINETRA/TRINETRA_ML/standardized/similar/similar_000111.wav,similar,1.4706875,16000,1,16,0.08555,0.5267,0.5033,OK,Passed all quality checks
D:/HACK-PROJECTS/TRINETRA/TRINETRA_ML/standardized/similar/similar_000112.wav,similar,1.385375,16000,1,16,0.0971,0.45319,0.4579,OK,Passed all quality checks
D:/HACK-PROJECTS/TRINETRA/TRINETRA_ML/standardized/similar/similar_000113.wav,similar,1.044,16000,1,16,0.09715,0.25891,0.3855,OK,Passed all quality checks
D:/HACK-PROJECTS/TRINETRA/TRINETRA_ML/standardized/similar/similar_000114.wav,similar,1.129375,16000,1,16,0.05412,0.49112,0.7575,OK,Passed all quality checks
D:/HACK-PROJECTS/TRINETRA/TRINETRA_ML/standardized/similar/similar_000115.wav,similar,1.129375,16000,1,16,0.05153,0.31995,0.6325,OK,Passed all quality checks
D:/HACK-PROJECTS/TRINETRA/TRINETRA_ML/standardized/similar/similar_000116.wav,similar,1.385375,16000,1,16,0.05238,0.28299,0.5856,OK,Passed all quality checks
D:/HACK-PROJECTS/TRINETRA/TRINETRA_ML/standardized/similar/similar_000117.wav,similar,1.3,16000,1,16,0.05865,0.30096,0.6993,OK,Passed all quality checks
D:/HACK-PROJECTS/TRINETRA/TRINETRA_ML/standardized/similar/similar_000118.wav,similar,0.873375,16000,1,16,0.06813,0.37573,0.6178,OK,Passed all quality checks
D:/HACK-PROJECTS/TRINETRA/TRINETRA_ML/standardized/similar/similar_000119.wav,similar,1.7266875,16000,1,16,0.06129,0.4642,0.6842,OK,Passed all quality checks
D:/HACK-PROJECTS/TRINETRA/TRINETRA_ML/standardized/similar/similar_000120.wav,similar,0.873375,16000,1,16,0.07533,0.37915,0.6624,OK,Passed all quality checks
D:/HACK-PROJECTS/TRINETRA/TRINETRA_ML/standardized/similar/similar_000121.wav,similar,1.3,16000,1,16,0.05907,0.47818,0.6738,OK,Passed all quality checks
D:/HACK-PROJECTS/TRINETRA/TRINETRA_ML/standardized/similar/similar_000122.wav,similar,1.641375,16000,1,16,0.02917,0.32788,0.8873,OK,Passed all quality checks
D:/HACK-PROJECTS/TRINETRA/TRINETRA_ML/standardized/similar/similar_000123.wav,similar,1.7266875,16000,1,16,0.08401,0.65579,0.6599,OK,Passed all quality checks
D:/HACK-PROJECTS/TRINETRA/TRINETRA_ML/standardized/similar/similar_000124.wav,similar,1.9826875,16000,1,16,0.08039,0.66663,0.7764,OK,Passed all quality checks
D:/HACK-PROJECTS/TRINETRA/TRINETRA_ML/standardized/similar/similar_000125.wav,similar,1.9826875,16000,1,16,0.08039,0.66663,0.7764,OK,Passed all quality checks
D:/HACK-PROJECTS/TRINETRA/TRINETRA_ML/standardized/similar/similar_000126.wav,similar,1.812,16000,1,16,0.08258,0.60049,0.7496,OK,Passed all quality checks
D:/HACK-PROJECTS/TRINETRA/TRINETRA_ML/standardized/similar/similar_000127.wav,similar,1.9826875,16000,1,16,0.07789,0.65103,0.7571,OK,Passed all quality checks
D:/HACK-PROJECTS/TRINETRA/TRINETRA_ML/standardized/similar/similar_000128.wav,similar,1.4706875,16000,1,16,0.10291,0.61755,0.6817,OK,Passed all quality checks
D:/HACK-PROJECTS/TRINETRA/TRINETRA_ML/standardized/similar/similar_000129.wav,similar,1.9826875,16000,1,16,0.09941,0.60181,0.6882,OK,Passed all quality checks
D:/HACK-PROJECTS/TRINETRA/TRINETRA_ML/standardized/similar/similar_000130.wav,similar,1.4706875,16000,1,16,0.09074,0.60446,0.6246,OK,Passed all quality checks
D:/HACK-PROJECTS/TRINETRA/TRINETRA_ML/standardized/similar/similar_000131.wav,similar,1.4706875,16000,1,16,0.05996,0.48456,0.7184,OK,Passed all quality checks
